{"type": "FeatureCollection", "features": [{"type": "Feature", "geometry": {"type": "Polygon", "coordinates": [[[6.2552, 276.7974], [6.2552, 275.7524], [6.2552, 275.2524], [6.2552, 273.6024], [6.2552, 272.7924], [15.3752, 272.7924], [15.3752, 273.6024], [15.3752, 275.2524], [15.3752, 275.7524], [15.3752, 276.7974], [6.2552, 276.7974]]]}, "properties": {"room_id": "AD-103", "building_id": "AD", "floor": 1}}, {"type": "Feature", "geometry": {"type": "Polygon", "coordinates": [[[-82.4348, 266.0124], [-89.9348, 266.0124], [-89.9348, 265.2024], [-89.9348, 261.4124], [-82.4348, 261.4124], [-82.4348, 265.1949], [-82.4348, 265.2024], [-82.4348, 266.0124]]]}, "properties": {"room_id": "AD-104", "building_id": "AD", "floor": 1}}, {"type": "Feature", "geometry": {"type": "Polygon", "coordinates": [[[-48.972, 259.7019], [-50.117, 256.6176], [-37.2733, 251.8498], [-36.1284, 254.9342], [-33.4378, 253.9354], [-30.5878, 252.8774], [-27.7378, 251.8195], [-27.5972, 251.7673], [-26.8664, 253.736], [-27.0069, 253.7882], [-34.371, 256.5218], [-35.3976, 256.9029], [-34.3054, 259.8451], [-34.2526, 259.9872], [-49.829, 265.7694], [-50.974, 262.6851], [-53.6223, 263.6682], [-56.6551, 264.794], [-56.7722, 264.8375], [-57.5031, 262.8688], [-57.3626, 262.8166], [-49.9986, 260.083], [-48.972, 259.7019]], [[-41.9348, 258.8024], [-41.9348, 257.8024], [-42.4348, 257.8024], [-42.4348, 258.8024], [-41.9348, 258.8024]]]}, "properties": {"room_id": "1.LB1", "building_id": "AD", "floor": 1}}, {"type": "Feature", "geometry": {"type": "Polygon", "coordinates": [[[-34.5615, 251.3392], [-33.6445, 253.8095], [-36.0164, 254.6899], [-37.09, 251.7978], [-34.7181, 250.9173], [-34.5615, 251.3392]]]}, "properties": {"room_id": "AD-101", "building_id": "AD", "floor": 1}}, {"type": "Feature", "geometry": {"type": "Polygon", "coordinates": [[[-42.3298, 276.8124], [-42.3298, 275.7524], [-41.9348, 275.7524], [-41.9348, 275.2524], [-42.3298, 275.2524], [-42.3298, 273.6024], [-41.9348, 273.6024], [-41.9348, 272.7074], [-34.4348, 272.7074], [-34.4348, 273.6024], [-34.4498, 273.6024], [-34.4498, 275.2524], [-34.4348, 275.2524], [-34.4348, 275.7524], [-34.4498, 275.7524], [-34.4498, 276.8124], [-42.3298, 276.8124]]]}, "properties": {"room_id": "AD-301", "building_id": "AD", "floor": 3}}, {"type": "Feature", "geometry": {"type": "Polygon", "coordinates": [[[-34.3298, 275.2524], [-34.3298, 273.6024], [-33.9348, 273.6024], [-33.9348, 272.7074], [-30.2448, 272.7074], [-30.2448, 276.8124], [-34.3298, 276.8124], [-34.3298, 275.7524], [-33.9348, 275.7524], [-33.9348, 275.2524], [-34.3298, 275.2524]]]}, "properties": {"room_id": "AD-304", "building_id": "AD", "floor": 3}}, {"type": "Feature", "geometry": {"type": "Polygon", "coordinates": [[[-30.1248, 272.7074], [-26.4348, 272.7074], [-26.4348, 273.6024], [-26.4498, 273.6024], [-26.4498, 275.2524], [-26.4348, 275.2524], [-26.4348, 275.7524], [-26.4486, 275.7524], [-26.4486, 276.8124], [-30.1248, 276.8124], [-30.1248, 272.7074]]]}, "properties": {"room_id": "AD-305", "building_id": "AD", "floor": 3}}, {"type": "Feature", "geometry": {"type": "Polygon", "coordinates": [[[-25.9348, 272.7074], [-22.2448, 272.7074], [-22.2448, 276.8124], [-26.3285, 276.8124], [-26.3285, 275.7524], [-25.9348, 275.7524], [-25.9348, 275.2524], [-26.3298, 275.2524], [-26.3298, 273.6024], [-25.9348, 273.6024], [-25.9348, 272.7074]]]}, "properties": {"room_id": "AD-306", "building_id": "AD", "floor": 3}}, {"type": "Feature", "geometry": {"type": "Polygon", "coordinates": [[[-22.1248, 272.7074], [-18.4348, 272.7074], [-18.4348, 273.6024], [-18.0398, 273.6024], [-18.0398, 275.2524], [-18.4348, 275.2524], [-18.4348, 275.7524], [-18.0398, 275.7524], [-18.0398, 276.8124], [-22.1248, 276.8124], [-22.1248, 272.7074]]]}, "properties": {"room_id": "AD-307", "building_id": "AD", "floor": 3}}, {"type": "Feature", "geometry": {"type": "Polygon", "coordinates": [[[-17.9198, 275.2524], [-17.9198, 273.6024], [-17.9348, 273.6024], [-17.9348, 272.7074], [-12.9702, 272.7074], [-12.9702, 276.8124], [-17.9198, 276.8124], [-17.9198, 275.7524], [-17.9348, 275.7524], [-17.9348, 275.2524], [-17.9198, 275.2524]]]}, "properties": {"room_id": "AD-308", "building_id": "AD", "floor": 3}}, {"type": "Feature", "geometry": {"type": "Polygon", "coordinates": [[[-1.9348, 272.7074], [5.5652, 272.7074], [5.5652, 273.6024], [5.5491, 273.6024], [5.5491, 275.2524], [5.5652, 275.2524], [5.5652, 275.7524], [5.5491, 275.7524], [5.5491, 276.8124], [-1.9348, 276.8124], [-1.9348, 275.7524], [-1.9348, 275.2524], [-1.9348, 273.6024], [-1.9348, 272.7074]]]}, "properties": {"room_id": "AD-318", "building_id": "AD", "floor": 3}}, {"type": "Feature", "geometry": {"type": "Polygon", "coordinates": [[[6.0652, 272.7074], [10.5402, 272.7074], [10.5402, 276.8124], [5.6691, 276.8124], [5.6691, 275.7524], [6.0652, 275.7524], [6.0652, 275.2524], [5.6691, 275.2524], [5.6691, 273.6024], [6.0652, 273.6024], [6.0652, 272.7074]]]}, "properties": {"room_id": "AD-319", "building_id": "AD", "floor": 3}}, {"type": "Feature", "geometry": {"type": "Polygon", "coordinates": [[[10.6452, 267.4774], [10.6602, 267.4774], [10.6602, 265.2924], [10.9502, 265.2924], [10.9502, 265.3074], [15.5652, 265.3074], [15.5652, 266.2024], [16.0652, 266.2024], [16.0652, 265.3074], [17.6252, 265.3074], [17.6252, 276.8124], [10.6602, 276.8124], [10.6602, 272.6474], [10.6602, 270.4274], [10.6452, 270.4274], [10.6452, 267.4774]], [[16.0652, 275.7524], [16.0652, 275.2524], [15.5652, 275.2524], [15.5652, 275.7524], [16.0652, 275.7524]], [[16.0652, 273.6024], [16.0652, 272.6024], [15.5652, 272.6024], [15.5652, 273.6024], [16.0652, 273.6024]]]}, "properties": {"room_id": "AD-320", "building_id": "AD", "floor": 3}}, {"type": "Feature", "geometry": {"type": "Polygon", "coordinates": [[[1.9252, 267.6224], [5.9752, 267.6224], [5.9752, 270.2824], [5.6602, 270.2824], [1.9252, 270.2824], [1.9252, 267.6224]]]}, "properties": {"room_id": "AD-316", "building_id": "AD", "floor": 3}}, {"type": "Feature", "geometry": {"type": "Polygon", "coordinates": [[[-2.2448, 267.6224], [1.8052, 267.6224], [1.8052, 270.2824], [-2.2448, 270.2824], [-2.2448, 267.6224]]]}, "properties": {"room_id": "AD-315", "building_id": "AD", "floor": 3}}, {"type": "Feature", "geometry": {"type": "Polygon", "coordinates": [[[-6.2273, 267.6224], [-2.4348, 267.6224], [-2.4348, 270.3674], [-6.2273, 270.3674], [-6.2273, 267.6224]]]}, "properties": {"room_id": "AD-314", "building_id": "AD", "floor": 3}}, {"type": "Feature", "geometry": {"type": "Polygon", "coordinates": [[[-10.1248, 267.6224], [-6.3473, 267.6224], [-6.3473, 270.3674], [-10.1248, 270.3674], [-10.1248, 267.6224]]]}, "properties": {"room_id": "AD-313", "building_id": "AD", "floor": 3}}, {"type": "Feature", "geometry": {"type": "Polygon", "coordinates": [[[-14.1248, 267.6224], [-10.2448, 267.6224], [-10.2448, 270.3674], [-14.1248, 270.3674], [-14.1248, 267.6224]]]}, "properties": {"room_id": "AD-312", "building_id": "AD", "floor": 3}}, {"type": "Feature", "geometry": {"type": "Polygon", "coordinates": [[[-18.1248, 267.6224], [-14.2448, 267.6224], [-14.2448, 270.3674], [-18.1248, 270.3674], [-18.1248, 267.6224]]]}, "properties": {"room_id": "AD-311", "building_id": "AD", "floor": 3}}, {"type": "Feature", "geometry": {"type": "Polygon", "coordinates": [[[-22.0223, 267.6224], [-18.2448, 267.6224], [-18.2448, 270.3674], [-22.0223, 270.3674], [-22.0223, 267.6224]]]}, "properties": {"room_id": "AD-310", "building_id": "AD", "floor": 3}}, {"type": "Feature", "geometry": {"type": "Polygon", "coordinates": [[[-25.9348, 267.6224], [-22.1423, 267.6224], [-22.1423, 270.3674], [-25.9348, 270.3674], [-25.9348, 269.0874], [-25.9348, 267.6224]]]}, "properties": {"room_id": "AD-309", "building_id": "AD", "floor": 3}}, {"type": "Feature", "geometry": {"type": "Polygon", "coordinates": [[[10.6602, 263.3124], [10.6602, 261.8724], [10.9952, 261.8724], [10.9952, 258.3624], [15.5652, 258.3624], [15.5652, 258.8024], [16.0652, 258.8024], [16.0652, 258.3624], [17.6252, 258.3624], [17.6252, 265.1874], [16.0652, 265.1874], [16.0652, 265.2024], [15.5652, 265.2024], [15.5652, 265.1874], [10.9952, 265.1874], [10.9952, 263.3124], [10.6602, 263.3124]]]}, "properties": {"room_id": "AD-322", "building_id": "AD", "floor": 3}}, {"type": "Feature", "geometry": {"type": "Polygon", "coordinates": [[[12.6302, 251.4024], [15.5652, 251.4024], [16.0652, 251.4024], [17.6252, 251.4024], [17.6252, 258.2424], [16.0652, 258.2424], [16.0652, 257.8024], [15.5652, 257.8024], [15.5652, 258.2424], [10.9952, 258.2424], [10.9952, 254.7324], [10.6602, 254.7324], [10.6602, 253.2924], [10.9952, 253.2924], [10.9952, 251.4024], [12.6302, 251.4024]]]}, "properties": {"room_id": "AD-324", "building_id": "AD", "floor": 3}}, {"type": "Feature", "geometry": {"type": "Polygon", "coordinates": [[[6.4652, 251.4024], [6.4652, 252.7474], [6.4502, 252.7474], [6.4502, 256.2574], [6.4502, 257.7874], [6.0652, 257.7874], [6.0652, 257.8024], [5.5652, 257.8024], [5.5652, 258.2424], [-1.9348, 258.2424], [-1.9348, 257.8024], [-2.2448, 257.8024], [-2.2448, 251.4024], [-1.9348, 251.4024], [5.5652, 251.4024], [6.0652, 251.4024], [6.4652, 251.4024]]]}, "properties": {"room_id": "AD-323", "building_id": "AD", "floor": 3}}, {"type": "Feature", "geometry": {"type": "Polygon", "coordinates": [[[-2.2448, 265.2024], [-2.2448, 258.8024], [-1.9348, 258.8024], [-1.9348, 258.3624], [5.5652, 258.3624], [5.5652, 258.8024], [6.0652, 258.8024], [6.0652, 258.8174], [6.4502, 258.8174], [6.4502, 260.3474], [6.4502, 265.1874], [6.0652, 265.1874], [6.0652, 265.2024], [5.5652, 265.2024], [5.5652, 265.1874], [-1.9348, 265.1874], [-1.9348, 265.2024], [-2.2448, 265.2024]]]}, "properties": {"room_id": "AD-321", "building_id": "AD", "floor": 3}}, {"type": "Feature", "geometry": {"type": "Polygon", "coordinates": [[[-2.2448, 246.3224], [1.8052, 246.3224], [1.8052, 248.9824], [-2.2448, 248.9824], [-2.2448, 246.3224]]]}, "properties": {"room_id": "AD-325", "building_id": "AD", "floor": 3}}, {"type": "Feature", "geometry": {"type": "Polygon", "coordinates": [[[1.9252, 246.3224], [5.6602, 246.3224], [5.9752, 246.3224], [5.9752, 248.9824], [5.8152, 248.9824], [1.9252, 248.9824], [1.9252, 246.3224]]]}, "properties": {"room_id": "AD-326", "building_id": "AD", "floor": 3}}, {"type": "Feature", "geometry": {"type": "Polygon", "coordinates": [[[12.6252, 241.2624], [12.6252, 239.7924], [17.6252, 239.7924], [17.6252, 243.0024], [16.0652, 243.0024], [15.7552, 243.0024], [15.7552, 242.1474], [15.7552, 241.4604], [15.7552, 241.3524], [16.0652, 241.3524], [16.0652, 240.8524], [15.5652, 240.8524], [15.5652, 241.2624], [15.5572, 241.2624], [12.6252, 241.2624]]]}, "properties": {"room_id": "AD-328B", "building_id": "AD", "floor": 3}}, {"type": "Feature", "geometry": {"type": "Polygon", "coordinates": [[[6.5702, 246.2224], [7.5302, 246.2224], [7.5302, 249.0824], [6.5702, 249.0824], [6.5702, 246.2224]]]}, "properties": {"room_id": "AD-327", "building_id": "AD", "floor": 3}}, {"type": "Feature", "geometry": {"type": "Polygon", "coordinates": [[[6.0802, 243.0024], [6.0802, 241.3524], [6.0652, 241.3524], [6.0652, 240.8524], [6.0802, 240.8524], [6.0802, 239.7924], [12.5352, 239.7924], [12.5352, 241.3074], [12.5352, 242.1474], [12.5352, 243.8974], [6.0652, 243.8974], [6.0652, 243.0024], [6.0802, 243.0024]]]}, "properties": {"room_id": "AD-328A", "building_id": "AD", "floor": 3}}, {"type": "Feature", "geometry": {"type": "Polygon", "coordinates": [[[5.5652, 243.8974], [1.8752, 243.8974], [1.8752, 239.7924], [5.9602, 239.7924], [5.9602, 240.8524], [5.5652, 240.8524], [5.5652, 241.3524], [5.9602, 241.3524], [5.9602, 243.0024], [5.5652, 243.0024], [5.5652, 243.8974]]]}, "properties": {"room_id": "AD-329", "building_id": "AD", "floor": 3}}, {"type": "Feature", "geometry": {"type": "Polygon", "coordinates": [[[1.7552, 243.8974], [-1.9348, 243.8974], [-1.9348, 243.0024], [-2.3298, 243.0024], [-2.3298, 241.3524], [-1.9348, 241.3524], [-1.9348, 240.8524], [-2.3298, 240.8524], [-2.3298, 239.7924], [1.7552, 239.7924], [1.7552, 243.8974]]]}, "properties": {"room_id": "AD-330", "building_id": "AD", "floor": 3}}, {"type": "Feature", "geometry": {"type": "Polygon", "coordinates": [[[-2.4348, 243.8974], [-6.1248, 243.8974], [-6.1248, 239.7924], [-2.4498, 239.7924], [-2.4498, 240.8524], [-2.4348, 240.8524], [-2.4348, 241.3524], [-2.4498, 241.3524], [-2.4498, 243.0024], [-2.4348, 243.0024], [-2.4348, 243.8974]]]}, "properties": {"room_id": "AD-331", "building_id": "AD", "floor": 3}}, {"type": "Feature", "geometry": {"type": "Polygon", "coordinates": [[[-10.3298, 243.0024], [-10.3298, 241.3524], [-9.9348, 241.3524], [-9.9348, 240.8524], [-10.3298, 240.8524], [-10.3298, 239.7924], [-6.2448, 239.7924], [-6.2448, 243.8974], [-9.9348, 243.8974], [-9.9348, 243.0024], [-10.3298, 243.0024]]]}, "properties": {"room_id": "AD-332", "building_id": "AD", "floor": 3}}, {"type": "Feature", "geometry": {"type": "Polygon", "coordinates": [[[-10.4348, 243.8974], [-14.1248, 243.8974], [-14.1248, 239.7924], [-10.4498, 239.7924], [-10.4498, 240.8524], [-10.4348, 240.8524], [-10.4348, 241.3524], [-10.4498, 241.3524], [-10.4498, 243.0024], [-10.4348, 243.0024], [-10.4348, 243.8974]]]}, "properties": {"room_id": "AD-335", "building_id": "AD", "floor": 3}}, {"type": "Feature", "geometry": {"type": "Polygon", "coordinates": [[[-14.2448, 243.8974], [-17.9348, 243.8974], [-17.9348, 243.0024], [-18.3298, 243.0024], [-18.3298, 241.3524], [-17.9348, 241.3524], [-17.9348, 240.8524], [-18.3307, 240.8524], [-18.3307, 239.7924], [-14.2448, 239.7924], [-14.2448, 243.8974]]]}, "properties": {"room_id": "AD-336", "building_id": "AD", "floor": 3}}, {"type": "Feature", "geometry": {"type": "Polygon", "coordinates": [[[-18.4348, 243.8974], [-22.1248, 243.8974], [-22.1248, 239.7924], [-18.4507, 239.7924], [-18.4507, 240.8524], [-18.4348, 240.8524], [-18.4348, 241.3524], [-18.4498, 241.3524], [-18.4498, 243.0024], [-18.4348, 243.0024], [-18.4348, 243.8974]]]}, "properties": {"room_id": "AD-337", "building_id": "AD", "floor": 3}}, {"type": "Feature", "geometry": {"type": "Polygon", "coordinates": [[[-25.8198, 243.0024], [-25.8198, 241.4524], [-25.8348, 241.4524], [-25.8348, 240.7524], [-25.8198, 240.7524], [-25.8198, 239.7924], [-22.2448, 239.7924], [-22.2448, 243.8974], [-25.8198, 243.8974], [-25.8198, 243.0024]]]}, "properties": {"room_id": "AD-338", "building_id": "AD", "floor": 3}}, {"type": "Feature", "geometry": {"type": "Polygon", "coordinates": [[[-34.3448, 243.0024], [-34.3448, 241.4524], [-33.8348, 241.4524], [-33.8348, 240.7524], [-34.3448, 240.7524], [-34.3448, 239.7924], [-26.5498, 239.7924], [-26.5498, 240.7524], [-26.5348, 240.7524], [-26.5348, 241.4524], [-26.5498, 241.4524], [-26.5498, 243.0024], [-26.5498, 243.8974], [-33.9348, 243.8974], [-33.9348, 243.0024], [-34.3448, 243.0024]]]}, "properties": {"room_id": "AD-339", "building_id": "AD", "floor": 3}}, {"type": "Feature", "geometry": {"type": "Polygon", "coordinates": [[[-19.6948, 246.2374], [-19.6948, 247.5174], [-19.6948, 248.9824], [-22.9198, 248.9824], [-22.9198, 246.2374], [-19.6948, 246.2374]]]}, "properties": {"room_id": "AD-340", "building_id": "AD", "floor": 3}}, {"type": "Feature", "geometry": {"type": "Polygon", "coordinates": [[[-23.0398, 248.9824], [-26.2448, 248.9824], [-26.2448, 246.2569], [-26.2448, 246.2374], [-23.0398, 246.2374], [-23.0398, 248.9824]]]}, "properties": {"room_id": "AD-341", "building_id": "AD", "floor": 3}}, {"type": "Feature", "geometry": {"type": "Polygon", "coordinates": [[[-42.0248, 241.4524], [-42.0248, 243.0024], [-42.4348, 243.0024], [-42.4348, 243.8974], [-46.1748, 243.8974], [-46.1748, 239.7924], [-42.0248, 239.7924], [-42.0248, 240.7524], [-42.5348, 240.7524], [-42.5348, 241.4524], [-42.0248, 241.4524]]]}, "properties": {"room_id": "AD-342A", "building_id": "AD", "floor": 3}}, {"type": "Feature", "geometry": {"type": "Polygon", "coordinates": [[[-50.4348, 243.8974], [-54.1248, 243.8974], [-54.1248, 239.7924], [-50.0398, 239.7924], [-50.0398, 240.8524], [-50.4348, 240.8524], [-50.4348, 241.3524], [-50.0398, 241.3524], [-50.0398, 243.0024], [-50.4348, 243.0024], [-50.4348, 243.8974]]]}, "properties": {"room_id": "AD-343", "building_id": "AD", "floor": 3}}, {"type": "Feature", "geometry": {"type": "Polygon", "coordinates": [[[-54.2448, 243.8974], [-57.9348, 243.8974], [-57.9348, 243.0024], [-57.9198, 243.0024], [-57.9198, 241.3524], [-57.9348, 241.3524], [-57.9348, 240.8524], [-57.9198, 240.8524], [-57.9198, 239.7924], [-54.2448, 239.7924], [-54.2448, 243.8974]]]}, "properties": {"room_id": "AD-344", "building_id": "AD", "floor": 3}}, {"type": "Feature", "geometry": {"type": "Polygon", "coordinates": [[[-58.4348, 243.8974], [-62.1248, 243.8974], [-62.1248, 239.7924], [-58.0398, 239.7924], [-58.0398, 240.8524], [-58.4348, 240.8524], [-58.4348, 241.3524], [-58.0398, 241.3524], [-58.0398, 243.0024], [-58.4348, 243.0024], [-58.4348, 243.8974]]]}, "properties": {"room_id": "AD-345", "building_id": "AD", "floor": 3}}, {"type": "Feature", "geometry": {"type": "Polygon", "coordinates": [[[-65.9198, 243.0024], [-65.9198, 241.3524], [-65.9348, 241.3524], [-65.9348, 240.8524], [-65.9198, 240.8524], [-65.9198, 239.7924], [-62.2448, 239.7924], [-62.2448, 243.8974], [-65.9348, 243.8974], [-65.9348, 243.0024], [-65.9198, 243.0024]]]}, "properties": {"room_id": "AD-346", "building_id": "AD", "floor": 3}}, {"type": "Feature", "geometry": {"type": "Polygon", "coordinates": [[[-66.4348, 243.8974], [-70.1248, 243.8974], [-70.1248, 239.7924], [-66.0398, 239.7924], [-66.0398, 240.8524], [-66.4348, 240.8524], [-66.4348, 241.3524], [-66.0398, 241.3524], [-66.0398, 243.0024], [-66.4348, 243.0024], [-66.4348, 243.8974]]]}, "properties": {"room_id": "AD-347", "building_id": "AD", "floor": 3}}, {"type": "Feature", "geometry": {"type": "Polygon", "coordinates": [[[-70.2448, 243.8974], [-73.9348, 243.8974], [-73.9348, 243.0024], [-74.3348, 243.0024], [-74.3348, 241.3524], [-73.9348, 241.3524], [-73.9348, 240.8524], [-74.3335, 240.8524], [-74.3335, 239.7924], [-70.2448, 239.7924], [-70.2448, 243.8974]]]}, "properties": {"room_id": "AD-348", "building_id": "AD", "floor": 3}}, {"type": "Feature", "geometry": {"type": "Polygon", "coordinates": [[[-75.0148, 243.8974], [-78.4148, 243.8974], [-78.4148, 239.7924], [-74.6148, 239.7924], [-74.6148, 240.8524], [-75.0151, 240.8524], [-75.0151, 241.3524], [-74.6148, 241.3524], [-74.6148, 243.0024], [-75.0148, 243.0024], [-75.0148, 243.8974]]]}, "properties": {"room_id": "AD-349", "building_id": "AD", "floor": 3}}, {"type": "Feature", "geometry": {"type": "Polygon", "coordinates": [[[-82.2448, 243.0024], [-82.2448, 241.3524], [-81.9348, 241.3524], [-81.9348, 240.8524], [-82.2448, 240.8524], [-82.2448, 239.7924], [-78.5348, 239.7924], [-78.5348, 243.8974], [-81.9348, 243.8974], [-81.9348, 243.0024], [-82.2448, 243.0024]]]}, "properties": {"room_id": "AD-350", "building_id": "AD", "floor": 3}}, {"type": "Feature", "geometry": {"type": "Polygon", "coordinates": [[[-42.1248, 248.9824], [-50.1248, 248.9824], [-50.1248, 246.2374], [-42.1248, 246.2374], [-42.1248, 248.9824]]]}, "properties": {"room_id": "AD-351", "building_id": "AD", "floor": 3}}, {"type": "Feature", "geometry": {"type": "Polygon", "coordinates": [[[-46.2948, 243.8974], [-49.9348, 243.8974], [-49.9348, 243.0024], [-49.9198, 243.0024], [-49.9198, 241.3524], [-49.9348, 241.3524], [-49.9348, 240.8524], [-49.9198, 240.8524], [-49.9198, 239.7924], [-46.2948, 239.7924], [-46.2948, 243.8974]]]}, "properties": {"room_id": "AD-342B", "building_id": "AD", "floor": 3}}, {"type": "Feature", "geometry": {"type": "Polygon", "coordinates": [[[-50.2448, 248.9824], [-58.1248, 248.9824], [-58.1248, 246.2374], [-50.2448, 246.2374], [-50.2448, 248.9824]]]}, "properties": {"room_id": "AD-353", "building_id": "AD", "floor": 3}}, {"type": "Feature", "geometry": {"type": "Polygon", "coordinates": [[[-58.2448, 248.9824], [-62.1248, 248.9824], [-62.1248, 246.2374], [-58.2448, 246.2374], [-58.2448, 248.9824]]]}, "properties": {"room_id": "AD-355", "building_id": "AD", "floor": 3}}, {"type": "Feature", "geometry": {"type": "Polygon", "coordinates": [[[-62.2448, 248.9824], [-66.1248, 248.9824], [-66.1248, 246.2374], [-62.2448, 246.2374], [-62.2448, 248.9824]]]}, "properties": {"room_id": "AD-356", "building_id": "AD", "floor": 3}}, {"type": "Feature", "geometry": {"type": "Polygon", "coordinates": [[[-66.2448, 248.9824], [-70.2298, 248.9824], [-70.2298, 246.2374], [-66.2448, 246.2374], [-66.2448, 248.9824]]]}, "properties": {"room_id": "AD-357", "building_id": "AD", "floor": 3}}, {"type": "Feature", "geometry": {"type": "Polygon", "coordinates": [[[-70.3498, 248.9824], [-74.0298, 248.9824], [-74.3348, 248.9824], [-74.3348, 246.2374], [-70.3498, 246.2374], [-70.3498, 248.9824]]]}, "properties": {"room_id": "AD-358", "building_id": "AD", "floor": 3}}, {"type": "Feature", "geometry": {"type": "Polygon", "coordinates": [[[-79.4948, 247.5624], [-79.4948, 246.2374], [-74.6148, 246.2374], [-74.6148, 248.9824], [-79.4948, 248.9824], [-79.4948, 247.5624]]]}, "properties": {"room_id": "AD-359", "building_id": "AD", "floor": 3}}, {"type": "Feature", "geometry": {"type": "Polygon", "coordinates": [[[-98.9448, 249.0824], [-99.4698, 249.0824], [-99.4698, 246.2224], [-98.9448, 246.2224], [-98.9448, 249.0774], [-98.9448, 249.0824]]]}, "properties": {"room_id": "AD-362", "building_id": "AD", "floor": 3}}, {"type": "Feature", "geometry": {"type": "Polygon", "coordinates": [[[-90.4348, 243.8974], [-97.9348, 243.8974], [-97.9348, 243.0024], [-97.9198, 243.0024], [-97.9198, 241.3524], [-97.9348, 241.3524], [-97.9348, 240.8524], [-97.9198, 240.8524], [-97.9198, 239.7924], [-90.4348, 239.7924], [-90.4348, 240.8524], [-90.4348, 241.3524], [-90.4348, 243.0024], [-90.4348, 243.8974]]]}, "properties": {"room_id": "AD-363", "building_id": "AD", "floor": 3}}, {"type": "Feature", "geometry": {"type": "Polygon", "coordinates": [[[-102.5248, 243.8974], [-102.5248, 239.7924], [-98.0398, 239.7924], [-98.0398, 240.8524], [-98.4348, 240.8524], [-98.4348, 241.3524], [-98.0398, 241.3524], [-98.0398, 243.0024], [-98.4348, 243.0024], [-98.4348, 243.8974], [-102.5248, 243.8974]]]}, "properties": {"room_id": "AD-364", "building_id": "AD", "floor": 3}}, {"type": "Feature", "geometry": {"type": "Polygon", "coordinates": [[[-102.6448, 251.3124], [-102.9348, 251.3124], [-102.9348, 251.2974], [-107.9348, 251.2974], [-107.9348, 250.4024], [-108.4348, 250.4024], [-108.4348, 251.2974], [-109.9948, 251.2974], [-109.9948, 239.7924], [-102.6448, 239.7924], [-102.6448, 243.9574], [-102.6448, 246.1774], [-102.6298, 246.1774], [-102.6298, 247.6374], [-102.6298, 249.1274], [-102.6448, 249.1274], [-102.6448, 251.3124]], [[-107.9348, 241.3524], [-107.9348, 240.8524], [-108.4348, 240.8524], [-108.4348, 241.3524], [-107.9348, 241.3524]], [[-107.9348, 244.0024], [-107.9348, 243.0024], [-108.4348, 243.0024], [-108.4348, 244.0024], [-107.9348, 244.0024]]]}, "properties": {"room_id": "AD-365", "building_id": "AD", "floor": 3}}, {"type": "Feature", "geometry": {"type": "Polygon", "coordinates": [[[-102.9798, 254.7324], [-102.9798, 256.6874], [-102.9798, 258.2424], [-107.9348, 258.2424], [-107.9348, 257.8024], [-108.4348, 257.8024], [-108.4348, 258.2424], [-109.9948, 258.2424], [-109.9948, 251.4174], [-108.4348, 251.4174], [-108.4348, 251.4024], [-107.9348, 251.4024], [-107.9348, 251.4174], [-102.9798, 251.4174], [-102.9798, 253.2924], [-102.6448, 253.2924], [-102.6448, 254.7324], [-102.9798, 254.7324]]]}, "properties": {"room_id": "AD-366", "building_id": "AD", "floor": 3}}, {"type": "Feature", "geometry": {"type": "Polygon", "coordinates": [[[-104.9998, 265.2024], [-107.9348, 265.2024], [-108.4348, 265.2024], [-109.9948, 265.2024], [-109.9948, 258.3624], [-108.4348, 258.3624], [-108.4348, 258.8024], [-107.9348, 258.8024], [-107.9348, 258.3624], [-102.9798, 258.3624], [-102.9798, 259.9174], [-102.9798, 261.8724], [-102.6448, 261.8724], [-102.6448, 263.3124], [-102.9798, 263.3124], [-102.9798, 265.2024], [-104.9998, 265.2024]]]}, "properties": {"room_id": "AD-367", "building_id": "AD", "floor": 3}}, {"type": "Feature", "geometry": {"type": "Polygon", "coordinates": [[[-90.4498, 251.4174], [-90.4498, 257.8024], [-90.4348, 257.8024], [-90.4348, 258.2424], [-97.9348, 258.2424], [-97.9348, 257.8024], [-98.4498, 257.8024], [-98.4498, 256.2474], [-98.4498, 251.4024], [-97.9348, 251.4024], [-97.9348, 251.4174], [-90.4498, 251.4174]]]}, "properties": {"room_id": "AD-368", "building_id": "AD", "floor": 3}}, {"type": "Feature", "geometry": {"type": "Polygon", "coordinates": [[[-90.4498, 265.1874], [-97.9348, 265.1874], [-97.9348, 265.2024], [-98.4498, 265.2024], [-98.4498, 260.3574], [-98.4498, 258.8024], [-97.9348, 258.8024], [-97.9348, 258.3624], [-90.4348, 258.3624], [-90.4348, 258.8024], [-90.4498, 258.8024], [-90.4498, 265.1874]]]}, "properties": {"room_id": "AD-369", "building_id": "AD", "floor": 3}}, {"type": "Feature", "geometry": {"type": "Polygon", "coordinates": [[[-82.0398, 258.8024], [-82.0398, 265.2024], [-82.4348, 265.2024], [-82.4348, 265.1874], [-89.3898, 265.1874], [-89.3898, 265.2024], [-89.9348, 265.2024], [-90.3298, 265.2024], [-90.3298, 258.8024], [-89.9348, 258.8024], [-89.9348, 257.8024], [-90.3298, 257.8024], [-90.3298, 251.4024], [-89.9348, 251.4024], [-89.9348, 251.4174], [-82.4348, 251.4174], [-82.4348, 251.4024], [-82.0398, 251.4024], [-82.0398, 257.8024], [-82.4348, 257.8024], [-82.4348, 258.8024], [-82.0398, 258.8024]]]}, "properties": {"room_id": "AD-370", "building_id": "AD", "floor": 3}}, {"type": "Feature", "geometry": {"type": "Polygon", "coordinates": [[[-80.5998, 258.2424], [-80.5998, 251.4174], [-78.9498, 251.4174], [-78.9498, 251.8174], [-74.1248, 251.8174], [-74.1248, 257.7874], [-74.4348, 257.7874], [-74.5148, 257.7874], [-75.0298, 257.7874], [-75.0298, 258.2424], [-80.5998, 258.2424]]]}, "properties": {"room_id": "AD-371", "building_id": "AD", "floor": 3}}, {"type": "Feature", "geometry": {"type": "Polygon", "coordinates": [[[-78.9498, 265.2024], [-80.5998, 265.2024], [-80.5998, 258.3624], [-75.0298, 258.3624], [-75.0298, 258.8174], [-74.5148, 258.8174], [-74.4348, 258.8174], [-74.1248, 258.8174], [-74.1248, 264.7874], [-78.9498, 264.7874], [-78.9498, 265.2024]]]}, "properties": {"room_id": "AD-372", "building_id": "AD", "floor": 3}}, {"type": "Feature", "geometry": {"type": "Polygon", "coordinates": [[[-98.9448, 269.8924], [-99.4847, 269.8924], [-99.4847, 267.5274], [-98.9448, 267.5274], [-98.9448, 269.8924]]]}, "properties": {"room_id": "AD-373", "building_id": "AD", "floor": 3}}, {"type": "Feature", "geometry": {"type": "Polygon", "coordinates": [[[-108.1248, 274.4574], [-108.1248, 275.1444], [-108.1248, 275.2524], [-108.4348, 275.2524], [-108.4348, 275.7524], [-107.9348, 275.7524], [-107.9348, 275.3424], [-107.9268, 275.3424], [-104.9048, 275.3424], [-104.9048, 274.4574], [-104.9048, 272.7074], [-98.4348, 272.7074], [-98.4348, 273.6024], [-98.4498, 273.6024], [-98.4498, 275.2524], [-98.4348, 275.2524], [-98.4348, 275.7524], [-98.4498, 275.7524], [-98.4498, 276.8124], [-109.9948, 276.8124], [-109.9948, 273.6024], [-108.4348, 273.6024], [-108.1248, 273.6024], [-108.1248, 274.4574]]]}, "properties": {"room_id": "AD-376", "building_id": "AD", "floor": 3}}, {"type": "Feature", "geometry": {"type": "Polygon", "coordinates": [[[-98.3298, 275.2524], [-98.3298, 273.6024], [-97.9348, 273.6024], [-97.9348, 272.7074], [-94.2498, 272.7074], [-94.2498, 276.8124], [-98.3298, 276.8124], [-98.3298, 275.7524], [-97.9348, 275.7524], [-97.9348, 275.2524], [-98.3298, 275.2524]]]}, "properties": {"room_id": "AD-377", "building_id": "AD", "floor": 3}}, {"type": "Feature", "geometry": {"type": "Polygon", "coordinates": [[[-94.1298, 272.7074], [-90.4348, 272.7074], [-90.4348, 273.6024], [-90.0398, 273.6024], [-90.0398, 275.2524], [-90.4348, 275.2524], [-90.4348, 275.7524], [-90.0398, 275.7524], [-90.0398, 276.8124], [-94.1298, 276.8124], [-94.1298, 272.7074]]]}, "properties": {"room_id": "AD-378", "building_id": "AD", "floor": 3}}, {"type": "Feature", "geometry": {"type": "Polygon", "coordinates": [[[-90.3298, 272.6024], [-90.3298, 267.6224], [-89.4398, 267.6224], [-83.1848, 267.6224], [-83.1848, 269.0024], [-83.1998, 269.0024], [-83.1998, 270.5374], [-83.1998, 276.8124], [-89.9198, 276.8124], [-89.9198, 275.7524], [-89.9348, 275.7524], [-89.9348, 275.2524], [-89.9198, 275.2524], [-89.9198, 273.6024], [-89.9348, 273.6024], [-89.9348, 272.6024], [-90.3298, 272.6024]]]}, "properties": {"room_id": "AD-379", "building_id": "AD", "floor": 3}}, {"type": "Feature", "geometry": {"type": "Polygon", "coordinates": [[[-75.5076, 267.5224], [-74.6048, 267.5224], [-74.6048, 267.5274], [-74.6048, 270.3824], [-75.5076, 270.3824], [-75.5076, 267.5224]]]}, "properties": {"room_id": "AD-380", "building_id": "AD", "floor": 3}}, {"type": "Feature", "geometry": {"type": "Polygon", "coordinates": [[[-74.3448, 270.3674], [-74.3448, 267.6224], [-74.0298, 267.6224], [-70.3898, 267.6224], [-70.3898, 270.3674], [-74.3448, 270.3674]]]}, "properties": {"room_id": "AD-381", "building_id": "AD", "floor": 3}}, {"type": "Feature", "geometry": {"type": "Polygon", "coordinates": [[[-70.2698, 267.6224], [-66.2453, 267.6224], [-66.2453, 270.3674], [-70.2698, 270.3674], [-70.2698, 267.6224]]]}, "properties": {"room_id": "AD-382", "building_id": "AD", "floor": 3}}, {"type": "Feature", "geometry": {"type": "Polygon", "coordinates": [[[-66.1253, 267.6224], [-62.2848, 267.6224], [-62.2848, 270.3674], [-66.1253, 270.3674], [-66.1253, 267.6224]]]}, "properties": {"room_id": "AD-383", "building_id": "AD", "floor": 3}}, {"type": "Feature", "geometry": {"type": "Polygon", "coordinates": [[[-62.1648, 267.6224], [-58.1248, 267.6224], [-58.1248, 270.3479], [-58.1248, 270.3674], [-62.1648, 270.3674], [-62.1648, 267.6224]]]}, "properties": {"room_id": "AD-384", "building_id": "AD", "floor": 3}}, {"type": "Feature", "geometry": {"type": "Polygon", "coordinates": [[[-82.3501, 276.8124], [-82.3501, 275.7524], [-81.9348, 275.7524], [-81.9348, 275.2524], [-82.3472, 275.2524], [-82.3472, 273.6024], [-81.9348, 273.6024], [-81.9348, 272.7074], [-78.5348, 272.7074], [-78.5348, 276.8124], [-82.3501, 276.8124]]]}, "properties": {"room_id": "AD-385", "building_id": "AD", "floor": 3}}, {"type": "Feature", "geometry": {"type": "Polygon", "coordinates": [[[-78.4148, 272.7074], [-75.0151, 272.7074], [-75.0151, 273.6024], [-74.6151, 273.6024], [-74.6151, 275.2524], [-75.0151, 275.2524], [-75.0151, 275.7524], [-74.6148, 275.7524], [-74.6148, 276.8124], [-78.4148, 276.8124], [-78.4148, 272.7074]]]}, "properties": {"room_id": "AD-386", "building_id": "AD", "floor": 3}}, {"type": "Feature", "geometry": {"type": "Polygon", "coordinates": [[[-74.3348, 275.2524], [-74.3348, 273.6024], [-73.9348, 273.6024], [-73.9348, 272.7074], [-70.2448, 272.7074], [-70.2448, 276.8124], [-74.3348, 276.8124], [-74.3348, 275.7524], [-73.9348, 275.7524], [-73.9348, 275.2524], [-74.3348, 275.2524]]]}, "properties": {"room_id": "AD-387", "building_id": "AD", "floor": 3}}, {"type": "Feature", "geometry": {"type": "Polygon", "coordinates": [[[-70.1248, 272.7074], [-66.4348, 272.7074], [-66.4348, 273.6024], [-66.4498, 273.6024], [-66.4498, 275.2524], [-66.4348, 275.2524], [-66.4348, 275.7524], [-66.4498, 275.7524], [-66.4498, 276.8124], [-70.1248, 276.8124], [-70.1248, 272.7074]]]}, "properties": {"room_id": "AD-388", "building_id": "AD", "floor": 3}}, {"type": "Feature", "geometry": {"type": "Polygon", "coordinates": [[[-65.9348, 272.7074], [-62.2948, 272.7074], [-62.2948, 276.8124], [-66.3298, 276.8124], [-66.3298, 275.7524], [-65.9348, 275.7524], [-65.9348, 275.2524], [-66.3298, 275.2524], [-66.3298, 273.6024], [-65.9348, 273.6024], [-65.9348, 272.7074]]]}, "properties": {"room_id": "AD-389", "building_id": "AD", "floor": 3}}, {"type": "Feature", "geometry": {"type": "Polygon", "coordinates": [[[-62.1748, 272.7074], [-58.5498, 272.7074], [-58.5498, 273.6024], [-58.5498, 275.1524], [-58.5348, 275.1524], [-58.5348, 275.8524], [-58.5498, 275.8524], [-58.5498, 276.8124], [-62.1748, 276.8124], [-62.1748, 272.7074]]]}, "properties": {"room_id": "AD-390", "building_id": "AD", "floor": 3}}, {"type": "Feature", "geometry": {"type": "Polygon", "coordinates": [[[-57.8198, 276.8124], [-57.8198, 275.8524], [-57.8348, 275.8524], [-57.8348, 275.1524], [-57.8198, 275.1524], [-57.8198, 273.6024], [-57.8198, 272.7074], [-50.4348, 272.7074], [-50.4348, 273.6024], [-50.0398, 273.6024], [-50.0398, 275.2524], [-50.4348, 275.2524], [-50.4348, 275.7524], [-50.0398, 275.7524], [-50.0398, 276.8124], [-57.8198, 276.8124]]]}, "properties": {"room_id": "AD-391", "building_id": "AD", "floor": 3}}, {"type": "Feature", "geometry": {"type": "Polygon", "coordinates": [[[-34.9848, 267.6224], [-34.9848, 269.7824], [-36.4298, 269.7824], [-36.4298, 268.8824], [-36.5198, 268.8824], [-36.5198, 269.8774], [-36.5198, 270.1424], [-42.2448, 270.1424], [-42.2448, 267.6224], [-34.9848, 267.6224]]]}, "properties": {"room_id": "AD-3.WC1", "building_id": "AD", "floor": 3}}, {"type": "Feature", "geometry": {"type": "Polygon", "coordinates": [[[-27.2448, 267.6224], [-27.2448, 269.0874], [-27.2448, 270.1424], [-32.9698, 270.1424], [-32.9698, 269.8774], [-32.9698, 268.8824], [-33.0598, 268.8824], [-33.0598, 269.7824], [-34.5048, 269.7824], [-34.5048, 267.6224], [-27.2448, 267.6224]]]}, "properties": {"room_id": "AD-3.WC2", "building_id": "AD", "floor": 3}}, {"type": "Feature", "geometry": {"type": "Polygon", "coordinates": [[[-3.3848, 246.4624], [-3.3848, 248.9824], [-10.6448, 248.9824], [-10.6448, 246.8224], [-9.1998, 246.8224], [-9.1998, 247.7224], [-9.1098, 247.7224], [-9.1098, 246.7274], [-9.1098, 246.4624], [-3.3848, 246.4624]]]}, "properties": {"room_id": "AD-3.WC3", "building_id": "AD", "floor": 3}}, {"type": "Feature", "geometry": {"type": "Polygon", "coordinates": [[[-11.1248, 248.9824], [-18.3848, 248.9824], [-18.3848, 247.5174], [-18.3848, 246.4624], [-12.6598, 246.4624], [-12.6598, 246.7274], [-12.6598, 247.7224], [-12.5698, 247.7224], [-12.5698, 246.8224], [-11.1248, 246.8224], [-11.1248, 248.9824]]]}, "properties": {"room_id": "AD-3.WC4", "building_id": "AD", "floor": 3}}, {"type": "Feature", "geometry": {"type": "Polygon", "coordinates": [[[-82.1248, 248.9824], [-89.3848, 248.9824], [-89.3848, 246.8224], [-87.9398, 246.8224], [-87.9398, 247.7224], [-87.8498, 247.7224], [-87.8498, 246.7274], [-87.8498, 246.4624], [-82.1248, 246.4624], [-82.1248, 247.6124], [-82.1248, 248.9824]]]}, "properties": {"room_id": "AD-3.WC5", "building_id": "AD", "floor": 3}}, {"type": "Feature", "geometry": {"type": "Polygon", "coordinates": [[[-97.1248, 248.9824], [-97.1248, 246.4624], [-91.3998, 246.4624], [-91.3998, 246.7274], [-91.3998, 247.7224], [-91.3098, 247.7224], [-91.3098, 246.8224], [-89.8648, 246.8224], [-89.8648, 248.9824], [-97.1248, 248.9824]]]}, "properties": {"room_id": "AD-3.WC6", "building_id": "AD", "floor": 3}}, {"type": "Feature", "geometry": {"type": "Polygon", "coordinates": [[[-97.9348, 269.8924], [-97.9348, 267.6224], [-94.9898, 267.6224], [-94.9898, 269.8924], [-96.4898, 269.8924], [-97.9348, 269.8924]]]}, "properties": {"room_id": "AD-3.WC7", "building_id": "AD", "floor": 3}}, {"type": "Feature", "geometry": {"type": "Polygon", "coordinates": [[[-93.2998, 269.8924], [-94.7998, 269.8924], [-94.7998, 267.6224], [-91.8548, 267.6224], [-91.8548, 269.8924], [-93.2998, 269.8924]]]}, "properties": {"room_id": "AD-3.WC8", "building_id": "AD", "floor": 3}}, {"type": "Feature", "geometry": {"type": "Polygon", "coordinates": [[[6.5552, 270.3824], [6.5552, 267.5224], [7.4852, 267.5224], [7.4852, 270.3824], [6.5552, 270.3824]]]}, "properties": {"room_id": "AD-317", "building_id": "AD", "floor": 3}}, {"type": "Feature", "geometry": {"type": "Polygon", "coordinates": [[[5.5652, 272.5874], [-1.9348, 272.5874], [-1.9348, 272.6024], [-2.4348, 272.6024], [-9.9348, 272.6024], [-10.4348, 272.6024], [-11.2398, 272.6024], [-11.2852, 272.6024], [-11.2864, 272.6024], [-12.8752, 272.6024], [-12.8752, 272.5874], [-17.9348, 272.5874], [-17.9348, 272.6024], [-18.4348, 272.6024], [-18.4348, 272.5874], [-22.1848, 272.5874], [-25.9348, 272.5874], [-25.9348, 272.6024], [-26.4348, 272.6024], [-26.4348, 272.5874], [-30.1848, 272.5874], [-33.9348, 272.5874], [-33.9348, 272.6024], [-34.4348, 272.6024], [-34.4348, 272.5874], [-41.9348, 272.5874], [-41.9348, 272.6024], [-42.2448, 272.6024], [-42.2448, 270.4724], [-36.4298, 270.4724], [-36.4298, 270.1874], [-36.4298, 269.9724], [-34.9398, 269.9724], [-34.5498, 269.9724], [-33.0598, 269.9724], [-33.0598, 270.1874], [-33.0598, 270.4724], [-27.0548, 270.4724], [-27.0548, 270.3374], [-27.0548, 270.1874], [-27.0548, 269.1824], [-26.1248, 269.1824], [-26.1248, 270.4874], [-22.0823, 270.4874], [-18.1848, 270.4874], [-14.1848, 270.4874], [-10.1848, 270.4874], [-6.2873, 270.4874], [-2.3398, 270.4874], [-2.3398, 270.4724], [1.8652, 270.4724], [5.5652, 270.4724], [5.5652, 272.5874]]]}, "properties": {"room_id": "3.CR5", "building_id": "AD", "floor": 3}}, {"type": "Feature", "geometry": {"type": "Polygon", "coordinates": [[[6.0202, 267.4324], [1.8652, 267.4324], [-2.2448, 267.4324], [-2.2448, 266.2024], [-1.9348, 266.2024], [-1.9348, 265.3074], [5.5652, 265.3074], [5.5652, 266.2024], [6.0652, 266.2024], [6.0652, 265.3074], [6.5002, 265.3074], [7.4852, 265.3074], [7.4852, 267.4324], [6.5102, 267.4324], [6.0202, 267.4324]]]}, "properties": {"room_id": "3.CR6", "building_id": "AD", "floor": 3}}, {"type": "Feature", "geometry": {"type": "Polygon", "coordinates": [[[6.0652, 244.0024], [6.0652, 244.0174], [12.5352, 244.0174], [12.5352, 249.1074], [12.5352, 251.2124], [10.9502, 251.2124], [9.6152, 251.2124], [9.6152, 253.2924], [10.5402, 253.2924], [10.5402, 254.7324], [9.6152, 254.7324], [9.6152, 261.8724], [10.5402, 261.8724], [10.5402, 263.3124], [9.6152, 263.3124], [9.6152, 265.2924], [10.5402, 265.2924], [10.5402, 267.4324], [9.6152, 267.4324], [9.6152, 270.4724], [10.5402, 270.4724], [10.5402, 272.5874], [6.0652, 272.5874], [6.0652, 272.6024], [5.7552, 272.6024], [5.7552, 270.4724], [6.0202, 270.4724], [6.5102, 270.4724], [7.4852, 270.4724], [7.4852, 270.3808], [7.4852, 267.524], [7.4852, 267.5224], [7.4852, 267.4774], [7.4852, 265.4104], [7.4852, 265.2574], [7.5002, 265.2574], [7.5002, 260.2974], [6.5702, 260.2974], [6.5702, 258.8174], [7.5002, 258.8174], [7.5002, 257.7874], [6.5702, 257.7874], [6.5702, 256.3074], [7.5002, 256.3074], [7.5002, 252.7474], [7.4852, 252.7474], [7.4852, 251.2124], [6.5102, 251.2124], [6.0652, 251.2124], [6.0652, 250.4024], [5.8152, 250.3874], [5.8152, 249.1724], [6.0202, 249.1724], [6.5177, 249.1724], [7.5302, 249.1724], [7.5302, 246.1324], [6.5177, 246.1324], [6.0202, 246.1324], [5.7552, 246.1324], [5.7552, 244.0024], [6.0652, 244.0024]]]}, "properties": {"room_id": "3.CR7", "building_id": "AD", "floor": 3}}, {"type": "Feature", "geometry": {"type": "Polygon", "coordinates": [[[1.8652, 249.1724], [5.8152, 249.1724], [5.8152, 250.4024], [5.5652, 250.4024], [5.5652, 251.2124], [-1.9348, 251.2124], [-1.9348, 250.4024], [-2.2448, 250.4024], [-2.2448, 249.1724], [1.8652, 249.1724]]]}, "properties": {"room_id": "3.CR8", "building_id": "AD", "floor": 3}}, {"type": "Feature", "geometry": {"type": "Polygon", "coordinates": [[[5.5652, 244.0174], [5.5652, 246.1324], [1.8652, 246.1324], [-2.3398, 246.1324], [-3.2898, 246.1324], [-9.1998, 246.1324], [-9.1998, 246.4174], [-9.1998, 246.464], [-9.1998, 246.6324], [-10.6898, 246.6324], [-11.0798, 246.6324], [-12.5698, 246.6324], [-12.5698, 246.4174], [-12.5698, 246.1324], [-18.5748, 246.1324], [-18.5748, 246.2647], [-18.5748, 246.4174], [-18.5748, 247.4724], [-19.5048, 247.4724], [-19.5048, 246.1174], [-22.9798, 246.1174], [-26.3398, 246.1174], [-26.4348, 246.2569], [-26.4364, 246.2569], [-40.6432, 246.2569], [-40.6448, 246.2569], [-40.6898, 246.1324], [-41.8348, 246.1324], [-41.8348, 246.0244], [-41.8348, 244.0174], [-40.6298, 244.0174], [-40.6298, 243.9574], [-35.7798, 243.9574], [-35.7798, 244.0174], [-34.4348, 244.0174], [-34.4348, 244.0024], [-33.9348, 244.0024], [-33.9348, 244.0174], [-26.4998, 244.0174], [-26.4348, 244.0174], [-26.4348, 244.0024], [-25.9348, 244.0024], [-25.9348, 244.0174], [-25.8698, 244.0174], [-22.1848, 244.0174], [-18.4348, 244.0174], [-18.4348, 244.0024], [-17.9348, 244.0024], [-17.9348, 244.0174], [-14.1848, 244.0174], [-10.4348, 244.0174], [-10.4348, 244.0024], [-9.9348, 244.0024], [-9.9348, 244.0174], [-6.1848, 244.0174], [-2.4348, 244.0174], [-2.4348, 244.0024], [-1.9348, 244.0024], [-1.9348, 244.0174], [1.8152, 244.0174], [5.5652, 244.0174]]]}, "properties": {"room_id": "3.CR9", "building_id": "AD", "floor": 3}}, {"type": "Feature", "geometry": {"type": "Polygon", "coordinates": [[[-34.5348, 241.4524], [-34.5348, 243.0024], [-34.5348, 243.8974], [-35.7798, 243.8974], [-35.7798, 243.9574], [-40.6298, 243.9574], [-40.6298, 243.8974], [-41.8348, 243.8974], [-41.8348, 243.0024], [-41.8348, 241.4524], [-41.8348, 240.7524], [-41.8348, 239.7924], [-34.5348, 239.7924], [-34.5348, 240.7524], [-34.5348, 241.4524]]]}, "properties": {"room_id": "3.LB6", "building_id": "AD", "floor": 3}}, {"type": "Feature", "geometry": {"type": "Polygon", "coordinates": [[[-90.4348, 244.0174], [-90.4348, 244.0024], [-89.9348, 244.0024], [-82.4348, 244.0024], [-81.9348, 244.0024], [-81.9348, 244.0174], [-78.4748, 244.0174], [-75.0151, 244.0174], [-75.0148, 244.0024], [-74.5148, 244.0024], [-74.5148, 243.0024], [-74.4348, 243.0024], [-74.4348, 244.0024], [-73.9348, 244.0024], [-73.9348, 244.0174], [-70.1848, 244.0174], [-66.4348, 244.0174], [-66.4348, 244.0024], [-65.9348, 244.0024], [-65.9348, 244.0174], [-62.1848, 244.0174], [-58.4348, 244.0174], [-58.4348, 244.0024], [-57.9348, 244.0024], [-57.9348, 244.0174], [-54.1848, 244.0174], [-50.4348, 244.0174], [-50.4348, 244.0024], [-49.9348, 244.0024], [-49.9348, 244.0174], [-46.2348, 244.0174], [-42.4348, 244.0174], [-42.4348, 244.0024], [-42.0248, 244.0024], [-42.0248, 246.1174], [-50.1848, 246.1174], [-58.1848, 246.1174], [-62.1848, 246.1174], [-66.1848, 246.1174], [-70.2898, 246.1174], [-74.3848, 246.1174], [-74.5648, 246.1174], [-79.6848, 246.1174], [-79.6848, 247.5174], [-80.6148, 247.5174], [-80.6148, 247.5158], [-80.6148, 246.1324], [-80.7048, 246.1324], [-80.7048, 247.5174], [-81.9348, 247.5174], [-81.9348, 246.4174], [-81.9348, 246.1324], [-87.9398, 246.1324], [-87.9398, 246.4174], [-87.9398, 246.6324], [-89.4298, 246.6324], [-89.8198, 246.6324], [-91.3098, 246.6324], [-91.3098, 246.4174], [-91.3098, 246.1324], [-97.2198, 246.1324], [-97.9348, 246.1324], [-97.9348, 244.0174], [-90.4348, 244.0174]]]}, "properties": {"room_id": "3.CR10", "building_id": "AD", "floor": 3}}, {"type": "Feature", "geometry": {"type": "Polygon", "coordinates": [[[-90.4348, 251.2974], [-97.9348, 251.2974], [-97.9348, 250.4024], [-97.9348, 249.1724], [-97.2198, 249.1724], [-89.8198, 249.1724], [-89.4298, 249.1724], [-81.9348, 249.1724], [-81.9348, 250.4024], [-82.4348, 250.4024], [-82.4348, 251.2974], [-89.9348, 251.2974], [-89.9348, 250.4024], [-90.4348, 250.4024], [-90.4348, 251.2974]]]}, "properties": {"room_id": "3.CR11", "building_id": "AD", "floor": 3}}, {"type": "Feature", "geometry": {"type": "Polygon", "coordinates": [[[-81.9198, 265.2024], [-81.9198, 258.8024], [-81.9348, 258.8024], [-81.9348, 257.8024], [-81.9198, 257.8024], [-81.9198, 251.4024], [-81.9348, 251.4024], [-81.9348, 250.4024], [-81.9348, 250.3724], [-81.9348, 249.2304], [-81.9348, 249.0774], [-81.9348, 247.7074], [-80.7064, 247.7074], [-80.7048, 247.7074], [-80.7048, 249.1724], [-79.5898, 249.1724], [-74.5648, 249.1724], [-74.3848, 249.1724], [-74.1248, 249.1724], [-74.1248, 250.4024], [-74.4348, 250.4024], [-74.4348, 251.4024], [-74.1248, 251.4024], [-74.1248, 251.7174], [-78.8498, 251.7174], [-78.8498, 251.3574], [-78.8498, 250.4874], [-77.0298, 250.4874], [-77.0298, 251.4174], [-75.0151, 251.4174], [-75.0148, 251.4024], [-74.5148, 251.4024], [-74.5148, 250.4024], [-75.0148, 250.4024], [-75.0148, 251.3174], [-76.9298, 251.3174], [-76.9298, 250.3874], [-78.9498, 250.3874], [-78.9498, 251.2974], [-80.7198, 251.2974], [-80.7198, 258.3024], [-80.7198, 265.2024], [-81.9198, 265.2024]]]}, "properties": {"room_id": "3.CR15", "building_id": "AD", "floor": 3}}, {"type": "Feature", "geometry": {"type": "Polygon", "coordinates": [[[-104.9048, 272.5874], [-104.9048, 267.4974], [-104.9048, 265.3924], [-102.9348, 265.3924], [-101.5998, 265.3924], [-101.5998, 263.3124], [-102.5248, 263.3124], [-102.5248, 261.8724], [-101.5998, 261.8724], [-101.5998, 259.9174], [-101.5998, 256.6874], [-101.5998, 254.7324], [-102.5248, 254.7324], [-102.5248, 253.2924], [-101.5998, 253.2924], [-101.5998, 251.3124], [-102.5248, 251.3124], [-102.5248, 249.1724], [-101.5998, 249.1724], [-101.5998, 247.6374], [-101.5998, 246.1324], [-102.5248, 246.1324], [-102.5248, 244.0174], [-98.4348, 244.0174], [-98.4348, 244.0024], [-98.1248, 244.0024], [-98.1248, 246.1324], [-98.8998, 246.1324], [-99.4698, 246.1324], [-99.4698, 249.0808], [-99.4698, 249.1724], [-98.8998, 249.1724], [-98.1248, 249.1724], [-98.1248, 250.4024], [-98.4348, 250.4024], [-98.4348, 251.3174], [-98.4998, 251.3174], [-99.4848, 251.3174], [-99.4848, 256.2974], [-98.5698, 256.2974], [-98.5698, 257.7874], [-99.4848, 257.7874], [-99.4848, 258.8174], [-98.5698, 258.8174], [-98.5698, 260.3074], [-99.4848, 260.3074], [-99.4848, 265.2874], [-98.4998, 265.2874], [-98.4348, 265.2874], [-98.4348, 266.2024], [-98.4348, 267.4324], [-98.8998, 267.4324], [-99.4847, 267.4324], [-99.4847, 269.9824], [-98.8998, 269.9824], [-98.4348, 269.9824], [-98.4348, 272.5874], [-104.9048, 272.5874]]]}, "properties": {"room_id": "3.CR12", "building_id": "AD", "floor": 3}}, {"type": "Feature", "geometry": {"type": "Polygon", "coordinates": [[[-98.0298, 267.4324], [-98.4348, 267.4324], [-98.4348, 266.2024], [-97.9348, 266.2024], [-97.9348, 265.3074], [-90.4348, 265.3074], [-90.4348, 266.2024], [-89.9348, 266.2024], [-89.5348, 266.2024], [-89.5348, 267.4324], [-90.3898, 267.4324], [-90.5428, 267.4324], [-91.6068, 267.4324], [-91.7598, 267.4324], [-94.8948, 267.4324], [-98.0298, 267.4324]]]}, "properties": {"room_id": "3.CR13", "building_id": "AD", "floor": 3}}, {"type": "Feature", "geometry": {"type": "Polygon", "coordinates": [[[-90.4498, 272.5874], [-94.1898, 272.5874], [-97.9348, 272.5874], [-97.9348, 272.6024], [-98.4348, 272.6024], [-98.4348, 272.5858], [-98.4348, 269.9824], [-98.0248, 269.9824], [-98.0248, 270.4724], [-96.4448, 270.4724], [-96.4448, 270.0824], [-94.8948, 270.0824], [-93.3448, 270.0824], [-93.3448, 270.4724], [-91.6648, 270.4724], [-91.6648, 269.9374], [-91.6648, 267.4324], [-90.4498, 267.4324], [-90.4498, 272.5874]]]}, "properties": {"room_id": "3.CR14", "building_id": "AD", "floor": 3}}, {"type": "Feature", "geometry": {"type": "Polygon", "coordinates": [[[-42.4348, 272.5874], [-43.6848, 272.5874], [-43.7848, 272.5874], [-48.5848, 272.5874], [-49.9348, 272.5874], [-49.9348, 272.6024], [-50.4348, 272.6024], [-50.4348, 272.5874], [-57.8698, 272.5874], [-57.9348, 272.5874], [-57.9348, 272.6024], [-58.4348, 272.6024], [-58.4348, 272.5874], [-58.4998, 272.5874], [-62.2348, 272.5874], [-65.9348, 272.5874], [-65.9348, 272.6024], [-66.4348, 272.6024], [-66.4348, 272.5874], [-70.1848, 272.5874], [-73.9348, 272.5874], [-73.9348, 272.6024], [-74.4348, 272.6024], [-74.4348, 273.6024], [-74.5151, 273.6024], [-74.5151, 272.6024], [-75.0151, 272.6024], [-75.0151, 272.5874], [-78.4748, 272.5874], [-81.9198, 272.5874], [-81.9198, 270.4874], [-83.0798, 270.4874], [-83.0798, 269.0474], [-81.9348, 269.0474], [-81.9348, 267.4324], [-83.1398, 267.4324], [-83.1864, 267.4324], [-89.3448, 267.4324], [-89.3448, 266.1574], [-89.3448, 265.3074], [-82.4348, 265.3074], [-82.4348, 266.2024], [-81.9348, 266.2024], [-81.9348, 265.3924], [-80.6598, 265.3924], [-78.9498, 265.3924], [-78.9498, 266.2174], [-75.0151, 266.2174], [-75.0148, 266.2024], [-74.5148, 266.2024], [-74.5148, 265.2024], [-75.0148, 265.2024], [-75.0148, 266.1174], [-78.8498, 266.1174], [-78.8498, 265.2974], [-78.8498, 264.8874], [-74.1248, 264.8874], [-74.1248, 265.2024], [-74.4348, 265.2024], [-74.4348, 266.2024], [-74.1248, 266.2024], [-74.1248, 267.4324], [-74.5148, 267.4324], [-75.5076, 267.4324], [-75.5076, 270.4724], [-74.5598, 270.4724], [-74.3898, 270.4724], [-74.3898, 270.4874], [-70.3298, 270.4874], [-66.1853, 270.4874], [-62.2248, 270.4874], [-58.0298, 270.4874], [-57.9348, 270.3479], [-57.9332, 270.3479], [-43.7264, 270.3479], [-43.7248, 270.3479], [-43.6798, 270.4724], [-42.4348, 270.4724], [-42.4348, 272.5874]]]}, "properties": {"room_id": "3.CR16", "building_id": "AD", "floor": 3}}, {"type": "Feature", "geometry": {"type": "Polygon", "coordinates": [[[-43.7848, 272.5874], [-43.7848, 272.7074], [-43.6848, 272.7074], [-42.4348, 272.7074], [-42.4348, 273.6024], [-42.4498, 273.6024], [-42.4498, 275.2524], [-42.4348, 275.2524], [-42.4348, 275.7524], [-42.4498, 275.7524], [-42.4498, 276.8124], [-49.9198, 276.8124], [-49.9198, 275.7524], [-49.9348, 275.7524], [-49.9348, 275.2524], [-49.9198, 275.2524], [-49.9198, 273.6024], [-49.9348, 273.6024], [-49.9348, 272.7074], [-48.5848, 272.7074], [-48.5848, 272.5874], [-43.7848, 272.5874]]]}, "properties": {"room_id": "3.LB5", "building_id": "AD", "floor": 3}}, {"type": "Feature", "geometry": {"type": "Polygon", "coordinates": [[[-42.3294, 275.252], [-42.3294, 273.602], [-41.9342, 273.602], [-41.9342, 272.7071], [-34.4342, 272.7071], [-34.4342, 273.602], [-34.4494, 273.602], [-34.4494, 275.252], [-34.4342, 275.252], [-34.4342, 275.752], [-34.4494, 275.752], [-34.4494, 276.812], [-42.3294, 276.812], [-42.3294, 275.752], [-41.9342, 275.752], [-41.9342, 275.252], [-42.3294, 275.252]]]}, "properties": {"room_id": "AD-401", "building_id": "AD", "floor": 4}}, {"type": "Feature", "geometry": {"type": "Polygon", "coordinates": [[[-34.3294, 275.252], [-34.3294, 273.602], [-33.9342, 273.602], [-33.9342, 272.7071], [-30.2444, 272.7071], [-30.2444, 276.812], [-34.3294, 276.812], [-34.3294, 275.752], [-33.9342, 275.752], [-33.9342, 275.252], [-34.3294, 275.252]]]}, "properties": {"room_id": "AD-403", "building_id": "AD", "floor": 4}}, {"type": "Feature", "geometry": {"type": "Polygon", "coordinates": [[[-30.1244, 272.7071], [-26.4342, 272.7071], [-26.4342, 273.602], [-26.4494, 273.602], [-26.4494, 275.252], [-26.4342, 275.252], [-26.4342, 275.752], [-26.4494, 275.752], [-26.4494, 276.812], [-30.1244, 276.812], [-30.1244, 272.7071]]]}, "properties": {"room_id": "AD-404", "building_id": "AD", "floor": 4}}, {"type": "Feature", "geometry": {"type": "Polygon", "coordinates": [[[-26.3294, 276.812], [-26.3294, 275.752], [-25.9342, 275.752], [-25.9342, 275.252], [-26.3294, 275.252], [-26.3294, 273.602], [-25.9342, 273.602], [-25.9342, 272.7071], [-18.4342, 272.7071], [-18.4342, 273.602], [-18.0394, 273.602], [-18.0394, 275.252], [-18.4342, 275.252], [-18.4342, 275.752], [-18.0394, 275.752], [-18.0394, 276.812], [-26.3294, 276.812]]]}, "properties": {"room_id": "AD-405", "building_id": "AD", "floor": 4}}, {"type": "Feature", "geometry": {"type": "Polygon", "coordinates": [[[-17.9194, 276.812], [-17.9194, 275.752], [-17.9342, 275.752], [-17.9342, 275.252], [-17.9194, 275.252], [-17.9194, 273.602], [-17.9342, 273.602], [-17.9342, 272.7071], [-12.9698, 272.7071], [-12.9698, 276.812], [-17.9194, 276.812]]]}, "properties": {"room_id": "AD-407", "building_id": "AD", "floor": 4}}, {"type": "Feature", "geometry": {"type": "Polygon", "coordinates": [[[-25.9344, 267.6221], [-20.3694, 267.6221], [-20.3694, 270.3671], [-25.9344, 270.3671], [-25.9344, 269.0871], [-25.9344, 267.6221]]]}, "properties": {"room_id": "AD-410", "building_id": "AD", "floor": 4}}, {"type": "Feature", "geometry": {"type": "Polygon", "coordinates": [[[-20.2494, 267.6221], [-18.2444, 267.6221], [-18.2444, 270.4871], [-19.6494, 270.4871], [-19.6494, 270.3671], [-20.2494, 270.3671], [-20.2494, 267.6221]]]}, "properties": {"room_id": "AD-411", "building_id": "AD", "floor": 4}}, {"type": "Feature", "geometry": {"type": "Polygon", "coordinates": [[[-18.1244, 267.6221], [-10.2444, 267.6221], [-10.2444, 270.4871], [-18.1244, 270.4871], [-18.1244, 267.6221]]]}, "properties": {"room_id": "AD-412", "building_id": "AD", "floor": 4}}, {"type": "Feature", "geometry": {"type": "Polygon", "coordinates": [[[-10.1244, 267.6221], [-2.3394, 267.6221], [-2.1244, 267.6221], [-2.1244, 270.3671], [-10.1244, 270.3671], [-10.1244, 270.3493], [-10.1244, 267.6221]]]}, "properties": {"room_id": "AD-414", "building_id": "AD", "floor": 4}}, {"type": "Feature", "geometry": {"type": "Polygon", "coordinates": [[[5.9756, 267.6221], [5.9756, 270.2821], [5.6606, 270.2821], [-1.9344, 270.2821], [-1.9344, 267.6221], [5.8158, 267.6221], [5.9756, 267.6221]]]}, "properties": {"room_id": "AD-416", "building_id": "AD", "floor": 4}}, {"type": "Feature", "geometry": {"type": "Polygon", "coordinates": [[[6.5556, 270.3821], [6.5556, 267.5221], [7.4856, 267.5221], [7.4856, 270.3821], [6.5556, 270.3821]]]}, "properties": {"room_id": "AD-417", "building_id": "AD", "floor": 4}}, {"type": "Feature", "geometry": {"type": "Polygon", "coordinates": [[[-1.9342, 272.7071], [5.5659, 272.7071], [5.5659, 273.602], [5.9606, 273.602], [5.9606, 275.252], [5.5658, 275.252], [5.5658, 275.752], [5.9606, 275.752], [5.9606, 276.812], [-2.2444, 276.812], [-2.2444, 275.752], [-1.9342, 275.752], [-1.9342, 275.252], [-2.2442, 275.252], [-2.2442, 273.602], [-1.9342, 273.602], [-1.9342, 272.7071]]]}, "properties": {"room_id": "AD-418", "building_id": "AD", "floor": 4}}, {"type": "Feature", "geometry": {"type": "Polygon", "coordinates": [[[6.0658, 275.252], [6.0806, 275.252], [6.0806, 273.602], [6.0659, 273.602], [6.0659, 272.7071], [10.5406, 272.7071], [10.5406, 276.812], [6.0806, 276.812], [6.0806, 275.752], [6.0658, 275.752], [6.0658, 275.252]]]}, "properties": {"room_id": "AD-419", "building_id": "AD", "floor": 4}}, {"type": "Feature", "geometry": {"type": "Polygon", "coordinates": [[[10.6606, 272.6471], [10.6606, 270.4271], [10.6456, 270.4271], [10.6456, 267.4771], [10.6606, 267.4771], [10.6606, 265.2921], [10.9506, 265.2921], [10.9506, 265.3071], [15.5659, 265.3071], [15.5659, 266.202], [16.0659, 266.202], [16.0659, 265.3071], [17.6256, 265.3071], [17.6256, 276.812], [10.6606, 276.812], [10.6606, 272.6471]], [[16.0658, 275.752], [16.0658, 275.252], [15.5658, 275.252], [15.5658, 275.752], [16.0658, 275.752]], [[16.0659, 273.602], [16.0659, 272.602], [15.5659, 272.602], [15.5659, 273.602], [16.0659, 273.602]]]}, "properties": {"room_id": "AD-420", "building_id": "AD", "floor": 4}}, {"type": "Feature", "geometry": {"type": "Polygon", "coordinates": [[[-2.2444, 265.202], [-2.2444, 258.802], [-1.9342, 258.802], [-1.9342, 258.3621], [5.5658, 258.3621], [5.5658, 258.802], [6.0658, 258.802], [6.0658, 258.8171], [6.4506, 258.8171], [6.4506, 260.3471], [6.4506, 265.1871], [6.0658, 265.1871], [6.0658, 265.202], [5.5659, 265.202], [5.5658, 265.1871], [-1.9342, 265.1871], [-1.9342, 265.202], [-2.2444, 265.202]]]}, "properties": {"room_id": "AD-422", "building_id": "AD", "floor": 4}}, {"type": "Feature", "geometry": {"type": "Polygon", "coordinates": [[[10.6606, 261.8721], [10.9956, 261.8721], [10.9956, 258.3621], [15.5658, 258.3621], [15.5658, 258.802], [16.0658, 258.802], [16.0658, 258.3621], [17.6256, 258.3621], [17.6256, 265.1871], [16.0658, 265.1871], [16.0658, 265.202], [15.5659, 265.202], [15.5658, 265.1871], [10.9956, 265.1871], [10.9956, 263.3121], [10.6606, 263.3121], [10.6606, 261.8721]]]}, "properties": {"room_id": "AD-423", "building_id": "AD", "floor": 4}}, {"type": "Feature", "geometry": {"type": "Polygon", "coordinates": [[[-2.2444, 257.802], [-2.2444, 251.402], [-1.9342, 251.402], [5.5658, 251.4021], [6.0658, 251.402], [6.4656, 251.4021], [6.4656, 252.7471], [6.4506, 252.7471], [6.4506, 256.2571], [6.4506, 257.7871], [6.0658, 257.7871], [6.0658, 257.802], [5.5658, 257.802], [5.5658, 258.2421], [-1.9342, 258.2421], [-1.9342, 257.802], [-2.2444, 257.802]]]}, "properties": {"room_id": "AD-424", "building_id": "AD", "floor": 4}}, {"type": "Feature", "geometry": {"type": "Polygon", "coordinates": [[[12.6306, 251.4021], [15.5658, 251.4021], [16.0658, 251.402], [17.6256, 251.4021], [17.6256, 258.2421], [16.0658, 258.2421], [16.0658, 257.802], [15.5658, 257.802], [15.5658, 258.2421], [10.9956, 258.2421], [10.9956, 254.7321], [10.6606, 254.7321], [10.6606, 253.2921], [10.9956, 253.2921], [10.9956, 251.4021], [12.6306, 251.4021]]]}, "properties": {"room_id": "AD-425", "building_id": "AD", "floor": 4}}, {"type": "Feature", "geometry": {"type": "Polygon", "coordinates": [[[-2.2444, 248.9821], [-2.2444, 248.9805], [-2.2444, 246.2382], [1.7556, 246.2382], [1.7556, 248.9821], [-2.2444, 248.9821]]]}, "properties": {"room_id": "AD-426", "building_id": "AD", "floor": 4}}, {"type": "Feature", "geometry": {"type": "Polygon", "coordinates": [[[5.8756, 246.2382], [5.8756, 248.9821], [1.8756, 248.9821], [1.8756, 246.2382], [5.8756, 246.2382]]]}, "properties": {"room_id": "AD-427", "building_id": "AD", "floor": 4}}, {"type": "Feature", "geometry": {"type": "Polygon", "coordinates": [[[6.5706, 246.2221], [7.4856, 246.2221], [7.4856, 249.0671], [7.3479, 249.0671], [6.5706, 249.0671], [6.5706, 246.2221]]]}, "properties": {"room_id": "AD-428", "building_id": "AD", "floor": 4}}, {"type": "Feature", "geometry": {"type": "Polygon", "coordinates": [[[12.5356, 243.8971], [6.0656, 243.8971], [6.0656, 243.002], [6.0806, 243.002], [6.0806, 241.352], [6.0658, 241.352], [6.0658, 240.852], [6.0806, 240.852], [6.0806, 239.792], [17.6256, 239.792], [17.6256, 243.0021], [16.0658, 243.0021], [15.7556, 243.002], [15.7556, 242.1471], [15.7556, 241.4601], [15.7556, 241.352], [16.0658, 241.352], [16.0658, 240.852], [15.5658, 240.852], [15.5658, 241.2621], [15.5576, 241.2621], [12.5356, 241.2621], [12.5356, 242.1471], [12.5356, 243.8971]]]}, "properties": {"room_id": "AD-429", "building_id": "AD", "floor": 4}}, {"type": "Feature", "geometry": {"type": "Polygon", "coordinates": [[[5.5656, 243.8971], [1.8756, 243.8971], [1.8756, 239.792], [5.9606, 239.792], [5.9606, 240.852], [5.5658, 240.852], [5.5658, 241.352], [5.9606, 241.352], [5.9606, 243.002], [5.5656, 243.002], [5.5656, 243.8971]]]}, "properties": {"room_id": "AD-430", "building_id": "AD", "floor": 4}}, {"type": "Feature", "geometry": {"type": "Polygon", "coordinates": [[[-2.3294, 243.002], [-2.3294, 241.352], [-1.9342, 241.352], [-1.9342, 240.852], [-2.3294, 240.852], [-2.3294, 239.792], [1.7556, 239.792], [1.7556, 243.8971], [-1.9344, 243.8971], [-1.9344, 243.002], [-2.3294, 243.002]]]}, "properties": {"room_id": "AD-431", "building_id": "AD", "floor": 4}}, {"type": "Feature", "geometry": {"type": "Polygon", "coordinates": [[[-10.3294, 243.002], [-10.3294, 241.352], [-9.9342, 241.352], [-9.9342, 240.852], [-10.3294, 240.852], [-10.3294, 239.792], [-2.4494, 239.792], [-2.4494, 240.852], [-2.4342, 240.852], [-2.4342, 241.352], [-2.4494, 241.352], [-2.4494, 243.002], [-2.4344, 243.002], [-2.4344, 243.8971], [-9.9342, 243.8971], [-9.9342, 243.002], [-10.3294, 243.002]]]}, "properties": {"room_id": "AD-432", "building_id": "AD", "floor": 4}}, {"type": "Feature", "geometry": {"type": "Polygon", "coordinates": [[[-18.3294, 243.002], [-18.3294, 241.352], [-17.9342, 241.352], [-17.9342, 240.852], [-18.3294, 240.852], [-18.3294, 239.792], [-10.4494, 239.792], [-10.4494, 240.852], [-10.4342, 240.852], [-10.4342, 241.352], [-10.4494, 241.352], [-10.4494, 243.002], [-10.4342, 243.002], [-10.4342, 243.8971], [-17.9342, 243.8971], [-17.9342, 243.002], [-18.3294, 243.002]]]}, "properties": {"room_id": "AD-435", "building_id": "AD", "floor": 4}}, {"type": "Feature", "geometry": {"type": "Polygon", "coordinates": [[[-26.4494, 243.002], [-26.4494, 242.9871], [-26.4294, 242.9871], [-26.4294, 241.452], [-25.8342, 241.452], [-25.8342, 240.752], [-26.4294, 240.752], [-26.4294, 239.792], [-18.4494, 239.792], [-18.4494, 240.852], [-18.4342, 240.852], [-18.4342, 241.352], [-18.4494, 241.352], [-18.4494, 243.002], [-18.4342, 243.002], [-18.4342, 243.8971], [-25.8194, 243.8971], [-25.8194, 243.002], [-25.8194, 242.9871], [-25.9194, 242.9871], [-25.9194, 243.002], [-26.4494, 243.002]]]}, "properties": {"room_id": "AD-436", "building_id": "AD", "floor": 4}}, {"type": "Feature", "geometry": {"type": "Polygon", "coordinates": [[[-34.3444, 243.002], [-34.3444, 241.452], [-33.8342, 241.452], [-33.8342, 240.752], [-34.3442, 240.752], [-34.3442, 239.792], [-26.5494, 239.792], [-26.5494, 240.752], [-26.5342, 240.752], [-26.5342, 241.452], [-26.5494, 241.452], [-26.5494, 242.9871], [-26.5494, 243.002], [-26.5494, 243.8971], [-33.8194, 243.8971], [-33.8194, 243.002], [-33.8194, 242.9871], [-33.9194, 242.9871], [-33.9194, 243.002], [-34.3444, 243.002]]]}, "properties": {"room_id": "AD-437", "building_id": "AD", "floor": 4}}, {"type": "Feature", "geometry": {"type": "Polygon", "coordinates": [[[-19.6944, 246.1321], [-19.6944, 247.5171], [-19.6944, 248.9821], [-26.2444, 248.9821], [-26.2444, 246.1321], [-19.6944, 246.1321]]]}, "properties": {"room_id": "AD-438", "building_id": "AD", "floor": 4}}, {"type": "Feature", "geometry": {"type": "Polygon", "coordinates": [[[-42.0244, 241.452], [-42.0244, 243.002], [-42.4494, 243.002], [-42.4494, 242.9871], [-42.5494, 242.9871], [-42.5494, 243.002], [-42.5494, 243.8971], [-49.9342, 243.8971], [-49.9342, 243.002], [-49.9194, 243.002], [-49.9194, 241.352], [-49.9342, 241.352], [-49.9342, 240.852], [-49.9194, 240.852], [-49.9194, 239.792], [-42.0244, 239.792], [-42.0244, 240.752], [-42.5342, 240.752], [-42.5342, 241.452], [-42.0244, 241.452]]]}, "properties": {"room_id": "AD-439", "building_id": "AD", "floor": 4}}, {"type": "Feature", "geometry": {"type": "Polygon", "coordinates": [[[-50.4342, 243.8971], [-54.1244, 243.8971], [-54.1244, 239.792], [-50.0394, 239.792], [-50.0394, 240.852], [-50.4342, 240.852], [-50.4342, 241.352], [-50.0394, 241.352], [-50.0394, 243.002], [-50.4342, 243.002], [-50.4342, 243.8971]]]}, "properties": {"room_id": "AD-440", "building_id": "AD", "floor": 4}}, {"type": "Feature", "geometry": {"type": "Polygon", "coordinates": [[[-57.9342, 243.002], [-57.9194, 243.002], [-57.9194, 241.352], [-57.9342, 241.352], [-57.9342, 240.852], [-57.9194, 240.852], [-57.9194, 239.792], [-54.2444, 239.792], [-54.2444, 243.8971], [-57.9342, 243.8971], [-57.9342, 243.002]]]}, "properties": {"room_id": "AD-441", "building_id": "AD", "floor": 4}}, {"type": "Feature", "geometry": {"type": "Polygon", "coordinates": [[[-58.4342, 243.8971], [-62.1244, 243.8971], [-62.1244, 239.792], [-58.0394, 239.792], [-58.0394, 240.852], [-58.4342, 240.852], [-58.4342, 241.352], [-58.0394, 241.352], [-58.0394, 243.002], [-58.4342, 243.002], [-58.4342, 243.8971]]]}, "properties": {"room_id": "AD-442", "building_id": "AD", "floor": 4}}, {"type": "Feature", "geometry": {"type": "Polygon", "coordinates": [[[-62.2444, 243.8971], [-65.9342, 243.8971], [-65.9342, 243.002], [-65.9194, 243.002], [-65.9194, 241.352], [-65.9342, 241.352], [-65.9342, 240.852], [-65.9194, 240.852], [-65.9194, 239.792], [-62.2444, 239.792], [-62.2444, 243.8971]]]}, "properties": {"room_id": "AD-443", "building_id": "AD", "floor": 4}}, {"type": "Feature", "geometry": {"type": "Polygon", "coordinates": [[[-74.3344, 243.002], [-74.3344, 241.352], [-73.9342, 241.352], [-73.9342, 240.852], [-74.3344, 240.852], [-74.3344, 239.792], [-66.0394, 239.792], [-66.0394, 240.852], [-66.4342, 240.852], [-66.4342, 241.352], [-66.0394, 241.352], [-66.0394, 243.002], [-66.4342, 243.002], [-66.4342, 243.8971], [-73.9344, 243.8971], [-73.9344, 243.002], [-74.3344, 243.002]]]}, "properties": {"room_id": "AD-444", "building_id": "AD", "floor": 4}}, {"type": "Feature", "geometry": {"type": "Polygon", "coordinates": [[[-75.0144, 243.8971], [-78.4144, 243.8971], [-78.4144, 239.792], [-74.6144, 239.792], [-74.6144, 240.852], [-75.0144, 240.852], [-75.0144, 241.352], [-74.6144, 241.352], [-74.6144, 243.002], [-75.0144, 243.002], [-75.0144, 243.8971]]]}, "properties": {"room_id": "AD-446", "building_id": "AD", "floor": 4}}, {"type": "Feature", "geometry": {"type": "Polygon", "coordinates": [[[-82.2445, 240.852], [-82.2445, 239.792], [-78.5344, 239.792], [-78.5344, 243.8971], [-81.9344, 243.8971], [-81.9344, 243.002], [-82.2445, 243.002], [-82.2445, 241.352], [-81.9344, 241.352], [-81.9344, 240.852], [-82.2445, 240.852]]]}, "properties": {"room_id": "AD-447", "building_id": "AD", "floor": 4}}, {"type": "Feature", "geometry": {"type": "Polygon", "coordinates": [[[-42.1244, 246.2371], [-42.1244, 248.9821], [-46.0699, 248.9821], [-46.0699, 246.2371], [-42.1244, 246.2371]]]}, "properties": {"room_id": "AD-448", "building_id": "AD", "floor": 4}}, {"type": "Feature", "geometry": {"type": "Polygon", "coordinates": [[[-50.1244, 246.2371], [-46.1899, 246.2371], [-46.1899, 248.9821], [-50.1244, 248.9821], [-50.1244, 246.2371]]]}, "properties": {"room_id": "AD-449", "building_id": "AD", "floor": 4}}, {"type": "Feature", "geometry": {"type": "Polygon", "coordinates": [[[-54.2294, 246.2371], [-50.2444, 246.2371], [-50.2444, 248.9821], [-54.2294, 248.9821], [-54.2294, 246.2548], [-54.2294, 246.2371]]]}, "properties": {"room_id": "AD-450", "building_id": "AD", "floor": 4}}, {"type": "Feature", "geometry": {"type": "Polygon", "coordinates": [[[-54.3494, 246.1171], [-54.3494, 248.9821], [-62.0194, 248.9821], [-62.0194, 246.1171], [-54.3494, 246.1171]]]}, "properties": {"room_id": "AD-451", "building_id": "AD", "floor": 4}}, {"type": "Feature", "geometry": {"type": "Polygon", "coordinates": [[[-66.1244, 248.9821], [-66.1244, 246.2371], [-62.1394, 246.2371], [-62.1394, 246.2548], [-62.1394, 248.9821], [-66.1244, 248.9821]]]}, "properties": {"room_id": "AD-453", "building_id": "AD", "floor": 4}}, {"type": "Feature", "geometry": {"type": "Polygon", "coordinates": [[[-66.2444, 246.2371], [-66.2444, 248.9821], [-70.2294, 248.9821], [-70.2294, 246.2371], [-66.2444, 246.2371]]]}, "properties": {"room_id": "AD-454", "building_id": "AD", "floor": 4}}, {"type": "Feature", "geometry": {"type": "Polygon", "coordinates": [[[-70.3494, 246.2371], [-70.3494, 248.9821], [-74.0294, 248.9821], [-74.3343, 248.9821], [-74.3343, 246.2371], [-70.3494, 246.2371]]]}, "properties": {"room_id": "AD-455", "building_id": "AD", "floor": 4}}, {"type": "Feature", "geometry": {"type": "Polygon", "coordinates": [[[-79.4944, 246.2371], [-74.6144, 246.2371], [-74.6144, 248.9821], [-79.4953, 248.9821], [-79.4953, 247.5621], [-79.4944, 247.5621], [-79.4944, 246.2371]]]}, "properties": {"room_id": "AD-456", "building_id": "AD", "floor": 4}}, {"type": "Feature", "geometry": {"type": "Polygon", "coordinates": [[[-98.9444, 246.2221], [-98.9444, 249.0771], [-98.9444, 249.0821], [-99.4694, 249.0821], [-99.4694, 246.2221], [-98.9444, 246.2221]]]}, "properties": {"room_id": "AD-459", "building_id": "AD", "floor": 4}}, {"type": "Feature", "geometry": {"type": "Polygon", "coordinates": [[[-97.9342, 243.002], [-97.9194, 243.002], [-97.9194, 241.352], [-97.9342, 241.352], [-97.9342, 240.852], [-97.9194, 240.852], [-97.9194, 239.792], [-90.1244, 239.792], [-90.1244, 240.852], [-90.4342, 240.852], [-90.4342, 241.352], [-90.1244, 241.352], [-90.1244, 243.002], [-90.4344, 243.002], [-90.4344, 243.897], [-97.9342, 243.897], [-97.9342, 243.002]]]}, "properties": {"room_id": "AD-460", "building_id": "AD", "floor": 4}}, {"type": "Feature", "geometry": {"type": "Polygon", "coordinates": [[[-102.5244, 243.8971], [-102.5244, 239.792], [-98.0394, 239.792], [-98.0394, 240.852], [-98.4342, 240.852], [-98.4342, 241.352], [-98.0394, 241.352], [-98.0394, 243.002], [-98.4342, 243.002], [-98.4342, 243.8971], [-102.5244, 243.8971]]]}, "properties": {"room_id": "AD-462", "building_id": "AD", "floor": 4}}, {"type": "Feature", "geometry": {"type": "Polygon", "coordinates": [[[-102.6444, 246.1171], [-109.9944, 246.1171], [-109.9944, 239.792], [-102.6444, 239.792], [-102.6444, 243.9571], [-102.6444, 246.1171]], [[-107.9342, 241.352], [-107.9342, 240.852], [-108.4342, 240.852], [-108.4342, 241.352], [-107.9342, 241.352]], [[-107.9342, 244.002], [-107.9342, 243.002], [-108.4342, 243.002], [-108.4342, 244.002], [-107.9342, 244.002]]]}, "properties": {"room_id": "AD-463", "building_id": "AD", "floor": 4}}, {"type": "Feature", "geometry": {"type": "Polygon", "coordinates": [[[-102.6444, 251.3121], [-102.9344, 251.3121], [-102.9344, 251.2971], [-102.981, 251.2971], [-107.9344, 251.2971], [-107.9344, 250.402], [-108.4344, 250.402], [-108.4344, 251.2971], [-109.9944, 251.2971], [-109.9944, 246.2371], [-102.5844, 246.2371], [-101.7044, 246.2371], [-101.7044, 247.5921], [-102.6294, 247.5921], [-102.6294, 249.1271], [-102.6444, 249.1271], [-102.6444, 251.3121]]]}, "properties": {"room_id": "AD-464", "building_id": "AD", "floor": 4}}, {"type": "Feature", "geometry": {"type": "Polygon", "coordinates": [[[-102.9344, 254.7321], [-102.9344, 254.7171], [-109.9944, 254.7171], [-109.9944, 251.4171], [-108.4342, 251.4171], [-108.4342, 251.402], [-107.9344, 251.402], [-107.9342, 251.4171], [-102.9794, 251.4171], [-102.9794, 253.2921], [-102.6444, 253.2921], [-102.6444, 254.7321], [-102.9344, 254.7321]]]}, "properties": {"room_id": "AD-465", "building_id": "AD", "floor": 4}}, {"type": "Feature", "geometry": {"type": "Polygon", "coordinates": [[[-102.6444, 256.7321], [-102.6444, 258.2421], [-107.9341, 258.2421], [-107.9341, 257.802], [-108.4341, 257.802], [-108.4341, 258.2421], [-109.9944, 258.2421], [-109.9944, 254.8371], [-102.9794, 254.8371], [-102.9794, 256.7321], [-102.6444, 256.7321]]]}, "properties": {"room_id": "AD-466", "building_id": "AD", "floor": 4}}, {"type": "Feature", "geometry": {"type": "Polygon", "coordinates": [[[-102.9794, 261.767], [-109.9944, 261.767], [-109.9944, 258.3621], [-108.4341, 258.3621], [-108.4341, 258.802], [-107.9341, 258.802], [-107.9341, 258.3621], [-102.6444, 258.3621], [-102.6444, 259.8721], [-102.9794, 259.8721], [-102.9794, 261.767]]]}, "properties": {"room_id": "AD-467", "building_id": "AD", "floor": 4}}, {"type": "Feature", "geometry": {"type": "Polygon", "coordinates": [[[-108.4342, 265.2021], [-109.9944, 265.2021], [-109.9944, 261.887], [-102.9344, 261.887], [-102.9344, 261.872], [-102.6444, 261.872], [-102.6444, 263.3121], [-102.9794, 263.3121], [-102.9794, 265.202], [-104.9994, 265.202], [-107.9341, 265.202], [-108.4341, 265.202], [-108.4342, 265.2021]]]}, "properties": {"room_id": "AD-468", "building_id": "AD", "floor": 4}}, {"type": "Feature", "geometry": {"type": "Polygon", "coordinates": [[[-93.1044, 258.2421], [-97.9341, 258.2421], [-97.9341, 257.802], [-98.4341, 257.802], [-98.4341, 258.2421], [-99.3644, 258.2421], [-99.3644, 251.4171], [-98.4342, 251.4171], [-98.4342, 251.402], [-97.9344, 251.402], [-97.9344, 251.4171], [-93.1044, 251.4171], [-93.1044, 258.2421]]]}, "properties": {"room_id": "AD-469", "building_id": "AD", "floor": 4}}, {"type": "Feature", "geometry": {"type": "Polygon", "coordinates": [[[-97.9341, 258.3621], [-93.1044, 258.3621], [-93.1044, 265.1871], [-97.9342, 265.1871], [-97.9342, 265.202], [-98.4342, 265.202], [-98.4342, 265.1871], [-99.3644, 265.1871], [-99.3644, 258.3621], [-98.4341, 258.3621], [-98.4341, 258.802], [-97.9341, 258.802], [-97.9341, 258.3621]]]}, "properties": {"room_id": "AD-470", "building_id": "AD", "floor": 4}}, {"type": "Feature", "geometry": {"type": "Polygon", "coordinates": [[[-90.4341, 258.2421], [-92.9844, 258.2421], [-92.9844, 251.4171], [-90.4342, 251.4171], [-90.4342, 251.402], [-89.9344, 251.402], [-89.9342, 251.4171], [-82.4342, 251.4171], [-82.4342, 251.402], [-82.0394, 251.402], [-82.0394, 257.802], [-82.4341, 257.802], [-82.4341, 258.2421], [-89.9341, 258.2421], [-89.9341, 257.802], [-90.4341, 257.802], [-90.4341, 258.2421]]]}, "properties": {"room_id": "AD-471", "building_id": "AD", "floor": 4}}, {"type": "Feature", "geometry": {"type": "Polygon", "coordinates": [[[-92.9844, 258.3621], [-90.4341, 258.3621], [-90.4341, 258.802], [-89.9341, 258.802], [-89.9341, 258.3621], [-82.4341, 258.3621], [-82.4341, 258.802], [-82.0394, 258.802], [-82.0394, 265.1693], [-82.0394, 265.202], [-82.4341, 265.202], [-82.4342, 265.1871], [-89.7633, 265.1871], [-89.9342, 265.202], [-90.4342, 265.202], [-90.4342, 265.1871], [-92.9844, 265.1871], [-92.9844, 258.3621]]]}, "properties": {"room_id": "AD-472", "building_id": "AD", "floor": 4}}, {"type": "Feature", "geometry": {"type": "Polygon", "coordinates": [[[-74.1244, 251.4171], [-74.1244, 257.802], [-74.4341, 257.802], [-74.5144, 257.802], [-75.0144, 257.802], [-75.0144, 258.2421], [-80.5994, 258.2421], [-80.5994, 251.4171], [-75.0159, 251.4171], [-75.0144, 251.4171], [-74.5144, 251.4171], [-74.4344, 251.4171], [-74.1244, 251.4171]]]}, "properties": {"room_id": "AD-473", "building_id": "AD", "floor": 4}}, {"type": "Feature", "geometry": {"type": "Polygon", "coordinates": [[[-74.1244, 258.8021], [-74.1244, 265.202], [-74.4342, 265.202], [-74.5142, 265.202], [-75.0142, 265.202], [-75.0159, 265.202], [-75.0159, 265.1871], [-80.5994, 265.1871], [-80.5994, 265.1693], [-80.5994, 258.3621], [-75.0144, 258.3621], [-75.0144, 258.8021], [-74.5144, 258.8021], [-74.4341, 258.8021], [-74.1244, 258.8021]]]}, "properties": {"room_id": "AD-474", "building_id": "AD", "floor": 4}}, {"type": "Feature", "geometry": {"type": "Polygon", "coordinates": [[[-99.4544, 267.5221], [-98.9444, 267.5221], [-98.9444, 269.8921], [-99.4544, 269.8921], [-99.4544, 267.5221]]]}, "properties": {"room_id": "AD-475", "building_id": "AD", "floor": 4}}, {"type": "Feature", "geometry": {"type": "Polygon", "coordinates": [[[-91.6644, 269.9371], [-91.6644, 267.6221], [-90.3394, 267.6221], [-86.8794, 267.6221], [-86.8794, 270.3671], [-91.6644, 270.3671], [-91.6644, 269.9371]]]}, "properties": {"room_id": "AD-478", "building_id": "AD", "floor": 4}}, {"type": "Feature", "geometry": {"type": "Polygon", "coordinates": [[[-86.7594, 267.6221], [-83.1844, 267.6221], [-83.1844, 269.047], [-82.1244, 269.047], [-82.1244, 270.3671], [-86.7594, 270.3671], [-86.7594, 267.6221]]]}, "properties": {"room_id": "AD-479", "building_id": "AD", "floor": 4}}, {"type": "Feature", "geometry": {"type": "Polygon", "coordinates": [[[-80.5144, 268.952], [-80.5144, 267.622], [-74.6044, 267.622], [-74.6044, 270.2821], [-80.5144, 270.2821], [-80.5144, 268.952]]]}, "properties": {"room_id": "AD-480", "building_id": "AD", "floor": 4}}, {"type": "Feature", "geometry": {"type": "Polygon", "coordinates": [[[-74.0294, 267.622], [-70.3894, 267.622], [-70.3894, 270.3671], [-74.3444, 270.3671], [-74.3444, 267.622], [-74.0294, 267.622]]]}, "properties": {"room_id": "AD-481", "building_id": "AD", "floor": 4}}, {"type": "Feature", "geometry": {"type": "Polygon", "coordinates": [[[-70.2694, 267.622], [-66.2444, 267.622], [-66.2444, 270.3671], [-70.2694, 270.3671], [-70.2694, 267.622]]]}, "properties": {"room_id": "AD-482", "building_id": "AD", "floor": 4}}, {"type": "Feature", "geometry": {"type": "Polygon", "coordinates": [[[-66.1244, 267.622], [-62.2844, 267.622], [-62.2844, 270.3671], [-66.1244, 270.3671], [-66.1244, 267.622]]]}, "properties": {"room_id": "AD-483", "building_id": "AD", "floor": 4}}, {"type": "Feature", "geometry": {"type": "Polygon", "coordinates": [[[-62.1644, 267.622], [-58.1244, 267.622], [-58.1244, 270.3475], [-58.1244, 270.3671], [-62.1644, 270.3671], [-62.1644, 267.622]]]}, "properties": {"room_id": "AD-484", "building_id": "AD", "floor": 4}}, {"type": "Feature", "geometry": {"type": "Polygon", "coordinates": [[[-107.9342, 276.812], [-107.9342, 275.752], [-107.9344, 275.342], [-107.9264, 275.342], [-104.9044, 275.342], [-104.9044, 274.4571], [-104.9044, 272.7071], [-98.4342, 272.7071], [-98.4342, 273.602], [-98.4494, 273.602], [-98.4494, 275.252], [-98.4342, 275.252], [-98.4342, 275.752], [-98.4494, 275.752], [-98.4494, 276.812], [-107.9342, 276.812]]]}, "properties": {"room_id": "AD-485", "building_id": "AD", "floor": 4}}, {"type": "Feature", "geometry": {"type": "Polygon", "coordinates": [[[-98.3294, 275.252], [-98.3294, 273.602], [-97.9342, 273.602], [-97.9342, 272.7921], [-96.5394, 272.7921], [-90.4342, 272.7921], [-90.4342, 273.602], [-90.0394, 273.602], [-90.0394, 275.252], [-90.4342, 275.252], [-90.4342, 275.752], [-90.0394, 275.752], [-90.0394, 276.812], [-98.3294, 276.812], [-98.3294, 275.752], [-97.9342, 275.752], [-97.9342, 275.252], [-98.3294, 275.252]]]}, "properties": {"room_id": "AD-486", "building_id": "AD", "floor": 4}}, {"type": "Feature", "geometry": {"type": "Polygon", "coordinates": [[[-89.9342, 275.252], [-89.9194, 275.252], [-89.9194, 273.602], [-89.9342, 273.602], [-89.9342, 272.7071], [-86.2444, 272.7071], [-86.2444, 276.812], [-89.9194, 276.812], [-89.9194, 275.752], [-89.9342, 275.752], [-89.9342, 275.252]]]}, "properties": {"room_id": "AD-487", "building_id": "AD", "floor": 4}}, {"type": "Feature", "geometry": {"type": "Polygon", "coordinates": [[[-86.1244, 272.7071], [-82.4342, 272.7071], [-82.4342, 273.602], [-82.4494, 273.602], [-82.4494, 275.252], [-82.4342, 275.252], [-82.4342, 275.752], [-82.4494, 275.752], [-82.4494, 276.812], [-86.1244, 276.812], [-86.1244, 272.7071]]]}, "properties": {"room_id": "AD-488", "building_id": "AD", "floor": 4}}, {"type": "Feature", "geometry": {"type": "Polygon", "coordinates": [[[-82.3294, 275.252], [-82.3294, 273.602], [-81.9342, 273.602], [-81.9342, 272.7071], [-78.5344, 272.7071], [-78.5344, 276.812], [-82.3294, 276.812], [-82.3294, 275.752], [-81.9342, 275.752], [-81.9342, 275.252], [-82.3294, 275.252]]]}, "properties": {"room_id": "AD-489", "building_id": "AD", "floor": 4}}, {"type": "Feature", "geometry": {"type": "Polygon", "coordinates": [[[-78.4144, 272.7071], [-75.0144, 272.7071], [-75.0144, 273.602], [-74.6143, 273.602], [-74.6143, 275.252], [-75.0159, 275.252], [-75.0159, 275.752], [-74.6144, 275.752], [-74.6144, 276.812], [-78.4144, 276.812], [-78.4144, 272.7071]]]}, "properties": {"room_id": "AD-490", "building_id": "AD", "floor": 4}}, {"type": "Feature", "geometry": {"type": "Polygon", "coordinates": [[[-74.3344, 275.252], [-74.3344, 273.602], [-73.9344, 273.602], [-73.9344, 272.7071], [-70.2444, 272.7071], [-70.2444, 276.812], [-74.3344, 276.812], [-74.3344, 275.752], [-73.9342, 275.752], [-73.9342, 275.252], [-74.3344, 275.252]]]}, "properties": {"room_id": "AD-491", "building_id": "AD", "floor": 4}}, {"type": "Feature", "geometry": {"type": "Polygon", "coordinates": [[[-70.1244, 272.7071], [-66.4344, 272.7071], [-66.4344, 273.602], [-66.0394, 273.602], [-66.0394, 275.252], [-66.4342, 275.252], [-66.4342, 275.752], [-66.0394, 275.752], [-66.0394, 276.812], [-70.1244, 276.812], [-70.1244, 272.7071]]]}, "properties": {"room_id": "AD-492", "building_id": "AD", "floor": 4}}, {"type": "Feature", "geometry": {"type": "Polygon", "coordinates": [[[-65.9194, 276.812], [-65.9194, 275.752], [-65.9342, 275.752], [-65.9342, 275.252], [-65.9194, 275.252], [-65.9194, 273.602], [-65.9344, 273.602], [-65.9344, 272.7071], [-58.5494, 272.7071], [-58.5494, 273.602], [-58.5494, 275.152], [-58.5344, 275.152], [-58.5344, 275.852], [-58.5494, 275.852], [-58.5494, 276.812], [-65.9194, 276.812]]]}, "properties": {"room_id": "AD-493", "building_id": "AD", "floor": 4}}, {"type": "Feature", "geometry": {"type": "Polygon", "coordinates": [[[-57.8194, 272.7071], [-50.4342, 272.7071], [-50.4342, 273.602], [-50.0394, 273.602], [-50.0394, 275.252], [-50.4342, 275.252], [-50.4342, 275.752], [-50.0394, 275.752], [-50.0394, 276.812], [-57.8194, 276.812], [-57.8194, 275.852], [-57.8344, 275.852], [-57.8344, 275.152], [-57.8194, 275.152], [-57.8194, 273.602], [-57.8194, 272.7071]]]}, "properties": {"room_id": "AD-495", "building_id": "AD", "floor": 4}}, {"type": "Feature", "geometry": {"type": "Polygon", "coordinates": [[[-34.9844, 267.6221], [-34.9844, 269.7821], [-36.4294, 269.7821], [-36.4294, 268.8821], [-36.5194, 268.8821], [-36.5194, 269.8771], [-36.5194, 270.1421], [-42.2444, 270.1421], [-42.2444, 267.6221], [-34.9844, 267.6221]]]}, "properties": {"room_id": "AD-4.WC1", "building_id": "AD", "floor": 4}}, {"type": "Feature", "geometry": {"type": "Polygon", "coordinates": [[[-34.5044, 267.6221], [-27.2444, 267.6221], [-27.2444, 269.0871], [-27.2444, 270.1421], [-32.9694, 270.1421], [-32.9694, 269.8771], [-32.9694, 268.8821], [-33.0594, 268.8821], [-33.0594, 269.7821], [-34.5044, 269.7821], [-34.5044, 267.6221]]]}, "properties": {"room_id": "AD-4.WC2", "building_id": "AD", "floor": 4}}, {"type": "Feature", "geometry": {"type": "Polygon", "coordinates": [[[-3.3844, 246.4621], [-3.3844, 248.9821], [-10.6444, 248.9821], [-10.6444, 246.8221], [-9.1994, 246.8221], [-9.1994, 247.7221], [-9.1094, 247.7221], [-9.1094, 246.7271], [-9.1094, 246.4621], [-3.3844, 246.4621]]]}, "properties": {"room_id": "AD-4.WC3", "building_id": "AD", "floor": 4}}, {"type": "Feature", "geometry": {"type": "Polygon", "coordinates": [[[-12.5694, 246.822], [-11.1244, 246.822], [-11.1244, 248.9821], [-18.3844, 248.9821], [-18.3844, 247.5171], [-18.3844, 246.4621], [-12.6594, 246.4621], [-12.6594, 246.727], [-12.6594, 247.7221], [-12.5694, 247.7221], [-12.5694, 246.822]]]}, "properties": {"room_id": "AD-4.WC4", "building_id": "AD", "floor": 4}}, {"type": "Feature", "geometry": {"type": "Polygon", "coordinates": [[[-82.1244, 246.4621], [-82.1244, 247.6121], [-82.1244, 248.9821], [-89.3844, 248.9821], [-89.3844, 246.8221], [-87.9394, 246.8221], [-87.9394, 247.7221], [-87.8494, 247.7221], [-87.8494, 246.7271], [-87.8494, 246.4621], [-82.1244, 246.4621]]]}, "properties": {"room_id": "AD-4.WC5", "building_id": "AD", "floor": 4}}, {"type": "Feature", "geometry": {"type": "Polygon", "coordinates": [[[-91.3094, 246.8221], [-89.8644, 246.8221], [-89.8644, 248.9821], [-90.0294, 248.9821], [-97.1244, 248.9821], [-97.1244, 246.4621], [-91.3994, 246.4621], [-91.3994, 246.7271], [-91.3994, 247.7221], [-91.3094, 247.7221], [-91.3094, 246.8221]]]}, "properties": {"room_id": "AD-4.WC6", "building_id": "AD", "floor": 4}}, {"type": "Feature", "geometry": {"type": "Polygon", "coordinates": [[[-97.9344, 269.8921], [-97.9344, 267.6221], [-94.9894, 267.6221], [-94.9894, 269.8921], [-96.489, 269.8921], [-96.5344, 269.8921], [-96.6421, 269.8921], [-97.9344, 269.8921]]]}, "properties": {"room_id": "AD-4.WC7", "building_id": "AD", "floor": 4}}, {"type": "Feature", "geometry": {"type": "Polygon", "coordinates": [[[-94.7994, 267.6221], [-91.8544, 267.6221], [-91.8544, 269.8921], [-93.2994, 269.8921], [-94.7994, 269.8921], [-94.7994, 267.6221]]]}, "properties": {"room_id": "AD-4.WC8", "building_id": "AD", "floor": 4}}, {"type": "Feature", "geometry": {"type": "Polygon", "coordinates": [[[-104.9044, 272.5871], [-104.9044, 267.4971], [-104.9044, 265.392], [-102.9344, 265.392], [-101.5994, 265.392], [-101.5994, 263.3121], [-102.5244, 263.3121], [-102.5244, 261.872], [-101.5994, 261.872], [-101.5994, 259.8721], [-102.5244, 259.8721], [-102.5244, 258.3021], [-102.5244, 256.7321], [-101.5994, 256.7321], [-101.5994, 254.7321], [-102.5244, 254.7321], [-102.5244, 253.2921], [-101.5994, 253.2921], [-101.5994, 251.3121], [-102.5244, 251.3121], [-102.5244, 249.1721], [-101.5994, 249.1721], [-101.5994, 247.6371], [-101.5844, 247.6371], [-101.5844, 246.1171], [-102.5244, 246.1171], [-102.5244, 244.0171], [-98.4342, 244.0171], [-98.4342, 244.002], [-98.1242, 244.002], [-98.1242, 246.1321], [-98.8994, 246.1321], [-99.4694, 246.1321], [-99.4694, 249.0805], [-99.4694, 249.1721], [-98.8994, 249.1721], [-97.2194, 249.1721], [-90.1244, 249.1721], [-90.1244, 250.402], [-90.4344, 250.402], [-90.4344, 251.2971], [-93.0444, 251.2971], [-97.9344, 251.2971], [-97.9344, 250.402], [-98.4344, 250.402], [-98.4344, 251.2971], [-99.4844, 251.2971], [-99.4844, 258.3021], [-99.4844, 265.3071], [-98.4342, 265.3071], [-98.4342, 266.202], [-97.9342, 266.202], [-97.9342, 265.3071], [-93.0444, 265.3071], [-90.4342, 265.3071], [-90.4342, 266.202], [-90.4344, 267.4321], [-91.7594, 267.4321], [-94.8944, 267.4321], [-98.0294, 267.4321], [-98.8994, 267.4321], [-99.4544, 267.4321], [-99.4544, 267.5237], [-99.4544, 269.8905], [-99.4544, 269.9821], [-98.8994, 269.9821], [-98.0294, 269.9821], [-98.0244, 269.9821], [-98.0244, 270.4721], [-96.6344, 270.4721], [-96.6344, 272.6021], [-97.9342, 272.6021], [-98.4342, 272.602], [-98.4342, 272.5871], [-104.9044, 272.5871]]]}, "properties": {"room_id": "4.CR12", "building_id": "AD", "floor": 4}}, {"type": "Feature", "geometry": {"type": "Polygon", "coordinates": [[[-96.444, 270.4271], [-96.444, 270.0901], [-96.444, 270.0821], [-94.8944, 270.0821], [-93.3444, 270.0821], [-93.3444, 270.4721], [-91.7594, 270.4721], [-91.7594, 270.4871], [-86.8194, 270.4871], [-81.9344, 270.4871], [-81.9344, 269.047], [-80.7044, 269.047], [-80.7044, 270.4721], [-74.4344, 270.4721], [-74.4344, 270.4871], [-70.3294, 270.4871], [-66.1844, 270.4871], [-62.2244, 270.4871], [-58.0294, 270.4871], [-57.9344, 270.3475], [-57.9328, 270.3475], [-43.726, 270.3475], [-43.7244, 270.3475], [-43.6794, 270.4721], [-42.4344, 270.4721], [-42.4344, 272.602], [-43.7794, 272.602], [-48.5894, 272.602], [-49.3194, 272.602], [-49.9342, 272.602], [-50.4342, 272.602], [-50.4342, 272.5871], [-57.8694, 272.5871], [-57.9344, 272.5871], [-57.9344, 272.602], [-58.4342, 272.602], [-58.4342, 272.5871], [-58.4994, 272.5871], [-65.9344, 272.5871], [-65.9344, 272.602], [-66.4342, 272.602], [-66.4342, 272.5871], [-70.1844, 272.5871], [-73.9342, 272.5871], [-73.9344, 272.602], [-74.4344, 272.602], [-74.4344, 273.602], [-74.5144, 273.602], [-74.5144, 272.602], [-75.0144, 272.602], [-75.0159, 272.5871], [-78.4744, 272.5871], [-81.9342, 272.5871], [-81.9342, 272.602], [-82.4342, 272.602], [-82.4342, 272.5871], [-86.1844, 272.5871], [-89.9342, 272.5871], [-89.9342, 272.602], [-90.4342, 272.602], [-96.4444, 272.6021], [-96.4444, 270.4271], [-96.444, 270.4271]]]}, "properties": {"room_id": "4.CR15", "building_id": "AD", "floor": 4}}, {"type": "Feature", "geometry": {"type": "Polygon", "coordinates": [[[-49.3194, 272.602], [-49.3194, 272.7071], [-48.5894, 272.7071], [-48.5894, 272.602], [-43.7794, 272.602], [-43.7794, 272.707], [-42.4342, 272.707], [-42.4342, 273.602], [-42.4494, 273.602], [-42.4494, 275.252], [-42.4342, 275.252], [-42.4342, 275.752], [-42.4494, 275.752], [-42.4494, 276.812], [-49.9194, 276.812], [-49.9194, 275.752], [-49.9342, 275.752], [-49.9342, 275.252], [-49.9194, 275.252], [-49.9194, 273.602], [-49.9342, 273.602], [-49.9342, 272.602], [-49.3194, 272.602]]]}, "properties": {"room_id": "4.LB5", "building_id": "AD", "floor": 4}}, {"type": "Feature", "geometry": {"type": "Polygon", "coordinates": [[[-74.1244, 266.202], [-74.1244, 267.432], [-74.3894, 267.432], [-74.5594, 267.432], [-80.7044, 267.432], [-80.7044, 268.857], [-81.9344, 268.857], [-81.9344, 267.4321], [-83.1394, 267.4321], [-86.8194, 267.4321], [-90.2444, 267.4321], [-90.2444, 266.202], [-89.9342, 266.202], [-89.9342, 265.3071], [-82.4341, 265.3071], [-82.4341, 266.202], [-81.9341, 266.202], [-81.9341, 265.3071], [-81.8264, 265.3071], [-80.8124, 265.3071], [-80.6594, 265.3071], [-75.0159, 265.3071], [-75.0159, 265.202], [-75.0142, 265.202], [-75.0142, 266.202], [-74.5142, 266.202], [-74.5142, 265.202], [-74.4342, 265.202], [-74.4342, 266.202], [-74.1244, 266.202]]]}, "properties": {"room_id": "4.CR14", "building_id": "AD", "floor": 4}}, {"type": "Feature", "geometry": {"type": "Polygon", "coordinates": [[[-80.7194, 251.402], [-80.7194, 258.3021], [-80.7194, 265.3071], [-81.9194, 265.3071], [-81.9194, 258.802], [-81.9341, 258.802], [-81.9341, 257.802], [-81.9194, 257.802], [-81.9194, 251.402], [-80.7194, 251.402]]]}, "properties": {"room_id": "4.CR13", "building_id": "AD", "floor": 4}}, {"type": "Feature", "geometry": {"type": "Polygon", "coordinates": [[[-79.5903, 249.1721], [-74.5644, 249.1721], [-74.3843, 249.1721], [-74.1244, 249.1721], [-74.1244, 250.402], [-74.4344, 250.402], [-74.4344, 251.4171], [-74.5144, 251.4171], [-74.5144, 250.402], [-75.0144, 250.402], [-75.0144, 251.4171], [-75.0159, 251.4171], [-75.0159, 251.2971], [-80.6594, 251.2971], [-80.6594, 251.402], [-81.9344, 251.402], [-81.9344, 250.402], [-82.4344, 250.402], [-82.4344, 251.2971], [-89.9344, 251.2971], [-89.9344, 250.402], [-89.9344, 249.1721], [-89.8194, 249.1721], [-89.4294, 249.1721], [-81.9344, 249.1721], [-81.9344, 247.7071], [-80.7044, 247.7071], [-80.7044, 249.1721], [-79.5903, 249.1721]]]}, "properties": {"room_id": "4.CR11", "building_id": "AD", "floor": 4}}, {"type": "Feature", "geometry": {"type": "Polygon", "coordinates": [[[-42.0244, 244.002], [-42.0244, 246.1171], [-46.1299, 246.1171], [-50.1844, 246.1171], [-54.2894, 246.1171], [-54.4424, 246.1171], [-61.9264, 246.1171], [-62.0794, 246.1171], [-66.1844, 246.1171], [-70.2894, 246.1171], [-74.3843, 246.1171], [-74.5644, 246.1171], [-79.6844, 246.1171], [-79.6844, 247.5171], [-80.6144, 247.5171], [-80.6144, 246.1321], [-80.7044, 246.1321], [-80.7044, 247.5171], [-81.9344, 247.5171], [-81.9344, 246.4171], [-81.9344, 246.1321], [-87.9394, 246.1321], [-87.9394, 246.4171], [-87.9394, 246.6321], [-89.4294, 246.6321], [-89.8194, 246.6321], [-91.3094, 246.6321], [-91.3094, 246.4171], [-91.3094, 246.1321], [-97.2194, 246.1321], [-97.9342, 246.1321], [-97.9342, 244.017], [-90.4344, 244.017], [-90.4344, 244.002], [-89.9344, 244.002], [-82.4344, 244.002], [-81.9344, 244.002], [-81.9344, 244.0171], [-78.4744, 244.0171], [-75.0144, 244.0171], [-75.0144, 244.002], [-74.5144, 244.002], [-74.5144, 243.002], [-74.4344, 243.002], [-74.4344, 244.002], [-73.9344, 244.002], [-73.9342, 244.0171], [-66.4342, 244.0171], [-66.4342, 244.002], [-65.9342, 244.002], [-65.9342, 244.0171], [-62.1844, 244.0171], [-58.4342, 244.0171], [-58.1995, 244.0171], [-57.9342, 244.0171], [-54.1844, 244.0171], [-50.4342, 244.0171], [-50.4342, 244.002], [-49.9342, 244.002], [-49.9342, 244.0171], [-42.4994, 244.0171], [-42.4342, 244.0171], [-42.4342, 244.002], [-42.0244, 244.002]]]}, "properties": {"room_id": "4.CR10", "building_id": "AD", "floor": 4}}, {"type": "Feature", "geometry": {"type": "Polygon", "coordinates": [[[-1.9342, 272.5871], [-1.9342, 272.602], [-2.4342, 272.602], [-9.9342, 272.6021], [-10.4342, 272.602], [-11.2394, 272.6021], [-12.8748, 272.6021], [-12.8748, 272.5871], [-17.9342, 272.5871], [-17.9342, 272.602], [-18.4342, 272.602], [-18.4342, 272.5871], [-25.9344, 272.5871], [-25.9344, 272.602], [-26.4342, 272.602], [-26.4344, 272.5871], [-30.1844, 272.5871], [-33.9342, 272.5871], [-33.9342, 272.602], [-34.4342, 272.602], [-34.4344, 272.5871], [-41.9342, 272.5871], [-41.9342, 272.602], [-42.2444, 272.602], [-42.2444, 270.4721], [-36.4294, 270.4721], [-36.4294, 270.1871], [-36.4294, 269.9721], [-34.9394, 269.9721], [-34.5494, 269.9721], [-33.0594, 269.9721], [-33.0594, 270.1871], [-33.0594, 270.4721], [-27.0544, 270.4721], [-27.0544, 270.1871], [-27.0544, 269.1821], [-26.1244, 269.1821], [-26.1244, 270.4871], [-20.3094, 270.4871], [-19.6494, 270.4871], [-18.1844, 270.4871], [-10.3374, 270.4871], [-10.2444, 270.4871], [-10.1844, 270.4871], [-2.0294, 270.4871], [-2.0294, 270.4721], [5.5656, 270.4721], [5.5656, 272.5871], [-1.9342, 272.5871]]]}, "properties": {"room_id": "4.CR5", "building_id": "AD", "floor": 4}}, {"type": "Feature", "geometry": {"type": "Polygon", "coordinates": [[[6.0656, 244.0171], [12.5356, 244.0171], [12.5356, 249.1071], [12.5356, 251.2121], [10.9506, 251.2121], [9.6156, 251.212], [9.6156, 253.2921], [10.5406, 253.2921], [10.5406, 254.7321], [9.6156, 254.7321], [9.6156, 261.8721], [10.5406, 261.8721], [10.5406, 263.3121], [9.6156, 263.3121], [9.6156, 265.2921], [10.5406, 265.2921], [10.5406, 267.4321], [9.6156, 267.4321], [9.6156, 270.4721], [10.5406, 270.4721], [10.5406, 272.5871], [6.0658, 272.5871], [6.0658, 272.602], [5.7556, 272.602], [5.7556, 270.4721], [6.0206, 270.4721], [6.5106, 270.4721], [6.5572, 270.4721], [7.4856, 270.4721], [7.4856, 267.6301], [7.4856, 267.4321], [7.3479, 267.4321], [6.5106, 267.4321], [6.0206, 267.4321], [5.8158, 267.4321], [5.8158, 266.202], [6.0659, 266.202], [6.0659, 265.3071], [6.5006, 265.3071], [7.5006, 265.3071], [7.5006, 260.2971], [6.5706, 260.2971], [6.5706, 258.8171], [7.5006, 258.8171], [7.5006, 257.7871], [6.5706, 257.7871], [6.5706, 256.3071], [7.5006, 256.3071], [7.5006, 252.7471], [7.4856, 252.7471], [7.4856, 251.2571], [7.4856, 251.1041], [7.4856, 249.2726], [7.4856, 249.1196], [7.4856, 246.2237], [7.4856, 246.1321], [6.5181, 246.1321], [6.0656, 246.1321], [6.0656, 244.0171]]]}, "properties": {"room_id": "4.CR7", "building_id": "AD", "floor": 4}}, {"type": "Feature", "geometry": {"type": "Polygon", "coordinates": [[[-2.0294, 267.4321], [-2.2444, 267.4321], [-2.2444, 266.202], [-1.9341, 266.202], [-1.9341, 265.3071], [5.5659, 265.3071], [5.5659, 266.202], [5.8158, 266.202], [5.8158, 267.4321], [-2.0294, 267.4321]]]}, "properties": {"room_id": "4.CR6", "building_id": "AD", "floor": 4}}, {"type": "Feature", "geometry": {"type": "Polygon", "coordinates": [[[6.5181, 249.1721], [7.4856, 249.1721], [7.4856, 251.2121], [6.5106, 251.2121], [6.0658, 251.2121], [6.0658, 250.402], [5.5658, 250.402], [5.5658, 251.2121], [-1.9342, 251.2121], [-1.9342, 250.402], [-2.2444, 250.402], [-2.2444, 249.1721], [1.8156, 249.1721], [5.9706, 249.1721], [6.5181, 249.1721]]]}, "properties": {"room_id": "4.CR8", "building_id": "AD", "floor": 4}}, {"type": "Feature", "geometry": {"type": "Polygon", "coordinates": [[[-41.8344, 246.1321], [-41.8344, 246.024], [-41.8344, 244.0171], [-40.6294, 244.0171], [-35.7794, 244.0171], [-34.4342, 244.0171], [-34.4342, 244.002], [-33.9342, 244.002], [-33.9342, 244.0171], [-33.8694, 244.0171], [-26.4994, 244.0171], [-26.4342, 244.0171], [-26.4342, 244.002], [-25.9342, 244.002], [-25.9342, 244.0171], [-25.8694, 244.0171], [-18.4344, 244.0171], [-18.4342, 244.002], [-17.9344, 244.002], [-17.9344, 244.0171], [-10.4342, 244.0171], [-10.4342, 244.002], [-9.9342, 244.002], [-9.9342, 244.0171], [-2.4342, 244.0171], [-2.4342, 244.002], [-1.9344, 244.002], [-1.9342, 244.0171], [1.8156, 244.0171], [5.5658, 244.0171], [5.5658, 244.002], [5.8756, 244.002], [5.8756, 246.1182], [1.8156, 246.1182], [-2.3394, 246.1182], [-2.3394, 246.1321], [-3.2894, 246.1321], [-9.1994, 246.1321], [-9.1994, 246.4171], [-9.1994, 246.6321], [-10.6894, 246.6321], [-11.0794, 246.6321], [-12.5694, 246.632], [-12.5694, 246.4171], [-12.5694, 246.1321], [-18.5744, 246.1321], [-18.5744, 246.2371], [-18.5744, 246.4171], [-18.5744, 247.4721], [-19.5044, 247.4721], [-19.5044, 246.1321], [-19.696, 246.1321], [-26.1864, 246.1321], [-26.2444, 246.1321], [-26.4344, 246.2565], [-26.436, 246.2565], [-40.6428, 246.2565], [-40.6444, 246.2565], [-40.6894, 246.1321], [-41.8344, 246.1321]]]}, "properties": {"room_id": "4.CR9", "building_id": "AD", "floor": 4}}, {"type": "Feature", "geometry": {"type": "Polygon", "coordinates": [[[-34.5344, 241.452], [-34.5344, 243.002], [-34.5344, 243.8971], [-35.7794, 243.8971], [-35.7794, 244.0171], [-40.6294, 244.0171], [-40.6294, 243.8971], [-41.8344, 243.8971], [-41.8344, 243.002], [-41.8344, 241.452], [-41.8342, 240.752], [-41.8344, 239.792], [-34.5342, 239.792], [-34.5342, 240.752], [-34.5342, 241.452], [-34.5344, 241.452]]]}, "properties": {"room_id": "4.LB6", "building_id": "AD", "floor": 4}}, {"type": "Feature", "geometry": {"type": "Polygon", "coordinates": [[[-55.7433, 267.6097], [-55.6535, 267.8516], [-55.4203, 268.4797], [-55.1187, 269.2922], [-52.386, 268.2777], [-51.368, 271.0199], [-50.7667, 272.6399], [-50.6958, 272.8307], [-50.4581, 273.4712], [-58.9698, 276.6309], [-58.9698, 268.8074], [-55.7433, 267.6097]]]}, "properties": {"room_id": "AD-501", "building_id": "AD", "floor": 5}}, {"type": "Feature", "geometry": {"type": "Polygon", "coordinates": [[[-40.3238, 269.7092], [-40.742, 268.5826], [-40.8301, 268.3454], [-41.7033, 265.993], [-42.0347, 265.1001], [-38.1442, 263.6559], [-36.4332, 268.265], [-40.3238, 269.7092]]]}, "properties": {"room_id": "AD-504", "building_id": "AD", "floor": 5}}, {"type": "Feature", "geometry": {"type": "Polygon", "coordinates": [[[-38.0317, 263.6141], [-34.5161, 262.309], [-32.8051, 266.9182], [-36.3207, 268.2232], [-38.0317, 263.6141]]]}, "properties": {"room_id": "AD-505", "building_id": "AD", "floor": 5}}, {"type": "Feature", "geometry": {"type": "Polygon", "coordinates": [[[-34.4036, 262.2673], [-29.9036, 260.5968], [-28.1927, 265.206], [-32.1051, 266.6583], [-32.6926, 266.8764], [-34.4036, 262.2673]]]}, "properties": {"room_id": "AD-507", "building_id": "AD", "floor": 5}}, {"type": "Feature", "geometry": {"type": "Polygon", "coordinates": [[[-28.0802, 265.1642], [-29.812, 260.4988], [-30.4645, 258.741], [-26.2321, 257.1699], [-25.6696, 256.9611], [-25.4014, 257.6835], [-25.3998, 257.6835], [-25.3998, 264.1692], [-28.0802, 265.1642]]]}, "properties": {"room_id": "AD-508", "building_id": "AD", "floor": 5}}, {"type": "Feature", "geometry": {"type": "Polygon", "coordinates": [[[-30.481, 243.9231], [-25.3998, 242.0369], [-25.3998, 249.6449], [-28.0193, 250.6173], [-28.5761, 249.1173], [-28.7153, 248.7423], [-28.7666, 248.5534], [-29.7482, 245.9022], [-30.481, 243.9231]]]}, "properties": {"room_id": "AD-510", "building_id": "AD", "floor": 5}}, {"type": "Feature", "geometry": {"type": "Polygon", "coordinates": [[[-30.579, 243.8315], [-31.1289, 244.0357], [-33.698, 237.1147], [-25.3998, 234.0342], [-25.3998, 241.9089], [-30.579, 243.8315]]]}, "properties": {"room_id": "AD-511", "building_id": "AD", "floor": 5}}, {"type": "Feature", "geometry": {"type": "Polygon", "coordinates": [[[-31.2414, 244.0774], [-35.9484, 245.8247], [-38.5117, 238.9017], [-33.8105, 237.1565], [-31.2414, 244.0774]]]}, "properties": {"room_id": "AD-512", "building_id": "AD", "floor": 5}}, {"type": "Feature", "geometry": {"type": "Polygon", "coordinates": [[[-40.1989, 247.5038], [-40.2476, 247.3726], [-40.2626, 247.3323], [-42.4517, 241.4351], [-42.3645, 241.4027], [-41.8348, 241.1024], [-42.5169, 240.9921], [-42.6041, 241.0244], [-42.8011, 240.494], [-38.6242, 238.9434], [-36.0933, 245.7791], [-36.0766, 245.8242], [-36.0758, 245.8239], [-36.0271, 245.9552], [-40.1989, 247.5038]]]}, "properties": {"room_id": "AD-513", "building_id": "AD", "floor": 5}}, {"type": "Feature", "geometry": {"type": "Polygon", "coordinates": [[[-40.3427, 247.4612], [-44.233, 248.9053], [-46.8038, 241.9799], [-42.9136, 240.5357], [-42.7166, 241.0662], [-42.5642, 241.4769], [-40.3427, 247.4612]]]}, "properties": {"room_id": "AD-514", "building_id": "AD", "floor": 5}}, {"type": "Feature", "geometry": {"type": "Polygon", "coordinates": [[[-44.3455, 248.9471], [-48.2314, 250.3896], [-48.248, 250.3448], [-50.4532, 244.4042], [-50.366, 244.3718], [-49.8348, 244.0724], [-50.5175, 243.9638], [-50.6047, 243.9962], [-50.8022, 243.4641], [-46.9163, 242.0216], [-44.3455, 248.9471]]]}, "properties": {"room_id": "AD-515", "building_id": "AD", "floor": 5}}, {"type": "Feature", "geometry": {"type": "Polygon", "coordinates": [[[-52.4845, 252.0644], [-52.4949, 252.0363], [-55.0866, 245.0546], [-50.9147, 243.5059], [-50.7172, 244.0379], [-50.5657, 244.4459], [-48.3125, 250.5157], [-52.4845, 252.0644]]]}, "properties": {"room_id": "AD-516", "building_id": "AD", "floor": 5}}, {"type": "Feature", "geometry": {"type": "Polygon", "coordinates": [[[-52.6283, 252.0218], [-58.9698, 254.3759], [-58.9698, 249.8574], [-58.9698, 246.4962], [-55.1991, 245.0964], [-52.6283, 252.0218]]]}, "properties": {"room_id": "AD-517", "building_id": "AD", "floor": 5}}, {"type": "Feature", "geometry": {"type": "Polygon", "coordinates": [[[-58.9698, 254.5039], [-52.5866, 252.1343], [-51.814, 254.2156], [-51.1952, 253.9859], [-50.2582, 256.51], [-50.3098, 256.5291], [-51.1957, 256.858], [-58.1379, 259.435], [-58.7003, 259.6438], [-58.9698, 259.7439], [-58.9698, 254.5039]]]}, "properties": {"room_id": "AD-518", "building_id": "AD", "floor": 5}}, {"type": "Feature", "geometry": {"type": "Polygon", "coordinates": [[[-51.0827, 253.9441], [-49.9202, 253.5126], [-49.606, 254.3591], [-49.5497, 254.3383], [-48.0587, 258.3549], [-48.115, 258.3757], [-47.8192, 259.1726], [-49.0051, 259.6129], [-49.0242, 259.5613], [-50.117, 256.6176], [-50.0935, 256.6089], [-51.0827, 253.9441]]]}, "properties": {"room_id": "AD-519", "building_id": "AD", "floor": 5}}, {"type": "Feature", "geometry": {"type": "Polygon", "coordinates": [[[-41.9419, 250.551], [-39.8047, 249.7576], [-38.6676, 252.8207], [-37.7036, 255.4176], [-46.2348, 258.5845], [-46.5306, 257.7876], [-48.3359, 252.9244], [-48.2374, 252.8879], [-42.5982, 250.7945], [-42.3911, 251.3523], [-41.7349, 251.1087], [-41.9419, 250.551]]]}, "properties": {"room_id": "AD-520", "building_id": "AD", "floor": 5}}, {"type": "Feature", "geometry": {"type": "Polygon", "coordinates": [[[-38.2391, 249.1764], [-37.2078, 248.7936], [-36.0916, 251.8005], [-38.576, 252.7227], [-39.6922, 249.7158], [-38.2391, 249.1764]]]}, "properties": {"room_id": "AD-522", "building_id": "AD", "floor": 5}}, {"type": "Feature", "geometry": {"type": "Polygon", "coordinates": [[[-29.8608, 245.9438], [-28.8947, 248.5529], [-34.6952, 250.7061], [-35.6652, 248.093], [-29.8608, 245.9438]]]}, "properties": {"room_id": "AD-523", "building_id": "AD", "floor": 5}}, {"type": "Feature", "geometry": {"type": "Polygon", "coordinates": [[[-35.404, 253.653], [-35.1068, 254.4536], [-35.2005, 254.4884], [-37.5911, 255.3758], [-38.5342, 252.8352], [-36.0499, 251.913], [-35.404, 253.653]]]}, "properties": {"room_id": "AD-524", "building_id": "AD", "floor": 5}}, {"type": "Feature", "geometry": {"type": "Polygon", "coordinates": [[[-49.8116, 265.8163], [-49.9508, 265.4413], [-48.2024, 264.7923], [-47.6398, 266.3079], [-47.6381, 266.3126], [-48.224, 266.5301], [-48.1927, 266.6145], [-47.5177, 266.3639], [-46.5146, 265.9915], [-45.0564, 269.9196], [-48.5532, 271.2177], [-48.9117, 270.2521], [-48.8273, 270.2208], [-49.927, 267.2583], [-49.6505, 267.1556], [-49.3645, 267.0495], [-49.3959, 266.9651], [-49.5927, 267.0382], [-50.0179, 265.8929], [-49.8116, 265.8163]]]}, "properties": {"room_id": "AD-5.WC1", "building_id": "AD", "floor": 5}}, {"type": "Feature", "geometry": {"type": "Polygon", "coordinates": [[[-41.0908, 268.4475], [-44.6064, 269.7526], [-46.0646, 265.8245], [-45.0614, 265.4521], [-44.3864, 265.2015], [-44.4178, 265.1172], [-45.0037, 265.3347], [-45.0054, 265.33], [-45.5681, 263.8144], [-43.0603, 262.8834], [-42.4959, 264.4038], [-42.5381, 264.4194], [-43.2459, 264.6822], [-43.2146, 264.7665], [-42.549, 264.5194], [-42.2425, 265.3451], [-42.5244, 265.4498], [-42.8049, 265.554], [-42.7203, 265.7821], [-42.6426, 265.9914], [-42.5581, 266.2189], [-42.2784, 266.115], [-41.9956, 266.0101], [-41.0908, 268.4475]]]}, "properties": {"room_id": "AD-5.WC2", "building_id": "AD", "floor": 5}}, {"type": "Feature", "geometry": {"type": "Polygon", "coordinates": [[[-42.3021, 264.3798], [-42.905, 262.7559], [-34.3972, 259.5977], [-34.2004, 260.1279], [-33.1739, 259.7468], [-30.577, 258.7828], [-29.9454, 260.4843], [-34.5016, 262.1757], [-38.1297, 263.5225], [-42.0221, 264.9674], [-42.0765, 264.9876], [-42.3021, 264.3798]]]}, "properties": {"room_id": "5.LB2", "building_id": "AD", "floor": 5}}, {"type": "Feature", "geometry": {"type": "Polygon", "coordinates": [[[-27.9775, 250.7298], [-25.3998, 249.7729], [-25.3998, 249.8574], [-25.3998, 257.6835], [-25.4014, 257.6835], [-25.6696, 256.9611], [-25.9828, 256.1173], [-26.8667, 253.7361], [-34.371, 256.5218], [-35.3976, 256.9029], [-34.3972, 259.5977], [-42.9035, 262.7553], [-42.905, 262.7559], [-43.0373, 262.6723], [-45.8123, 263.7024], [-45.2166, 265.3071], [-46.1729, 265.662], [-46.5385, 265.7977], [-47.4947, 266.1527], [-48.0904, 264.548], [-50.017, 265.2632], [-50.974, 262.6851], [-53.6224, 263.6682], [-56.7724, 264.8375], [-55.7851, 267.4972], [-58.9698, 268.6794], [-58.9698, 266.7474], [-58.9698, 259.9465], [-58.6342, 259.822], [-58.3871, 260.4876], [-57.5032, 262.8688], [-49.9986, 260.083], [-49.1126, 259.7541], [-49.1039, 259.7776], [-47.6649, 259.2434], [-47.9816, 258.3902], [-46.6222, 257.8856], [-46.3055, 258.7387], [-37.6056, 255.5092], [-35.1588, 254.6009], [-34.9525, 254.5243], [-35.2706, 253.6675], [-33.8878, 253.1541], [-33.5784, 253.9876], [-30.5878, 252.8774], [-27.593, 251.7657], [-27.9775, 250.7298]]]}, "properties": {"room_id": "5.LB1", "building_id": "AD", "floor": 5}}, {"type": "Feature", "geometry": {"type": "Polygon", "coordinates": [[[-51.1807, 253.8525], [-51.7432, 254.0613], [-52.4845, 252.0644], [-48.3997, 250.5481], [-48.3125, 250.5157], [-48.2458, 250.523], [-44.2475, 249.0387], [-40.3881, 247.6061], [-40.2447, 247.5529], [-40.1989, 247.5038], [-40.1117, 247.4715], [-36.1142, 245.9876], [-36.0269, 245.9552], [-35.9621, 245.9578], [-35.8194, 245.9048], [-31.1434, 244.169], [-30.5935, 243.9649], [-29.8608, 245.9438], [-35.6638, 248.0924], [-35.7778, 248.1346], [-34.7921, 250.7901], [-34.7686, 250.7814], [-34.5615, 251.3392], [-33.9296, 253.0417], [-35.3124, 253.555], [-35.9583, 251.815], [-37.1371, 248.6394], [-38.2808, 249.0639], [-39.7902, 249.6242], [-42.0727, 250.4715], [-42.0675, 250.4855], [-42.5457, 250.663], [-42.5509, 250.649], [-48.2792, 252.7754], [-48.4901, 252.8537], [-46.664, 257.7731], [-48.0796, 258.2986], [-49.5497, 254.3383], [-49.4935, 254.3174], [-49.8495, 253.3583], [-51.1807, 253.8525]]]}, "properties": {"room_id": "5.LB3", "building_id": "AD", "floor": 5}}, {"type": "Feature", "geometry": {"type": "Polygon", "coordinates": [[[-58.9694, 276.6312], [-58.9694, 268.8074], [-55.7429, 267.6097], [-55.6531, 267.8516], [-55.4199, 268.4797], [-55.1514, 269.2031], [-55.1496, 269.2078], [-57.7746, 270.1822], [-57.7433, 270.2666], [-55.0293, 269.2591], [-52.3855, 268.2777], [-51.3676, 271.0199], [-50.7667, 272.6386], [-50.695, 272.8317], [-50.4576, 273.4714], [-58.9694, 276.6312]]]}, "properties": {"room_id": "AD-601", "building_id": "AD", "floor": 6}}, {"type": "Feature", "geometry": {"type": "Polygon", "coordinates": [[[-36.4327, 268.2652], [-40.3233, 269.7095], [-40.7416, 268.5826], [-40.8296, 268.3454], [-41.7342, 265.9086], [-41.826, 265.9427], [-41.8636, 265.8415], [-41.8348, 265.7024], [-42.0318, 265.3876], [-42.0694, 265.2864], [-41.9778, 265.2524], [-42.0343, 265.1001], [-38.1438, 263.6559], [-36.4327, 268.2652]]]}, "properties": {"room_id": "AD-604", "building_id": "AD", "floor": 6}}, {"type": "Feature", "geometry": {"type": "Polygon", "coordinates": [[[-32.8046, 266.9184], [-36.3202, 268.2235], [-38.0313, 263.6141], [-34.5157, 262.3091], [-32.8046, 266.9184]]]}, "properties": {"room_id": "AD-605", "building_id": "AD", "floor": 6}}, {"type": "Feature", "geometry": {"type": "Polygon", "coordinates": [[[-25.3466, 257.8291], [-25.3994, 257.8135], [-25.3994, 264.1695], [-32.6921, 266.8767], [-34.4032, 262.2673], [-29.7907, 260.5551], [-30.4641, 258.741], [-26.2313, 257.1698], [-25.6688, 256.961], [-25.3466, 257.8291]]]}, "properties": {"room_id": "AD-608", "building_id": "AD", "floor": 6}}, {"type": "Feature", "geometry": {"type": "Polygon", "coordinates": [[[-45.177, 241.376], [-25.3994, 234.0342], [-25.3994, 248.1825], [-28.5003, 249.3336], [-28.5799, 249.1189], [-28.787, 248.5611], [-28.8403, 248.4176], [-29.751, 245.9642], [-34.79, 247.8348], [-35.6994, 248.1723], [-38.2118, 249.105], [-39.1493, 249.453], [-39.1076, 249.5655], [-40.8888, 250.2267], [-40.9306, 250.1142], [-41.8118, 250.4414], [-45.177, 241.376]]]}, "properties": {"room_id": "AD-609", "building_id": "AD", "floor": 6}}, {"type": "Feature", "geometry": {"type": "Polygon", "coordinates": [[[-35.6014, 248.264], [-34.7482, 247.9473], [-34.79, 247.8348], [-29.751, 245.9642], [-28.8027, 248.5189], [-34.6948, 250.7061], [-35.6014, 248.264]]]}, "properties": {"room_id": "AD-610", "building_id": "AD", "floor": 6}}, {"type": "Feature", "geometry": {"type": "Polygon", "coordinates": [[[-38.1138, 249.1966], [-35.7139, 248.3057], [-34.7916, 250.7901], [-34.7682, 250.7814], [-34.6133, 251.1985], [-36.7743, 252.0007], [-37.3172, 250.5382], [-37.5796, 250.6357], [-38.1138, 249.1966]]]}, "properties": {"room_id": "AD-611", "building_id": "AD", "floor": 6}}, {"type": "Feature", "geometry": {"type": "Polygon", "coordinates": [[[-36.4985, 253.893], [-40.0422, 255.2085], [-40.8217, 253.1085], [-40.8426, 253.0523], [-41.6419, 250.8991], [-41.7701, 250.5539], [-40.8888, 250.2267], [-39.1076, 249.5655], [-38.2263, 249.2384], [-37.6921, 250.6774], [-38.3015, 250.9036], [-38.2598, 251.0161], [-37.5941, 250.769], [-37.3879, 250.6925], [-36.8867, 252.0425], [-37.093, 252.119], [-37.7586, 252.3661], [-37.7169, 252.4786], [-37.1075, 252.2524], [-36.4985, 253.893]]]}, "properties": {"room_id": "AD-612", "building_id": "AD", "floor": 6}}, {"type": "Feature", "geometry": {"type": "Polygon", "coordinates": [[[-34.5716, 251.311], [-34.5611, 251.3392], [-33.6111, 253.8985], [-36.0345, 254.7981], [-36.3651, 253.9075], [-36.995, 252.2107], [-36.7887, 252.1341], [-34.5716, 251.311]]]}, "properties": {"room_id": "AD-613", "building_id": "AD", "floor": 6}}, {"type": "Feature", "geometry": {"type": "Polygon", "coordinates": [[[-58.9694, 259.7439], [-58.9694, 246.4959], [-45.2895, 241.4177], [-41.9034, 250.5394], [-41.8839, 250.592], [-41.9711, 250.6244], [-42.5342, 250.902], [-41.8416, 250.9733], [-41.7544, 250.9409], [-40.976, 253.0378], [-41.7166, 253.3127], [-41.6748, 253.4252], [-43.4561, 254.0864], [-43.4978, 253.9739], [-44.0181, 254.1671], [-47.6931, 255.5313], [-48.2837, 255.7505], [-48.242, 255.863], [-50.0232, 256.5242], [-50.065, 256.4117], [-50.3181, 256.5057], [-50.3094, 256.5291], [-51.1953, 256.858], [-58.1374, 259.435], [-58.6999, 259.6438], [-58.9694, 259.7439]]]}, "properties": {"room_id": "AD-614", "building_id": "AD", "floor": 6}}, {"type": "Feature", "geometry": {"type": "Polygon", "coordinates": [[[-49.3562, 258.666], [-50.1166, 256.6176], [-50.1357, 256.566], [-50.0232, 256.5242], [-48.242, 255.863], [-47.7076, 255.6646], [-46.9281, 257.7646], [-49.3562, 258.666]]]}, "properties": {"room_id": "AD-615", "building_id": "AD", "floor": 6}}, {"type": "Feature", "geometry": {"type": "Polygon", "coordinates": [[[-43.2531, 256.4004], [-46.8156, 257.7229], [-47.5951, 255.6229], [-44.0326, 254.3005], [-43.2531, 256.4004]]]}, "properties": {"room_id": "AD-616", "building_id": "AD", "floor": 6}}, {"type": "Feature", "geometry": {"type": "Polygon", "coordinates": [[[-40.1547, 255.2503], [-43.1406, 256.3587], [-43.9201, 254.2587], [-43.4561, 254.0864], [-41.6748, 253.4252], [-40.9342, 253.1503], [-40.1547, 255.2503]]]}, "properties": {"room_id": "AD-617", "building_id": "AD", "floor": 6}}, {"type": "Feature", "geometry": {"type": "Polygon", "coordinates": [[[-50.0175, 265.8929], [-49.8112, 265.8163], [-49.9504, 265.4413], [-48.202, 264.7923], [-47.6394, 266.3079], [-47.6376, 266.3126], [-48.2236, 266.5301], [-48.1923, 266.6145], [-47.5173, 266.3639], [-46.5141, 265.9915], [-45.056, 269.9196], [-48.5528, 271.2177], [-48.9113, 270.2521], [-48.8269, 270.2208], [-49.9266, 267.2583], [-49.6501, 267.1556], [-49.3641, 267.0495], [-49.3954, 266.9651], [-49.5923, 267.0382], [-50.0175, 265.8929]]]}, "properties": {"room_id": "AD-6.WC1", "building_id": "AD", "floor": 6}}, {"type": "Feature", "geometry": {"type": "Polygon", "coordinates": [[[-41.0904, 268.4475], [-44.606, 269.7526], [-46.0642, 265.8245], [-45.061, 265.4521], [-44.386, 265.2015], [-44.4174, 265.1172], [-45.0033, 265.3347], [-45.005, 265.33], [-45.5677, 263.8144], [-43.0599, 262.8834], [-42.4955, 264.4038], [-43.2455, 264.6822], [-43.2142, 264.7665], [-42.5486, 264.5194], [-42.2379, 265.3564], [-42.5348, 265.7024], [-41.9993, 265.9992], [-41.0904, 268.4475]]]}, "properties": {"room_id": "AD-6.WC2", "building_id": "AD", "floor": 6}}, {"type": "Feature", "geometry": {"type": "Polygon", "coordinates": [[[-42.3041, 264.3735], [-42.355, 264.2364], [-42.9046, 262.7558], [-34.3969, 259.5976], [-34.2, 260.1279], [-33.1734, 259.7468], [-30.5766, 258.7828], [-29.945, 260.4844], [-34.5012, 262.1757], [-38.1293, 263.5225], [-42.0761, 264.9876], [-42.3017, 264.3798], [-42.3041, 264.3735]]]}, "properties": {"room_id": "6.LB2", "building_id": "AD", "floor": 6}}, {"type": "Feature", "geometry": {"type": "Polygon", "coordinates": [[[-25.3994, 248.3105], [-25.3994, 256.7649], [-25.7002, 256.8766], [-25.9821, 256.1172], [-26.866, 253.736], [-34.3706, 256.5218], [-35.3972, 256.9029], [-34.3969, 259.5976], [-42.9031, 262.7552], [-42.905, 262.7559], [-43.0369, 262.6723], [-45.8119, 263.7024], [-45.2162, 265.3071], [-46.1725, 265.662], [-46.5381, 265.7977], [-47.4943, 266.1527], [-48.09, 264.548], [-50.0166, 265.2632], [-50.9214, 262.8257], [-50.9736, 262.6851], [-51.7044, 260.7164], [-49.9982, 260.083], [-48.9716, 259.7019], [-49.3144, 258.7785], [-46.83, 257.8562], [-43.1551, 256.4921], [-40.0567, 255.3419], [-36.4567, 254.0055], [-36.1052, 254.9524], [-33.5721, 254.0121], [-33.5707, 254.0115], [-33.4374, 253.9354], [-30.5874, 252.8774], [-27.5968, 251.7673], [-28.4585, 249.446], [-25.3994, 248.3105]]]}, "properties": {"room_id": "6.LB1", "building_id": "AD", "floor": 6}}, {"type": "Feature", "geometry": {"type": "Polygon", "coordinates": [[[-58.9694, 268.6794], [-58.9694, 259.9465], [-58.6338, 259.822], [-58.3867, 260.4876], [-57.5028, 262.8688], [-51.7044, 260.7164], [-50.9736, 262.6851], [-53.622, 263.6682], [-56.7719, 264.8375], [-55.8863, 267.2235], [-55.7846, 267.4972], [-58.9694, 268.6794]]]}, "properties": {"room_id": "6.CR3", "building_id": "AD", "floor": 6}}]}