{"type": "FeatureCollection", "features": [{"type": "Feature", "geometry": {"type": "Polygon", "coordinates": [[[-5.2227, 71.0665], [-5.2227, 73.684], [-5.2227, 73.9774], [-5.2227, 74.0315], [-5.2227, 76.084], [-5.6227, 76.084], [-5.6227, 76.8829], [-5.6258, 76.8834], [-6.7707, 73.738], [-7.9206, 73.0424], [-16.9164, 74.6287], [-17.192, 74.6773], [-18.1122, 74.1205], [-18.7754, 72.2985], [-18.4596, 72.1836], [-18.5725, 71.8735], [-18.7698, 71.9453], [-18.8299, 71.7802], [-19.4659, 70.0331], [-19.2686, 69.9612], [-19.3814, 69.6511], [-19.6972, 69.7661], [-19.8646, 69.306], [-19.1227, 68.1203], [-19.1227, 68.664], [-18.2927, 68.664], [-18.2927, 68.128], [-16.9227, 68.128], [-16.9227, 68.664], [-16.0927, 68.664], [-16.0927, 68.339], [-15.0427, 68.339], [-15.0427, 68.664], [-14.0778, 68.664], [-9.7077, 68.664], [-7.4077, 68.664], [-5.2227, 68.664], [-5.2227, 70.959], [-5.2227, 71.0665]]]}, "properties": {"room_id": "B5-1.LB1", "building_id": "B5", "floor": 1}}, {"type": "Feature", "geometry": {"type": "Polygon", "coordinates": [[[-4.5032, 70.964], [-4.5077, 70.964], [-4.5077, 70.954], [-5.2227, 70.954], [-5.2227, 68.664], [-2.7077, 68.664], [-1.0077, 68.664], [-0.1927, 68.664], [-0.1927, 70.954], [-0.9077, 70.954], [-0.9077, 70.964], [-0.9122, 70.964], [-2.1077, 70.964], [-2.1077, 70.954], [-3.3077, 70.954], [-3.3077, 70.964], [-4.5032, 70.964]]]}, "properties": {"room_id": "B5-1.LB2", "building_id": "B5", "floor": 1}}, {"type": "Feature", "geometry": {"type": "Polygon", "coordinates": [[[2.0073, 68.024], [11.0273, 68.024], [11.0273, 69.799], [11.0273, 70.964], [9.4798, 70.964], [9.4257, 70.964], [3.6423, 70.964], [1.6423, 70.964], [1.6423, 71.4215], [1.6423, 73.794], [2.1073, 73.794], [3.1073, 73.794], [3.5823, 73.794], [3.5823, 73.952], [3.5823, 74.556], [3.5823, 75.314], [3.1073, 75.314], [2.1653, 75.314], [1.9548, 75.314], [1.6423, 75.314], [1.6423, 76.084], [1.1773, 76.084], [1.1773, 76.899], [1.1773, 77.029], [1.0773, 77.029], [0.0673, 77.029], [-0.1927, 77.029], [-0.1927, 75.314], [-0.4243, 75.314], [-1.4227, 75.314], [-1.4227, 73.794], [-0.1927, 73.794], [-0.1927, 71.0665], [-0.1927, 70.959], [-0.1927, 68.8095], [-0.1927, 68.664], [1.1923, 68.664], [2.0073, 68.664], [2.0073, 68.149], [2.0073, 68.024]]]}, "properties": {"room_id": "B5-1.CR1", "building_id": "B5", "floor": 1}}, {"type": "Feature", "geometry": {"type": "Polygon", "coordinates": [[[-0.4227, 77.019], [-1.4127, 77.019], [-1.4127, 76.619], [-1.5527, 76.619], [-1.5527, 77.019], [-3.1527, 77.019], [-3.1527, 76.619], [-3.2927, 76.619], [-3.2927, 77.019], [-4.7827, 77.019], [-4.7827, 76.074], [-4.9927, 76.074], [-4.9927, 74.094], [-3.1527, 74.094], [-3.1527, 73.804], [-1.5527, 73.804], [-1.5527, 75.444], [-1.4227, 75.444], [-1.4227, 75.434], [-0.4227, 75.434], [-0.4227, 77.019]]]}, "properties": {"room_id": "B5-1.WC1", "building_id": "B5", "floor": 1}}, {"type": "Feature", "geometry": {"type": "Polygon", "coordinates": [[[2.0173, 75.434], [3.1073, 75.434], [3.1073, 75.444], [3.7123, 75.444], [3.7123, 74.844], [6.4023, 74.844], [6.4023, 75.519], [6.5423, 75.519], [6.5423, 74.094], [9.3023, 74.094], [9.3023, 77.019], [2.0173, 77.019], [2.0173, 75.434]]]}, "properties": {"room_id": "B5-1.WC2", "building_id": "B5", "floor": 1}}, {"type": "Feature", "geometry": {"type": "Polygon", "coordinates": [[[3.1073, 73.664], [3.1073, 73.674], [2.1073, 73.674], [2.1073, 73.664], [1.8723, 73.664], [1.8723, 71.484], [3.5723, 71.484], [3.5723, 73.664], [3.1073, 73.664]]]}, "properties": {"room_id": "B5-1.WC3", "building_id": "B5", "floor": 1}}, {"type": "Feature", "geometry": {"type": "Polygon", "coordinates": [[[3.7023, 74.704], [3.7023, 73.804], [6.4023, 73.804], [6.4023, 74.704], [3.7023, 74.704]]]}, "properties": {"room_id": "B5-1.JC1", "building_id": "B5", "floor": 1}}, {"type": "Feature", "geometry": {"type": "Polygon", "coordinates": [[[-5.0177, 73.589], [-5.0177, 71.169], [-4.5077, 71.169], [-4.5032, 71.169], [-0.9122, 71.1694], [-0.9077, 71.169], [-0.3977, 71.169], [-0.3977, 73.589], [-1.4827, 73.589], [-3.2152, 73.589], [-3.2693, 73.589], [-5.0177, 73.589]]]}, "properties": {"room_id": "B5-EV-01", "building_id": "B5", "floor": 1}}, {"type": "Feature", "geometry": {"type": "Polygon", "coordinates": [[[11.1273, 71.184], [11.1273, 74.134], [11.1273, 76.0915], [11.1273, 76.099], [11.1273, 76.899], [11.1273, 76.9065], [11.1273, 77.029], [10.7123, 77.029], [9.7023, 77.029], [9.5323, 77.029], [9.5323, 74.0315], [9.5323, 73.689], [9.5323, 73.6874], [9.5323, 71.184], [11.0257, 71.184], [11.1273, 71.184]]]}, "properties": {"room_id": "B5-103", "building_id": "B5", "floor": 1}}, {"type": "Feature", "geometry": {"type": "Polygon", "coordinates": [[[11.3473, 68.024], [15.3873, 68.024], [15.3873, 74.024], [11.3473, 74.024], [11.3473, 71.014], [12.0573, 71.014], [12.0573, 69.784], [11.3473, 69.784], [11.3473, 68.024], [15.3873, 68.024], [15.3873, 74.024], [11.3473, 74.024], [11.3473, 71.014], [12.0573, 71.014], [12.0573, 69.784], [11.3473, 69.784], [11.3473, 68.024]]]}, "properties": {"room_id": "B5-104", "building_id": "B5", "floor": 1}}, {"type": "Feature", "geometry": {"type": "Polygon", "coordinates": [[[-0.1927, 65.1565], [-0.1927, 65.149], [-0.1927, 64.764], [1.1773, 64.764], [1.1773, 68.134], [-16.7027, 68.134], [-16.7027, 65.454], [-16.1027, 65.454], [-16.1027, 64.764], [-1.0126, 64.764], [-1.0126, 65.454], [-0.3982, 65.454], [-0.1927, 65.454], [-0.1927, 65.1565]]]}, "properties": {"room_id": "B5-ST-01", "building_id": "B5", "floor": 1}}, {"type": "Feature", "geometry": {"type": "Polygon", "coordinates": [[[21.7273, 63.564], [21.7273, 64.364], [20.9173, 64.364], [20.9173, 67.159], [21.7273, 67.159], [21.7273, 67.644], [15.4973, 67.644], [11.2948, 67.644], [11.0798, 67.644], [1.9048, 67.644], [1.7518, 67.644], [1.5573, 67.644], [1.5573, 64.544], [1.5573, 63.564], [3.0073, 63.564], [3.0073, 62.634], [1.5573, 62.634], [1.5573, 56.864], [3.0073, 56.864], [3.0073, 55.934], [1.5573, 55.934], [1.5573, 50.164], [3.0073, 50.164], [3.0073, 49.234], [1.5573, 49.234], [1.5573, 43.464], [3.0073, 43.464], [3.0073, 42.534], [1.5573, 42.534], [1.5573, 36.764], [3.0073, 36.764], [3.0073, 35.834], [1.5573, 35.834], [1.5573, 34.539], [1.5573, 30.114], [2.2073, 30.114], [2.2073, 29.464], [7.8573, 29.464], [10.9273, 29.464], [10.9273, 30.114], [12.1573, 30.114], [12.1573, 29.464], [17.2923, 29.464], [17.4583, 29.464], [21.0773, 29.464], [21.0773, 30.114], [21.7273, 30.114], [21.7273, 31.494], [20.9173, 31.494], [20.9173, 34.279], [21.7273, 34.279], [21.7273, 35.834], [20.2773, 35.834], [20.2773, 36.764], [21.6073, 36.764], [21.6073, 42.534], [20.2773, 42.534], [20.2773, 43.464], [21.0773, 43.464], [21.0773, 49.234], [20.2773, 49.234], [20.2773, 50.164], [21.6073, 50.164], [21.6073, 55.934], [20.2773, 55.934], [20.2773, 56.864], [21.6073, 56.864], [21.6073, 62.634], [20.2773, 62.634], [20.2773, 63.564], [21.7273, 63.564], [21.7273, 64.364], [20.9173, 64.364], [20.9173, 67.159], [21.7273, 67.159], [21.7273, 67.644], [15.4973, 67.644], [11.2948, 67.644], [11.0798, 67.644], [1.9048, 67.644], [1.7518, 67.644], [1.5573, 67.644], [1.5573, 64.544], [1.5573, 63.564], [3.0073, 63.564], [3.0073, 62.634], [1.5573, 62.634], [1.5573, 56.864], [3.0073, 56.864], [3.0073, 55.934], [1.5573, 55.934], [1.5573, 50.164], [3.0073, 50.164], [3.0073, 49.234], [1.5573, 49.234], [1.5573, 43.464], [3.0073, 43.464], [3.0073, 42.534], [1.5573, 42.534], [1.5573, 36.764], [3.0073, 36.764], [3.0073, 35.834], [1.5573, 35.834], [1.5573, 34.539], [1.5573, 30.114], [2.2073, 30.114], [2.2073, 29.464], [7.8573, 29.464], [10.9273, 29.464], [10.9273, 30.114], [12.1573, 30.114], [12.1573, 29.464], [17.2923, 29.464], [17.4583, 29.464], [21.0773, 29.464], [21.0773, 30.114], [21.7273, 30.114], [21.7273, 31.494], [20.9173, 31.494], [20.9173, 34.279], [21.7273, 34.279], [21.7273, 35.834], [20.2773, 35.834], [20.2773, 36.764], [21.6073, 36.764], [21.6073, 42.534], [20.2773, 42.534], [20.2773, 43.464], [21.0773, 43.464], [21.0773, 49.234], [20.2773, 49.234], [20.2773, 50.164], [21.6073, 50.164], [21.6073, 55.934], [20.2773, 55.934], [20.2773, 56.864], [21.6073, 56.864], [21.6073, 62.634], [20.2773, 62.634], [20.2773, 63.564], [21.7273, 63.564]]]}, "properties": {"room_id": "B5-105", "building_id": "B5", "floor": 1}}, {"type": "Feature", "geometry": {"type": "Polygon", "coordinates": [[[12.1423, 29.084], [12.1423, 29.099], [12.1473, 29.099], [12.1473, 28.4006], [12.1473, 28.279], [12.1473, 28.2774], [12.1473, 25.3806], [12.1473, 25.379], [12.1473, 25.319], [12.1473, 23.699], [12.1473, 22.704], [17.1823, 22.704], [17.1823, 23.2628], [17.1823, 28.6483], [17.1823, 29.084], [12.1498, 29.084], [12.1423, 29.084]]]}, "properties": {"room_id": "B5-106", "building_id": "B5", "floor": 1}}, {"type": "Feature", "geometry": {"type": "Polygon", "coordinates": [[[-1.5127, 22.3389], [-1.5127, 22.3289], [-0.4227, 22.3289], [-0.4227, 23.5389], [-1.0227, 23.5389], [-1.0227, 23.6789], [-0.4227, 23.6789], [-0.4227, 26.3939], [-4.4927, 26.3939], [-4.4927, 20.5189], [-2.1677, 20.5189], [-2.1677, 22.1989], [-2.6677, 22.1989], [-2.6677, 22.3389], [-1.5127, 22.3389]]]}, "properties": {"room_id": "B5-1.WC4", "building_id": "B5", "floor": 1}}, {"type": "Feature", "geometry": {"type": "Polygon", "coordinates": [[[-0.4227, 20.2889], [-1.5127, 20.2889], [-1.5127, 20.2789], [-4.4927, 20.2789], [-4.4927, 15.6789], [-0.4227, 15.6789], [-0.4227, 18.4789], [-1.0227, 18.4789], [-1.0227, 18.6189], [-0.4227, 18.6189], [-0.4227, 20.2889]]]}, "properties": {"room_id": "B5-1.WC5", "building_id": "B5", "floor": 1}}, {"type": "Feature", "geometry": {"type": "Polygon", "coordinates": [[[6.9273, 19.264], [1.9223, 19.264], [1.8273, 19.264], [1.8273, 16.614], [2.0073, 16.614], [2.0073, 16.004], [6.9273, 16.004], [6.9273, 16.489], [6.9273, 18.969], [6.9273, 19.264]]]}, "properties": {"room_id": "B5-ST-02", "building_id": "B5", "floor": 1}}, {"type": "Feature", "geometry": {"type": "Polygon", "coordinates": [[[11.7523, 15.799], [11.3978, 15.799], [11.1423, 15.799], [11.1423, 16.6065], [11.1423, 20.089], [10.9423, 20.089], [8.9423, 20.089], [7.8423, 20.089], [7.8423, 19.374], [7.8423, 15.654], [11.2373, 15.654], [11.7523, 15.654], [11.7523, 15.799]]]}, "properties": {"room_id": "B5-EV-02", "building_id": "B5", "floor": 1}}, {"type": "Feature", "geometry": {"type": "Polygon", "coordinates": [[[-9.4127, 25.334], [-9.4127, 19.754], [-5.6787, 19.754], [-5.3177, 19.754], [-5.3177, 22.484], [-5.6227, 22.484], [-5.6227, 23.314], [-5.3177, 23.314], [-5.3177, 25.334], [-6.7927, 25.334], [-8.6127, 25.334], [-9.4127, 25.334]]]}, "properties": {"room_id": "B5-113", "building_id": "B5", "floor": 1}}, {"type": "Feature", "geometry": {"type": "Polygon", "coordinates": [[[-12.1027, 25.334], [-12.1027, 23.314], [-11.4927, 23.314], [-11.4927, 22.484], [-12.1027, 22.484], [-12.1027, 19.754], [-9.7927, 19.754], [-9.7927, 25.334], [-11.5527, 25.334], [-12.1027, 25.334]]]}, "properties": {"room_id": "B5-114", "building_id": "B5", "floor": 1}}, {"type": "Feature", "geometry": {"type": "Polygon", "coordinates": [[[-16.5277, 25.334], [-16.5277, 19.754], [-12.4827, 19.754], [-12.4827, 22.4915], [-12.4827, 23.3065], [-12.4827, 25.334], [-13.4927, 25.334], [-15.3127, 25.334], [-16.3052, 25.334], [-16.5277, 25.334]]]}, "properties": {"room_id": "B5-115", "building_id": "B5", "floor": 1}}, {"type": "Feature", "geometry": {"type": "Polygon", "coordinates": [[[-12.3227, 30.014], [-12.3227, 35.7915], [-12.3227, 35.799], [-12.3227, 36.234], [-16.5277, 36.234], [-16.5277, 30.014], [-16.3052, 30.014], [-15.3127, 30.014], [-13.4927, 30.014], [-12.3227, 30.014]]]}, "properties": {"room_id": "B5-110", "building_id": "B5", "floor": 1}}, {"type": "Feature", "geometry": {"type": "Polygon", "coordinates": [[[-11.5077, 30.014], [-11.5002, 30.014], [-9.7327, 30.014], [-8.5627, 30.014], [-8.5627, 36.234], [-11.4927, 36.234], [-11.4927, 35.784], [-11.9427, 35.784], [-11.9427, 30.014], [-11.5077, 30.014]]]}, "properties": {"room_id": "B5-109", "building_id": "B5", "floor": 1}}, {"type": "Feature", "geometry": {"type": "Polygon", "coordinates": [[[-5.6077, 30.014], [-4.7927, 30.014], [-4.1327, 30.014], [-4.1327, 36.234], [-4.7927, 36.234], [-4.7927, 35.784], [-5.6227, 35.784], [-5.6227, 36.234], [-8.1827, 36.234], [-8.1827, 30.014], [-7.3827, 30.014], [-5.6077, 30.014], [-4.7927, 30.014], [-4.1327, 30.014], [-4.1327, 36.234], [-4.7927, 36.234], [-4.7927, 35.784], [-5.6227, 35.784], [-5.6227, 36.234], [-8.1827, 36.234], [-8.1827, 30.014], [-7.3827, 30.014], [-5.6077, 30.014]]]}, "properties": {"room_id": "B5-108", "building_id": "B5", "floor": 1}}, {"type": "Feature", "geometry": {"type": "Polygon", "coordinates": [[[-3.7527, 36.394], [-3.7527, 29.824], [-3.7527, 28.834], [-1.3427, 28.834], [-1.3427, 29.084], [-1.3427, 34.539], [-1.3427, 36.394], [-3.7527, 36.394]]]}, "properties": {"room_id": "B5-107", "building_id": "B5", "floor": 1}}, {"type": "Feature", "geometry": {"type": "Polygon", "coordinates": [[[12.0448, 22.484], [11.9423, 22.484], [11.3473, 22.484], [11.3473, 20.299], [11.3473, 20.1915], [11.3473, 16.614], [11.9573, 16.614], [11.9573, 15.799], [11.9573, 15.5515], [11.9573, 15.393], [11.9573, 14.949], [22.8423, 14.949], [22.8423, 22.484], [22.1528, 22.484], [21.9998, 22.484], [21.1848, 22.484], [21.0318, 22.484], [17.4583, 22.484], [17.2923, 22.484], [12.0448, 22.484]], [[21.1773, 16.614], [22.0073, 16.614], [22.0073, 15.784], [21.1773, 15.784], [21.1773, 16.614]]]}, "properties": {"room_id": "B5-116", "building_id": "B5", "floor": 1}}, {"type": "Feature", "geometry": {"type": "Polygon", "coordinates": [[[1.1773, 29.084], [1.1773, 30.099], [1.1773, 34.429], [-1.1227, 34.429], [-1.1227, 29.084], [-1.1212, 29.084], [1.1773, 29.084]]]}, "properties": {"room_id": "B5-1.LB3", "building_id": "B5", "floor": 1}}, {"type": "Feature", "geometry": {"type": "Polygon", "coordinates": [[[-1.1227, 29.084], [-1.1227, 28.614], [-3.9427, 28.614], [-4.1327, 28.614], [-5.6227, 28.614], [-5.6227, 29.199], [-5.6227, 29.634], [-7.3227, 29.634], [-7.3227, 28.614], [-9.7927, 28.614], [-9.7927, 29.634], [-11.4927, 29.634], [-11.4927, 29.199], [-11.4927, 28.614], [-13.5527, 28.614], [-13.5527, 29.634], [-15.2527, 29.634], [-15.2527, 28.614], [-16.1877, 28.614], [-16.1877, 26.624], [-15.2527, 26.624], [-15.2527, 25.714], [-13.5527, 25.714], [-13.5527, 26.624], [-11.4927, 26.624], [-11.4927, 25.714], [-9.7927, 25.714], [-9.7927, 26.624], [-8.5527, 26.624], [-8.5527, 25.714], [-6.8527, 25.714], [-6.8527, 26.624], [-5.3043, 26.624], [-5.3027, 26.624], [-5.2077, 26.624], [-4.6093, 26.624], [-4.5552, 26.624], [-0.3027, 26.6239], [-0.1497, 26.6239], [1.5568, 26.6239], [1.7098, 26.6239], [7.8573, 26.624], [7.8573, 29.084], [2.1998, 29.084], [2.1923, 29.084], [1.1848, 29.084], [1.0318, 29.084], [-1.1227, 29.084]]]}, "properties": {"room_id": "B5-1.CR2", "building_id": "B5", "floor": 1}}, {"type": "Feature", "geometry": {"type": "Polygon", "coordinates": [[[-0.1927, 26.6239], [-0.1927, 22.1089], [-0.5707, 22.1089], [-1.5127, 22.1089], [-1.9377, 22.1089], [-1.9377, 20.5089], [-1.5127, 20.5089], [-0.5707, 20.5089], [-0.1927, 20.5089], [-0.1927, 15.6689], [0.0673, 15.6689], [1.0773, 15.6689], [1.1773, 15.6689], [1.1773, 15.799], [1.1773, 16.614], [1.6073, 16.614], [1.6073, 19.2624], [1.6073, 19.279], [1.6073, 19.479], [1.6073, 22.484], [1.1773, 22.484], [1.1773, 23.314], [1.6073, 23.314], [1.6073, 26.6239], [-0.1927, 26.6239]]]}, "properties": {"room_id": "B5-1.CR3", "building_id": "B5", "floor": 1}}, {"type": "Feature", "geometry": {"type": "Polygon", "coordinates": [[[10.9423, 29.084], [10.9348, 29.084], [7.8573, 29.084], [7.8573, 26.6745], [7.8573, 26.5215], [7.8573, 22.794], [7.8573, 20.304], [8.9423, 20.304], [8.9423, 20.294], [10.9423, 20.294], [10.9423, 20.304], [11.1273, 20.304], [11.1273, 22.4915], [11.1273, 22.5177], [11.1273, 23.699], [11.1273, 25.379], [11.9273, 25.379], [11.9273, 28.279], [11.1273, 28.279], [11.1273, 29.084], [10.9423, 29.084]]]}, "properties": {"room_id": "B5-1.CR4", "building_id": "B5", "floor": 1}}, {"type": "Feature", "geometry": {"type": "Polygon", "coordinates": [[[-16.9077, 77.7521], [-16.9077, 74.7287], [-7.9064, 73.1414], [-6.8643, 73.7732], [-5.7198, 76.9176], [-5.7079, 76.9503], [-5.6132, 77.2105], [-5.5662, 77.1934], [-5.5662, 77.458], [-5.5662, 77.7521], [-16.9077, 77.7521], [1.0773, 15.4489], [0.0673, 15.4489], [0.0673, 15.343], [-5.2152, 15.343], [-5.7287, 15.343], [-5.7287, 15.6385], [-5.7287, 16.7595], [-5.7287, 19.268], [-16.9977, 19.268], [-16.9977, 14.949], [11.9573, 14.949], [11.9573, 15.343], [1.0773, 15.343], [-16.9077, 77.7521]], [[-12.3227, 76.914], [-11.4927, 76.914], [-11.4927, 76.084], [-12.3227, 76.084], [-12.3227, 76.914], [-11.4927, 16.614], [-11.4927, 15.784], [-12.3227, 15.784], [-12.3227, 16.614], [-12.3227, 76.914]]]}, "properties": {"room_id": "B5-P", "building_id": "B5", "floor": 1}}, {"type": "Feature", "geometry": {"type": "Polygon", "coordinates": [[[-17.0187, 25.714], [-16.4077, 25.714], [-16.4077, 26.5024], [-16.4077, 26.624], [-16.3149, 26.624], [-16.3149, 28.614], [-16.4077, 28.614], [-16.4077, 28.7356], [-16.4077, 29.634], [-17.0137, 29.634], [-17.0137, 29.824], [-17.0137, 36.72], [-16.7027, 36.72], [-16.7027, 38.219], [-16.7027, 62.599], [-16.7027, 64.328], [-16.9227, 64.328], [-16.9227, 65.149], [-16.9227, 65.454], [-16.9227, 68.028], [-17.0682, 68.028], [-18.1472, 68.028], [-19.182, 68.028], [-19.3331, 68.0661], [-19.9589, 69.3394], [-19.8409, 69.6635], [-19.6646, 70.1479], [-19.5612, 70.1103], [-18.939, 71.8199], [-18.9427, 71.8213], [-18.8801, 71.9934], [-18.8689, 72.024], [-18.9685, 72.0602], [-18.8196, 72.4695], [-18.2054, 74.1567], [-17.1788, 74.7765], [-16.9077, 74.7287], [-16.9077, 77.7521], [-26.5577, 77.7521], [-26.5577, 14.949], [-16.9977, 14.949], [-16.9977, 19.165], [-16.9977, 19.318], [-17.0187, 19.318], [-17.0187, 25.524], [-17.0187, 25.714]]]}, "properties": {"room_id": "B5-1.TR1", "building_id": "B5", "floor": 1}}, {"type": "Feature", "geometry": {"type": "Polygon", "coordinates": [[[1.1773, 63.549], [1.1773, 63.5565], [1.1773, 64.434], [-0.0977, 64.434], [-0.0977, 64.328], [-0.7152, 64.328], [-1.0126, 64.328], [-16.1027, 64.328], [-16.2472, 64.328], [-16.7027, 64.328], [-16.7027, 62.599], [-1.1627, 62.599], [-1.1627, 38.219], [-16.7027, 38.219], [-16.7027, 36.72], [-1.2327, 36.72], [-1.1227, 36.72], [-1.1227, 34.649], [1.1773, 34.649], [1.1773, 35.8415], [1.1773, 35.849], [1.1773, 36.749], [1.1773, 36.7565], [1.1773, 42.5415], [1.1773, 42.549], [1.1773, 43.449], [1.1773, 43.4565], [1.1773, 49.2415], [1.1773, 49.249], [1.1773, 50.149], [1.1773, 50.1565], [1.1773, 55.9415], [1.1773, 55.949], [1.1773, 56.849], [1.1773, 56.8565], [1.1773, 62.6415], [1.1773, 62.649], [1.1773, 63.549]]]}, "properties": {"room_id": "B5-1.TR5", "building_id": "B5", "floor": 1}}, {"type": "Feature", "geometry": {"type": "Polygon", "coordinates": [[[15.6073, 68.024], [21.9173, 68.024], [22.1633, 68.024], [22.8423, 68.024], [22.8423, 77.7521], [-5.5662, 77.7521], [-5.5662, 77.355], [-5.1702, 77.355], [0.0673, 77.355], [0.0673, 77.249], [1.0773, 77.249], [1.0773, 77.355], [9.7023, 77.355], [9.7023, 77.249], [10.7123, 77.249], [10.7123, 77.355], [11.9048, 77.355], [11.9573, 77.355], [11.9573, 76.899], [11.9573, 76.084], [11.3473, 76.084], [11.3473, 74.244], [15.6073, 74.244], [15.6073, 68.024]], [[21.1773, 70.214], [22.0073, 70.214], [22.0073, 69.384], [21.1773, 69.384], [21.1773, 70.214]], [[21.1773, 76.914], [22.0073, 76.914], [22.0073, 76.084], [21.1773, 76.084], [21.1773, 76.914]]]}, "properties": {"room_id": "B5-1.TR2", "building_id": "B5", "floor": 1}}, {"type": "Feature", "geometry": {"type": "Polygon", "coordinates": [[[21.0923, 29.084], [21.0848, 29.084], [17.5083, 29.084], [17.5083, 22.484], [21.1773, 22.484], [21.1773, 23.314], [22.0073, 23.314], [22.0073, 22.484], [22.8423, 22.484], [22.8423, 29.084], [22.1633, 29.099], [22.0998, 29.084], [21.0923, 29.084]]]}, "properties": {"room_id": "B5-1.TR4", "building_id": "B5", "floor": 1}}, {"type": "Feature", "geometry": {"type": "Polygon", "coordinates": [[[22.2133, 49.234], [21.4573, 49.234], [21.4573, 43.464], [22.2133, 43.464], [22.2133, 42.3885], [22.2133, 36.9095], [22.2133, 34.089], [22.2133, 33.899], [21.2973, 33.899], [21.2973, 31.874], [22.2133, 31.874], [22.2133, 31.684], [22.2133, 29.0979], [22.8423, 29.084], [22.8423, 68.024], [22.2133, 68.024], [22.2133, 66.969], [22.2133, 66.779], [21.2973, 66.779], [21.2973, 64.744], [22.2133, 64.744], [22.2133, 64.554], [22.2133, 62.4885], [22.2133, 57.0095], [22.2133, 55.7885], [22.2133, 50.3095], [22.2133, 49.234]]]}, "properties": {"room_id": "B5-1.TR3", "building_id": "B5", "floor": 1}}, {"type": "Feature", "geometry": {"type": "Polygon", "coordinates": [[[12.1423, 29.084], [12.1423, 29.099], [12.1473, 29.099], [12.1473, 28.4006], [12.1473, 28.279], [12.1473, 28.2774], [12.1473, 25.629], [14.8219, 25.629], [17.1823, 25.629], [17.1823, 28.6483], [17.1823, 29.084], [12.1498, 29.084], [12.1423, 29.084]]]}, "properties": {"room_id": "B5-106A", "building_id": "B5", "floor": 1}}, {"type": "Feature", "geometry": {"type": "Polygon", "coordinates": [[[14.8219, 22.704], [17.1823, 22.704], [17.1823, 23.2628], [17.1823, 25.629], [14.8219, 25.629], [14.8219, 22.704]]]}, "properties": {"room_id": "B5-106C", "building_id": "B5", "floor": 1}}, {"type": "Feature", "geometry": {"type": "Polygon", "coordinates": [[[12.1473, 25.629], [12.1473, 25.3806], [12.1473, 25.379], [12.1473, 25.319], [12.1473, 23.699], [12.1473, 22.704], [14.8219, 22.704], [14.8219, 25.629], [12.1473, 25.629]]]}, "properties": {"room_id": "B5-106B", "building_id": "B5", "floor": 1}}, {"type": "Feature", "geometry": {"type": "Polygon", "coordinates": [[[21.1773, 77.029], [11.9573, 77.029], [11.9573, 76.899], [11.9573, 76.084], [11.3473, 76.084], [11.3473, 71.184], [12.0423, 71.184], [12.0573, 71.184], [22.1223, 71.184], [22.1223, 76.084], [21.9923, 76.084], [21.1773, 76.084], [21.1773, 76.899], [21.1773, 77.029]]]}, "properties": {"room_id": "B5-203", "building_id": "B5", "floor": 2}}, {"type": "Feature", "geometry": {"type": "Polygon", "coordinates": [[[21.0923, 29.084], [21.0848, 29.084], [12.1423, 29.084], [11.5073, 29.084], [11.5073, 23.314], [11.9573, 23.314], [11.9573, 22.484], [11.5073, 22.484], [11.5073, 20.299], [11.5073, 20.294], [11.5073, 16.614], [11.9573, 16.614], [11.9573, 15.799], [11.9573, 15.669], [21.1773, 15.669], [21.1773, 15.799], [21.1773, 16.614], [21.9923, 16.614], [22.1223, 16.614], [22.1223, 22.484], [21.9923, 22.484], [21.1773, 22.484], [21.1773, 23.314], [21.9923, 23.314], [22.1223, 23.314], [22.1223, 29.084], [21.0923, 29.084]]]}, "properties": {"room_id": "B5-204", "building_id": "B5", "floor": 2}}, {"type": "Feature", "geometry": {"type": "Polygon", "coordinates": [[[-5.6227, 36.169], [-10.4577, 36.169], [-10.4577, 30.119], [-9.9993, 30.119], [-9.8527, 30.119], [-9.7847, 30.119], [-8.2027, 30.119], [-8.0561, 30.119], [-5.6077, 30.119], [-4.8077, 30.119], [-2.7143, 30.119], [-2.5927, 30.119], [-2.5911, 30.119], [-1.1443, 30.119], [-1.1427, 30.119], [-1.0211, 30.119], [-0.4127, 30.119], [-0.4127, 35.379], [-0.4127, 36.169], [-4.7927, 36.169], [-4.7927, 35.784], [-5.6227, 35.784], [-5.6227, 36.169]]]}, "properties": {"room_id": "B5-205", "building_id": "B5", "floor": 2}}, {"type": "Feature", "geometry": {"type": "Polygon", "coordinates": [[[-12.3227, 36.169], [-14.5227, 36.169], [-14.5227, 30.119], [-13.8943, 30.119], [-13.7727, 30.119], [-13.7711, 30.119], [-12.3152, 30.119], [-12.3077, 30.119], [-11.5077, 30.119], [-10.6777, 30.119], [-10.6777, 36.169], [-11.4927, 36.169], [-11.4927, 35.784], [-12.3227, 35.784], [-12.3227, 36.169]]]}, "properties": {"room_id": "B5-206", "building_id": "B5", "floor": 2}}, {"type": "Feature", "geometry": {"type": "Polygon", "coordinates": [[[-18.9027, 35.784], [-18.9027, 35.379], [-18.9027, 30.119], [-18.3077, 30.119], [-18.1143, 30.119], [-17.9927, 30.119], [-17.9911, 30.119], [-16.3443, 30.119], [-16.3427, 30.119], [-16.2211, 30.119], [-14.7427, 30.119], [-14.7427, 36.169], [-18.2927, 36.169], [-18.2927, 35.784], [-18.9027, 35.784]]]}, "properties": {"room_id": "B5-207", "building_id": "B5", "floor": 2}}, {"type": "Feature", "geometry": {"type": "Polygon", "coordinates": [[[-11.4927, 15.669], [-5.6227, 15.669], [-5.6227, 15.799], [-5.6227, 16.614], [-5.3177, 16.614], [-5.3177, 22.484], [-5.6227, 22.484], [-5.6227, 23.314], [-5.3177, 23.314], [-5.3177, 25.279], [-6.9247, 25.279], [-6.9677, 25.279], [-7.1393, 25.279], [-11.7977, 25.279], [-11.7977, 23.314], [-11.4927, 23.314], [-11.4927, 22.484], [-11.7977, 22.484], [-11.7977, 16.614], [-11.4927, 16.614], [-11.4927, 15.799], [-11.4927, 15.669]]]}, "properties": {"room_id": "B5-208", "building_id": "B5", "floor": 2}}, {"type": "Feature", "geometry": {"type": "Polygon", "coordinates": [[[-18.2927, 15.669], [-12.3227, 15.669], [-12.3227, 15.799], [-12.3227, 16.614], [-12.0177, 16.614], [-12.0177, 22.484], [-12.3227, 22.484], [-12.3227, 23.314], [-12.0177, 23.314], [-12.0177, 25.279], [-16.1711, 25.279], [-16.3427, 25.279], [-16.3857, 25.279], [-17.9911, 25.279], [-17.9927, 25.279], [-18.1143, 25.279], [-18.9027, 25.279], [-18.9027, 25.2774], [-18.9027, 23.314], [-18.2927, 23.314], [-18.2927, 22.484], [-18.9027, 22.484], [-18.9027, 19.549], [-18.9027, 16.614], [-18.2927, 16.614], [-18.2927, 15.799], [-18.2927, 15.669]]]}, "properties": {"room_id": "B5-209", "building_id": "B5", "floor": 2}}, {"type": "Feature", "geometry": {"type": "Polygon", "coordinates": [[[-25.8377, 19.439], [-25.8377, 16.614], [-25.7077, 16.614], [-24.8927, 16.614], [-24.8927, 15.799], [-24.8927, 15.669], [-19.1227, 15.669], [-19.1227, 15.799], [-19.1227, 16.599], [-19.1227, 16.6065], [-19.1227, 19.439], [-21.3827, 19.439], [-25.8377, 19.439]]]}, "properties": {"room_id": "B5-210", "building_id": "B5", "floor": 2}}, {"type": "Feature", "geometry": {"type": "Polygon", "coordinates": [[[-25.8377, 22.484], [-25.8377, 19.659], [-21.4927, 19.659], [-21.4927, 22.789], [-24.8927, 22.789], [-24.8927, 22.484], [-25.7077, 22.484], [-25.8377, 22.484]]]}, "properties": {"room_id": "B5-213", "building_id": "B5", "floor": 2}}, {"type": "Feature", "geometry": {"type": "Polygon", "coordinates": [[[-25.8377, 26.139], [-25.8377, 23.314], [-25.7077, 23.314], [-24.8927, 23.314], [-24.8927, 23.009], [-24.8911, 23.009], [-21.4927, 23.009], [-21.4927, 25.389], [-21.4927, 26.139], [-25.8377, 26.139]]]}, "properties": {"room_id": "B5-214", "building_id": "B5", "floor": 2}}, {"type": "Feature", "geometry": {"type": "Polygon", "coordinates": [[[-25.8377, 29.184], [-25.8377, 26.359], [-21.4927, 26.359], [-21.4927, 29.489], [-24.8927, 29.489], [-24.8927, 29.184], [-25.7077, 29.184], [-25.8377, 29.184]]]}, "properties": {"room_id": "B5-215", "building_id": "B5", "floor": 2}}, {"type": "Feature", "geometry": {"type": "Polygon", "coordinates": [[[-25.8377, 32.839], [-25.8377, 30.014], [-25.7077, 30.014], [-24.8927, 30.014], [-24.8927, 29.709], [-24.8911, 29.709], [-21.4927, 29.709], [-21.4927, 32.839], [-25.8377, 32.839]]]}, "properties": {"room_id": "B5-216", "building_id": "B5", "floor": 2}}, {"type": "Feature", "geometry": {"type": "Polygon", "coordinates": [[[-25.8377, 35.784], [-25.8377, 33.059], [-21.4927, 33.059], [-21.4927, 35.379], [-21.4927, 35.489], [-21.4927, 35.4906], [-21.4927, 36.189], [-24.8927, 36.189], [-24.8927, 35.784], [-25.7077, 35.784], [-25.8377, 35.784]]]}, "properties": {"room_id": "B5-217", "building_id": "B5", "floor": 2}}, {"type": "Feature", "geometry": {"type": "Polygon", "coordinates": [[[-25.8377, 39.5389], [-25.8377, 36.614], [-25.7077, 36.614], [-24.8927, 36.614], [-24.8927, 36.409], [-24.8911, 36.409], [-21.4927, 36.409], [-21.4927, 39.5389], [-25.8377, 39.5389]]]}, "properties": {"room_id": "B5-218", "building_id": "B5", "floor": 2}}, {"type": "Feature", "geometry": {"type": "Polygon", "coordinates": [[[-25.8377, 42.584], [-25.8377, 39.7589], [-21.4927, 39.7589], [-21.4927, 42.889], [-24.8927, 42.889], [-24.8927, 42.584], [-25.7077, 42.584], [-25.8377, 42.584], [-25.8377, 39.7589], [-21.4927, 39.7589], [-21.4927, 42.889], [-24.8927, 42.889], [-24.8927, 42.584], [-25.7077, 42.584], [-25.8377, 42.584]]]}, "properties": {"room_id": "B5-219", "building_id": "B5", "floor": 2}}, {"type": "Feature", "geometry": {"type": "Polygon", "coordinates": [[[-25.8377, 46.2389], [-25.8377, 43.414], [-25.7077, 43.414], [-24.8927, 43.414], [-24.8927, 43.109], [-21.4927, 43.109], [-21.4927, 46.2389], [-25.8377, 46.2389]]]}, "properties": {"room_id": "B5-220", "building_id": "B5", "floor": 2}}, {"type": "Feature", "geometry": {"type": "Polygon", "coordinates": [[[-25.8377, 49.284], [-25.8377, 46.459], [-21.4927, 46.459], [-21.4927, 49.589], [-24.8927, 49.589], [-24.8927, 49.284], [-25.7077, 49.284], [-25.8377, 49.284]]]}, "properties": {"room_id": "B5-221", "building_id": "B5", "floor": 2}}, {"type": "Feature", "geometry": {"type": "Polygon", "coordinates": [[[-25.8377, 52.9389], [-25.8377, 50.114], [-25.7077, 50.114], [-24.8927, 50.114], [-24.8927, 49.809], [-24.8911, 49.809], [-21.4927, 49.809], [-21.4927, 52.9389], [-25.8377, 52.9389]]]}, "properties": {"room_id": "B5-222", "building_id": "B5", "floor": 2}}, {"type": "Feature", "geometry": {"type": "Polygon", "coordinates": [[[-25.8377, 55.984], [-25.8377, 53.1589], [-21.4927, 53.1589], [-21.4927, 56.289], [-24.8927, 56.289], [-24.8927, 55.984], [-25.7077, 55.984], [-25.8377, 55.984]]]}, "properties": {"room_id": "B5-223", "building_id": "B5", "floor": 2}}, {"type": "Feature", "geometry": {"type": "Polygon", "coordinates": [[[-25.8377, 59.639], [-25.8377, 56.814], [-25.7077, 56.814], [-24.8927, 56.814], [-24.8927, 56.509], [-21.4927, 56.509], [-21.4927, 59.639], [-25.8377, 59.639]]]}, "properties": {"room_id": "B5-224", "building_id": "B5", "floor": 2}}, {"type": "Feature", "geometry": {"type": "Polygon", "coordinates": [[[-25.8377, 62.684], [-25.8377, 59.859], [-21.4927, 59.859], [-21.4927, 62.641], [-21.4927, 62.664], [-21.4927, 62.794], [-21.4927, 62.989], [-24.8927, 62.989], [-24.8927, 62.684], [-25.7077, 62.684], [-25.8377, 62.684]]]}, "properties": {"room_id": "B5-225", "building_id": "B5", "floor": 2}}, {"type": "Feature", "geometry": {"type": "Polygon", "coordinates": [[[-25.8377, 66.339], [-25.8377, 63.514], [-25.7077, 63.514], [-24.8927, 63.514], [-24.8927, 63.209], [-24.8911, 63.209], [-21.4927, 63.209], [-21.4927, 66.339], [-25.8377, 66.339]]]}, "properties": {"room_id": "B5-226", "building_id": "B5", "floor": 2}}, {"type": "Feature", "geometry": {"type": "Polygon", "coordinates": [[[-25.8377, 69.384], [-25.8377, 66.559], [-21.4927, 66.559], [-21.4927, 69.689], [-24.6027, 69.689], [-24.6027, 69.384], [-24.9077, 69.384], [-25.7077, 69.384], [-25.8377, 69.384]]]}, "properties": {"room_id": "B5-227", "building_id": "B5", "floor": 2}}, {"type": "Feature", "geometry": {"type": "Polygon", "coordinates": [[[-25.8377, 73.039], [-25.8377, 70.214], [-25.7077, 70.214], [-24.9077, 70.214], [-24.6027, 70.214], [-24.6027, 69.909], [-21.4927, 69.909], [-21.4927, 73.039], [-25.8377, 73.039]]]}, "properties": {"room_id": "B5-228", "building_id": "B5", "floor": 2}}, {"type": "Feature", "geometry": {"type": "Polygon", "coordinates": [[[-19.1227, 77.029], [-24.5553, 77.029], [-24.5553, 76.084], [-24.9077, 76.084], [-25.7077, 76.084], [-25.8377, 76.084], [-25.8377, 73.259], [-21.3827, 73.259], [-19.1227, 73.259], [-19.1227, 76.0915], [-19.1227, 76.099], [-19.1227, 76.9065], [-19.1227, 77.029]]]}, "properties": {"room_id": "B5-229", "building_id": "B5", "floor": 2}}, {"type": "Feature", "geometry": {"type": "Polygon", "coordinates": [[[-12.3227, 77.029], [-18.2927, 77.029], [-18.2927, 76.899], [-18.2927, 76.084], [-18.9027, 76.084], [-18.9027, 73.149], [-18.9027, 71.184], [-5.2227, 71.184], [-5.2227, 73.684], [-5.2227, 73.9774], [-5.2227, 74.0315], [-5.2227, 76.084], [-5.6227, 76.084], [-5.6227, 76.899], [-5.6227, 77.029], [-11.4927, 77.029], [-11.4927, 76.899], [-11.4927, 76.084], [-12.3227, 76.084], [-12.3227, 76.899], [-12.3227, 77.029], [-18.2927, 77.029], [-18.2927, 76.899], [-18.2927, 76.084], [-18.9027, 76.084], [-18.9027, 73.149], [-18.9027, 71.184], [-5.2227, 71.184], [-5.2227, 73.684], [-5.2227, 73.9774], [-5.2227, 74.0315], [-5.2227, 76.084], [-5.6227, 76.084], [-5.6227, 76.899], [-5.6227, 77.029], [-11.4927, 77.029], [-11.4927, 76.899], [-11.4927, 76.084], [-12.3227, 76.084], [-12.3227, 76.899], [-12.3227, 77.029]]]}, "properties": {"room_id": "B5-230", "building_id": "B5", "floor": 2}}, {"type": "Feature", "geometry": {"type": "Polygon", "coordinates": [[[-0.4227, 77.019], [-1.4127, 77.019], [-1.4127, 76.619], [-1.5527, 76.619], [-1.5527, 77.019], [-3.1527, 77.019], [-3.1527, 76.619], [-3.2927, 76.619], [-3.2927, 77.019], [-4.7827, 77.019], [-4.7827, 76.074], [-4.9927, 76.074], [-4.9927, 74.094], [-3.1527, 74.094], [-3.1527, 73.804], [-1.5527, 73.804], [-1.5527, 75.444], [-1.4227, 75.444], [-1.4227, 75.434], [-0.4227, 75.434], [-0.4227, 77.019]]]}, "properties": {"room_id": "B5-2.WC1", "building_id": "B5", "floor": 2}}, {"type": "Feature", "geometry": {"type": "Polygon", "coordinates": [[[2.0173, 77.019], [2.0173, 75.444], [3.7123, 75.444], [3.7123, 74.844], [6.4023, 74.844], [6.4023, 75.519], [6.5423, 75.519], [6.5423, 74.094], [9.3023, 74.094], [9.3023, 77.019], [2.0173, 77.019]]]}, "properties": {"room_id": "B5-2.WC2", "building_id": "B5", "floor": 2}}, {"type": "Feature", "geometry": {"type": "Polygon", "coordinates": [[[-5.0177, 73.589], [-5.0177, 71.169], [-4.5077, 71.169], [-4.5027, 71.169], [-0.9127, 71.169], [-0.9077, 71.169], [-0.3977, 71.169], [-0.3977, 73.589], [-1.4827, 73.589], [-3.2152, 73.589], [-3.2693, 73.589], [-5.0177, 73.589]]]}, "properties": {"room_id": "B5-EV-01", "building_id": "B5", "floor": 2}}, {"type": "Feature", "geometry": {"type": "Polygon", "coordinates": [[[3.5723, 73.664], [1.8723, 73.664], [1.8723, 71.484], [3.5723, 71.484], [3.5723, 73.664]]]}, "properties": {"room_id": "B5-2.WC3", "building_id": "B5", "floor": 2}}, {"type": "Feature", "geometry": {"type": "Polygon", "coordinates": [[[6.4023, 74.704], [3.7123, 74.704], [3.7123, 73.804], [6.4023, 73.804], [6.4023, 74.704]]]}, "properties": {"room_id": "B5-2.JC1", "building_id": "B5", "floor": 2}}, {"type": "Feature", "geometry": {"type": "Polygon", "coordinates": [[[11.1273, 77.029], [9.5323, 77.029], [9.5323, 74.0315], [9.5323, 73.689], [9.5323, 73.6874], [9.5323, 71.184], [11.0273, 71.184], [11.0423, 71.184], [11.1273, 71.184], [11.1273, 76.0915], [11.1273, 76.099], [11.1273, 76.899], [11.1273, 77.029]]]}, "properties": {"room_id": "B5-232", "building_id": "B5", "floor": 2}}, {"type": "Feature", "geometry": {"type": "Polygon", "coordinates": [[[-0.4227, 26.3939], [-4.4927, 26.3939], [-4.4927, 20.5189], [-2.1677, 20.5189], [-2.1677, 22.1989], [-2.6677, 22.1989], [-2.6677, 22.3389], [-0.4227, 22.3389], [-0.4227, 23.5389], [-1.0227, 23.5389], [-1.0227, 23.6789], [-0.4227, 23.6789], [-0.4227, 26.3939]]]}, "properties": {"room_id": "B5-2.WC4", "building_id": "B5", "floor": 2}}, {"type": "Feature", "geometry": {"type": "Polygon", "coordinates": [[[-4.4927, 20.2789], [-4.4927, 15.6789], [-0.4227, 15.6789], [-0.4227, 18.4789], [-1.0227, 18.4789], [-1.0227, 18.6189], [-0.4227, 18.6189], [-0.4227, 20.2789], [-4.4927, 20.2789]]]}, "properties": {"room_id": "B5-2.WC5", "building_id": "B5", "floor": 2}}, {"type": "Feature", "geometry": {"type": "Polygon", "coordinates": [[[6.9273, 19.264], [1.9223, 19.264], [1.8273, 19.264], [1.8273, 16.614], [2.0073, 16.614], [2.0073, 16.004], [6.9273, 16.004], [6.9273, 16.489], [6.9273, 18.969], [6.9273, 19.264]]]}, "properties": {"room_id": "B5-ST-02", "building_id": "B5", "floor": 2}}, {"type": "Feature", "geometry": {"type": "Polygon", "coordinates": [[[11.7523, 15.799], [11.1423, 15.799], [11.1423, 16.599], [11.1423, 20.089], [10.9423, 20.089], [8.9423, 20.089], [7.8423, 20.089], [7.8423, 19.374], [7.8423, 15.654], [11.7523, 15.654], [11.7523, 15.799]]]}, "properties": {"room_id": "B5-EV-02", "building_id": "B5", "floor": 2}}, {"type": "Feature", "geometry": {"type": "Polygon", "coordinates": [[[-16.7027, 68.134], [-16.7027, 65.454], [-16.1026, 65.454], [-16.1026, 65.1565], [-16.1026, 64.764], [-1.0126, 64.764], [-1.0126, 65.454], [-0.4127, 65.454], [-0.4127, 68.134], [-1.0077, 68.134], [-1.0152, 68.134], [-1.0227, 68.134], [-2.4752, 68.134], [-2.7077, 68.134], [-7.4077, 68.134], [-9.7077, 68.134], [-14.4077, 68.134], [-16.1077, 68.134], [-16.7027, 68.134]]]}, "properties": {"room_id": "B5-ST-01", "building_id": "B5", "floor": 2}}, {"type": "Feature", "geometry": {"type": "Polygon", "coordinates": [[[-19.1227, 73.039], [-21.2727, 73.039], [-21.2727, 69.799], [-21.2727, 66.449], [-21.2727, 63.099], [-21.2727, 62.904], [-21.2297, 62.904], [-19.1227, 62.904], [-19.1227, 63.499], [-19.1227, 63.884], [-18.3452, 63.884], [-16.9227, 63.884], [-16.9227, 64.4415], [-16.9227, 65.149], [-16.9227, 65.1565], [-16.9227, 65.454], [-16.9227, 68.1415], [-16.9227, 68.664], [-16.1077, 68.664], [-14.4077, 68.664], [-9.7077, 68.664], [-7.4077, 68.664], [-2.7077, 68.664], [-2.4752, 68.664], [-1.0077, 68.664], [-0.2077, 68.664], [-0.2077, 70.954], [-0.9077, 70.954], [-0.9077, 70.964], [-0.9127, 70.964], [-2.1077, 70.964], [-2.1077, 70.954], [-3.3077, 70.954], [-3.3077, 70.964], [-4.5027, 70.964], [-4.5077, 70.964], [-4.5077, 70.954], [-5.2227, 70.954], [-5.2227, 70.964], [-19.1227, 70.964], [-19.1227, 73.039]], [[-19.1227, 68.664], [-18.2927, 68.664], [-18.2927, 68.134], [-19.1227, 68.134], [-19.1227, 68.664]]]}, "properties": {"room_id": "B5-2.CR1", "building_id": "B5", "floor": 2}}, {"type": "Feature", "geometry": {"type": "Polygon", "coordinates": [[[-16.9227, 38.219], [-16.9227, 63.664], [-18.2927, 63.664], [-18.2927, 63.499], [-18.2927, 62.684], [-19.1227, 62.684], [-19.1227, 56.814], [-18.2927, 56.814], [-18.2927, 55.984], [-19.1227, 55.984], [-19.1227, 50.114], [-18.2927, 50.114], [-18.2927, 49.284], [-19.1227, 49.284], [-19.1227, 43.414], [-18.2927, 43.414], [-18.2927, 42.584], [-19.1227, 42.584], [-19.1227, 38.219], [-16.9227, 38.219]]]}, "properties": {"room_id": "B5-231", "building_id": "B5", "floor": 2}}, {"type": "Feature", "geometry": {"type": "Polygon", "coordinates": [[[-19.1227, 35.7824], [-19.1227, 35.799], [-19.1227, 36.6065], [-19.1227, 36.7595], [-19.1227, 38.109], [-19.1227, 38.219], [-19.1227, 38.2206], [-19.1227, 42.4385], [-19.1227, 42.5915], [-19.1227, 43.4065], [-19.1227, 43.5595], [-19.1227, 49.1385], [-19.1227, 49.2915], [-19.1227, 50.1065], [-19.1227, 50.2595], [-19.1227, 55.8385], [-19.1227, 55.9915], [-19.1227, 56.8065], [-19.1227, 56.9595], [-19.1227, 62.5385], [-19.1227, 62.684], [-21.2727, 62.684], [-21.2727, 59.749], [-21.2727, 56.399], [-21.2727, 53.0489], [-21.2727, 49.699], [-21.2727, 46.3489], [-21.2727, 42.999], [-21.2727, 39.6489], [-21.2727, 36.299], [-21.2727, 35.489], [-19.1227, 35.489], [-19.1227, 35.7824]]]}, "properties": {"room_id": "B5-2.CR5", "building_id": "B5", "floor": 2}}, {"type": "Feature", "geometry": {"type": "Polygon", "coordinates": [[[-19.1227, 30.0165], [-19.1227, 35.269], [-21.2711, 35.269], [-21.2727, 35.269], [-21.2727, 32.949], [-21.2727, 29.599], [-21.2727, 26.249], [-21.2727, 25.499], [-19.1227, 25.499], [-19.1227, 26.559], [-19.1227, 26.717], [-19.1227, 28.831], [-19.1227, 28.919], [-19.1227, 28.9865], [-19.1227, 29.0456], [-19.1227, 29.199], [-19.1227, 29.999], [-19.1227, 30.0165]]]}, "properties": {"room_id": "B5-2.CR9", "building_id": "B5", "floor": 2}}, {"type": "Feature", "geometry": {"type": "Polygon", "coordinates": [[[-5.3177, 25.499], [-5.3177, 26.624], [-4.6093, 26.624], [-4.5552, 26.624], [-0.1927, 26.6239], [-0.1927, 28.924], [-1.1427, 28.924], [-1.1427, 29.899], [-2.5927, 29.899], [-2.5927, 28.924], [-8.1777, 28.924], [-8.1777, 29.899], [-8.2027, 29.899], [-9.8777, 29.899], [-9.8777, 28.924], [-12.3227, 28.924], [-12.3227, 29.199], [-12.3227, 29.899], [-13.7727, 29.899], [-13.7727, 28.924], [-16.3427, 28.924], [-16.3427, 29.899], [-17.9927, 29.899], [-17.9927, 28.924], [-19.1227, 28.924], [-19.1227, 26.624], [-17.9927, 26.624], [-17.9927, 25.499], [-16.2927, 25.499], [-16.2927, 26.624], [-7.0177, 26.624], [-7.0177, 25.499], [-5.3177, 25.499]]]}, "properties": {"room_id": "B5-2.CR8", "building_id": "B5", "floor": 2}}, {"type": "Feature", "geometry": {"type": "Polygon", "coordinates": [[[11.1273, 23.299], [11.1273, 29.0915], [11.1273, 29.099], [10.9423, 29.099], [10.9423, 29.084], [2.7473, 29.084], [2.7473, 26.624], [7.8573, 26.624], [7.8573, 22.794], [7.8573, 20.304], [8.9423, 20.304], [8.9423, 20.294], [10.9423, 20.294], [10.9423, 20.304], [11.1273, 20.304], [11.1273, 22.499], [11.1273, 23.299]]]}, "properties": {"room_id": "B5-2.CR6", "building_id": "B5", "floor": 2}}, {"type": "Feature", "geometry": {"type": "Polygon", "coordinates": [[[1.1773, 30.099], [1.1773, 30.1065], [1.1773, 35.269], [-0.1927, 35.269], [-0.1927, 30.0165], [-0.1927, 29.914], [-0.1927, 29.9124], [-0.1927, 28.984], [-0.1927, 28.831], [-0.1927, 26.6669], [-0.1927, 26.5139], [-0.1927, 22.1089], [-1.9377, 22.1089], [-1.9377, 20.5089], [-0.1927, 20.5089], [-0.1927, 15.6689], [1.1773, 15.6689], [1.1773, 15.799], [1.1773, 16.614], [1.6073, 16.614], [1.6073, 19.2624], [1.6073, 19.279], [1.6073, 19.479], [1.6073, 22.484], [1.1773, 22.484], [1.1773, 23.314], [1.6073, 23.314], [1.6073, 26.624], [2.5273, 26.624], [2.5273, 29.084], [2.1923, 29.084], [1.1773, 29.084], [1.1773, 30.099]]]}, "properties": {"room_id": "B5-2.CR7", "building_id": "B5", "floor": 2}}, {"type": "Feature", "geometry": {"type": "Polygon", "coordinates": [[[1.1773, 43.449], [1.1773, 48.934], [-0.1927, 48.934], [-0.1927, 37.999], [-16.8127, 37.999], [-19.1227, 37.999], [-19.1227, 36.614], [-18.2927, 36.614], [-18.2927, 36.389], [-14.6327, 36.389], [-12.3227, 36.389], [-12.3227, 36.614], [-11.4927, 36.614], [-11.4927, 36.389], [-10.5677, 36.389], [-5.6227, 36.389], [-5.6227, 36.614], [-4.7927, 36.614], [-4.7927, 36.389], [-0.1927, 36.389], [-0.1927, 35.489], [1.1773, 35.489], [1.1773, 35.549], [1.1773, 37.049], [1.1773, 42.549], [1.1773, 43.449]]]}, "properties": {"room_id": "B5-2.CR4", "building_id": "B5", "floor": 2}}, {"type": "Feature", "geometry": {"type": "Polygon", "coordinates": [[[1.1773, 63.549], [1.1773, 64.764], [1.8423, 64.764], [3.3923, 64.764], [3.3923, 70.964], [1.7448, 70.964], [1.5918, 70.964], [-0.1422, 70.964], [-0.2077, 70.964], [-0.2077, 70.959], [-0.2077, 68.6565], [-0.1927, 68.6565], [-0.1927, 68.149], [-0.1927, 68.1415], [-0.1927, 65.454], [-0.1927, 65.149], [-0.1927, 64.449], [-0.1927, 49.154], [1.1773, 49.154], [1.1773, 50.149], [1.1773, 55.949], [1.1773, 56.849], [1.1773, 62.649], [1.1773, 63.549]], [[1.1773, 68.664], [2.0073, 68.664], [2.0073, 68.134], [1.1773, 68.134], [1.1773, 68.664]]]}, "properties": {"room_id": "B5-2.CR3", "building_id": "B5", "floor": 2}}, {"type": "Feature", "geometry": {"type": "Polygon", "coordinates": [[[1.1773, 77.029], [-0.1927, 77.029], [-0.1927, 75.314], [-0.5707, 75.314], [-1.4227, 75.314], [-1.4227, 73.794], [-0.1927, 73.794], [-0.1927, 70.964], [1.6423, 70.964], [1.6423, 71.4215], [1.6423, 73.794], [3.5823, 73.794], [3.5823, 75.314], [1.9548, 75.314], [1.6423, 75.314], [1.6423, 76.084], [1.1773, 76.084], [1.1773, 76.899], [1.1773, 77.029]]]}, "properties": {"room_id": "B5-2.CR2", "building_id": "B5", "floor": 2}}, {"type": "Feature", "geometry": {"type": "Polygon", "coordinates": [[[11.0273, 70.799], [11.0423, 70.799], [11.0423, 70.979], [11.0273, 70.979], [11.0273, 70.964], [9.4798, 70.964], [9.4257, 70.964], [3.6423, 70.964], [3.6123, 70.964], [3.6123, 68.024], [22.1223, 68.024], [22.1223, 69.384], [21.9923, 69.384], [21.1773, 69.384], [21.1773, 70.214], [21.9923, 70.214], [22.1223, 70.214], [22.1223, 70.964], [12.0573, 70.964], [12.0573, 70.979], [12.0423, 70.979], [12.0423, 70.799], [12.0573, 70.799], [12.0573, 69.784], [11.2773, 69.784], [11.0273, 69.784], [11.0273, 70.799], [-19.1227, 19.659], [-19.1227, 22.4915], [-19.1227, 23.3065], [-19.1227, 25.279], [-21.2727, 25.279], [-21.2727, 22.899], [-21.2727, 19.659], [11.0273, 70.799]]]}, "properties": {"room_id": "B5-2.CR10", "building_id": "B5", "floor": 2}}, {"type": "Feature", "geometry": {"type": "Polygon", "coordinates": [[[1.5573, 63.564], [3.0073, 63.564], [3.0073, 62.634], [1.5573, 62.634], [1.5573, 56.864], [3.0073, 56.864], [3.0073, 55.934], [1.5573, 55.934], [1.5573, 50.164], [3.0073, 50.164], [3.0073, 49.234], [1.5573, 49.234], [1.5573, 48.9324], [1.5573, 43.464], [3.0073, 43.464], [3.0073, 42.534], [1.5573, 42.534], [1.5573, 37.049], [1.5573, 36.764], [3.0073, 36.764], [3.0073, 35.834], [1.5573, 35.834], [1.5573, 35.549], [1.5573, 35.379], [1.5573, 30.114], [2.2073, 30.114], [2.2073, 29.464], [2.6373, 29.464], [10.9273, 29.464], [10.9273, 30.114], [12.1573, 30.114], [12.1573, 29.464], [21.0773, 29.464], [21.0773, 30.114], [22.1223, 30.114], [22.1223, 35.834], [20.2773, 35.834], [20.2773, 36.764], [22.1223, 36.764], [22.1223, 42.534], [20.2773, 42.534], [20.2773, 43.464], [22.1223, 43.464], [22.1223, 49.234], [20.2773, 49.234], [20.2773, 50.164], [22.1223, 50.164], [22.1223, 55.934], [20.2773, 55.934], [20.2773, 56.864], [22.1223, 56.864], [22.1223, 62.634], [20.2773, 62.634], [20.2773, 63.564], [22.1223, 63.564], [22.1223, 67.644], [22.1207, 67.644], [3.7723, 67.644], [3.7723, 64.574], [3.7723, 64.384], [3.3923, 64.384], [1.8423, 64.384], [1.5573, 64.384], [1.5573, 63.564]]]}, "properties": {"room_id": "B5-105", "building_id": "B5", "floor": 2}}, {"type": "Feature", "geometry": {"type": "Polygon", "coordinates": [[[21.1773, 77.029], [16.5673, 77.029], [16.5673, 71.184], [22.1223, 71.184], [22.1223, 76.084], [21.9923, 76.084], [21.1773, 76.084], [21.1773, 76.899], [21.1773, 77.029]]]}, "properties": {"room_id": "B5-203B", "building_id": "B5", "floor": 2}}, {"type": "Feature", "geometry": {"type": "Polygon", "coordinates": [[[16.5673, 77.029], [11.9573, 77.029], [11.9573, 76.899], [11.9573, 76.084], [11.3473, 76.084], [11.3473, 71.184], [12.0423, 71.184], [12.0573, 71.184], [16.5673, 71.184], [16.5673, 77.029]]]}, "properties": {"room_id": "B5-203A", "building_id": "B5", "floor": 2}}, {"type": "Feature", "geometry": {"type": "Polygon", "coordinates": [[[21.1773, 77.029], [11.9573, 77.029], [11.9573, 76.899], [11.9573, 76.084], [11.3473, 76.084], [11.3473, 71.184], [11.9507, 71.184], [12.0573, 71.184], [12.0589, 71.184], [22.1223, 71.184], [22.1223, 76.084], [21.9923, 76.084], [21.1773, 76.084], [21.1773, 76.899], [21.1773, 77.029]]]}, "properties": {"room_id": "B5-303", "building_id": "B5", "floor": 3}}, {"type": "Feature", "geometry": {"type": "Polygon", "coordinates": [[[22.1223, 70.214], [22.1223, 70.964], [12.0573, 70.964], [12.0573, 70.799], [12.0573, 69.784], [11.5423, 69.784], [11.5423, 63.514], [11.9573, 63.514], [11.9573, 63.099], [20.2773, 63.099], [20.2773, 63.564], [22.1223, 63.564], [22.1223, 69.384], [21.9923, 69.384], [21.1773, 69.384], [21.1773, 70.214], [21.9923, 70.214], [22.1223, 70.214]]]}, "properties": {"room_id": "B5-304A", "building_id": "B5", "floor": 3}}, {"type": "Feature", "geometry": {"type": "Polygon", "coordinates": [[[3.4273, 64.7465], [1.8223, 64.7465], [1.8223, 63.564], [3.0073, 63.564], [3.0073, 63.099], [11.1273, 63.099], [11.1273, 63.514], [11.5423, 63.514], [11.5423, 69.784], [11.0273, 69.784], [11.0273, 70.799], [11.0273, 70.964], [9.4798, 70.964], [9.4257, 70.964], [3.6423, 70.964], [3.4273, 70.964], [3.4273, 64.7465]]]}, "properties": {"room_id": "B5-304D", "building_id": "B5", "floor": 3}}, {"type": "Feature", "geometry": {"type": "Polygon", "coordinates": [[[22.1223, 56.864], [22.1223, 62.634], [20.2773, 62.634], [20.2773, 63.099], [11.9573, 63.099], [11.9573, 62.684], [11.5423, 62.684], [11.5423, 56.814], [11.9573, 56.814], [11.9573, 56.509], [20.2773, 56.509], [20.2773, 56.864], [22.1223, 56.864]]]}, "properties": {"room_id": "B5-304B", "building_id": "B5", "floor": 3}}, {"type": "Feature", "geometry": {"type": "Polygon", "coordinates": [[[1.8223, 62.634], [1.8223, 56.864], [3.0073, 56.864], [3.0073, 56.509], [3.1528, 56.509], [8.1723, 56.509], [8.1723, 56.814], [9.2273, 56.814], [9.2273, 55.884], [11.1273, 55.884], [11.1273, 56.814], [11.5423, 56.814], [11.5423, 62.684], [11.1273, 62.684], [11.1273, 63.099], [3.0073, 63.099], [3.0073, 62.634], [1.8223, 62.634]]]}, "properties": {"room_id": "B5-304C", "building_id": "B5", "floor": 3}}, {"type": "Feature", "geometry": {"type": "Polygon", "coordinates": [[[22.1223, 50.164], [22.1223, 55.934], [20.2773, 55.934], [20.2773, 56.289], [12.1623, 56.289], [12.1623, 55.999], [12.1623, 55.7165], [12.1623, 50.1065], [12.1623, 49.809], [20.2773, 49.809], [20.2773, 50.164], [22.1223, 50.164]]]}, "properties": {"room_id": "B5-305", "building_id": "B5", "floor": 3}}, {"type": "Feature", "geometry": {"type": "Polygon", "coordinates": [[[22.1223, 43.464], [22.1223, 49.234], [20.2773, 49.234], [20.2773, 49.589], [12.1623, 49.589], [12.1623, 49.2915], [12.1623, 43.4065], [12.1623, 43.109], [20.2773, 43.109], [20.2773, 43.464], [22.1223, 43.464]]]}, "properties": {"room_id": "B5-306", "building_id": "B5", "floor": 3}}, {"type": "Feature", "geometry": {"type": "Polygon", "coordinates": [[[20.2923, 36.764], [20.2923, 36.749], [22.1223, 36.749], [22.1223, 42.534], [20.2773, 42.534], [20.2773, 42.889], [12.1623, 42.889], [12.1623, 42.5915], [12.1623, 36.764], [20.2848, 36.764], [20.2923, 36.764]]]}, "properties": {"room_id": "B5-307", "building_id": "B5", "floor": 3}}, {"type": "Feature", "geometry": {"type": "Polygon", "coordinates": [[[2.0073, 55.934], [2.0073, 53.169], [8.1723, 53.169], [8.1723, 55.7165], [8.1723, 56.289], [3.0073, 56.289], [3.0073, 55.934], [2.0073, 55.934]]]}, "properties": {"room_id": "B5-308", "building_id": "B5", "floor": 3}}, {"type": "Feature", "geometry": {"type": "Polygon", "coordinates": [[[2.0073, 49.234], [2.0073, 43.464], [3.0073, 43.464], [3.0073, 43.219], [8.1723, 43.219], [8.1723, 52.949], [2.0073, 52.949], [2.0073, 50.164], [3.0073, 50.164], [3.0073, 49.234], [2.0073, 49.234]]]}, "properties": {"room_id": "B5-309", "building_id": "B5", "floor": 3}}, {"type": "Feature", "geometry": {"type": "Polygon", "coordinates": [[[1.8223, 42.534], [1.8223, 36.764], [3.0073, 36.764], [3.0073, 35.784], [11.1273, 35.784], [11.1273, 36.614], [11.9423, 36.614], [11.9423, 42.584], [11.1273, 42.584], [11.1273, 43.414], [11.9423, 43.414], [11.9423, 49.284], [11.1273, 49.284], [11.1273, 50.114], [11.9423, 50.114], [11.9423, 55.664], [11.1798, 55.664], [11.1348, 55.664], [9.1748, 55.664], [8.3923, 55.664], [8.3923, 53.059], [8.3923, 42.999], [3.0089, 42.999], [3.0073, 42.999], [3.0073, 42.534], [1.8223, 42.534]]]}, "properties": {"room_id": "B5-310A", "building_id": "B5", "floor": 3}}, {"type": "Feature", "geometry": {"type": "Polygon", "coordinates": [[[3.6123, 29.144], [3.6123, 26.624], [7.7548, 26.624], [7.9078, 26.624], [11.1273, 26.624], [11.1273, 29.0915], [11.0273, 29.0915], [11.0273, 30.1065], [11.1273, 30.1065], [11.1273, 35.6385], [11.1273, 35.784], [10.9818, 35.784], [3.1528, 35.784], [1.9998, 35.784], [1.9998, 35.834], [1.8223, 35.834], [1.8223, 30.014], [2.0073, 30.014], [2.0073, 29.199], [2.0073, 29.144], [3.6123, 29.144]]]}, "properties": {"room_id": "B5-310B", "building_id": "B5", "floor": 3}}, {"type": "Feature", "geometry": {"type": "Polygon", "coordinates": [[[11.1273, 22.499], [11.1273, 23.299], [11.1273, 23.3065], [11.1273, 26.624], [7.8573, 26.624], [7.8573, 22.794], [7.8573, 20.304], [8.9423, 20.304], [8.9423, 20.294], [10.9423, 20.294], [10.9423, 20.304], [11.1273, 20.304], [11.1273, 22.499]]]}, "properties": {"room_id": "B5-3.CR6", "building_id": "B5", "floor": 3}}, {"type": "Feature", "geometry": {"type": "Polygon", "coordinates": [[[22.1223, 30.014], [22.1223, 35.834], [20.2773, 35.834], [20.2773, 36.544], [11.9573, 36.544], [11.9573, 35.784], [11.1273, 35.784], [11.1273, 30.114], [12.0573, 30.114], [12.0573, 29.599], [21.1773, 29.599], [21.1773, 30.014], [21.9923, 30.014], [22.1223, 30.014]]]}, "properties": {"room_id": "B5-310C", "building_id": "B5", "floor": 3}}, {"type": "Feature", "geometry": {"type": "Polygon", "coordinates": [[[11.1423, 23.299], [11.9423, 23.299], [11.9423, 23.3065], [11.9573, 23.3065], [11.9573, 23.299], [11.9573, 22.8989], [21.1773, 22.8989], [21.1773, 23.314], [21.9923, 23.314], [22.1223, 23.314], [22.1223, 29.184], [21.9923, 29.184], [21.1773, 29.184], [21.1773, 29.599], [12.0573, 29.599], [12.0573, 29.084], [11.1273, 29.084], [11.1273, 26.624], [11.1273, 23.3065], [11.1423, 23.3065], [11.1423, 23.299]]]}, "properties": {"room_id": "B5-310D", "building_id": "B5", "floor": 3}}, {"type": "Feature", "geometry": {"type": "Polygon", "coordinates": [[[21.9923, 16.614], [21.9923, 16.4535], [21.9923, 15.799], [21.2823, 15.799], [21.2823, 15.669], [22.1223, 15.669], [22.1223, 22.484], [21.9923, 22.484], [21.1773, 22.484], [21.1773, 22.6789], [11.9573, 22.6789], [11.9573, 22.484], [11.3473, 22.484], [11.3473, 20.299], [11.3473, 20.1915], [11.3473, 16.614], [11.9573, 16.614], [11.9573, 15.799], [11.9573, 15.669], [21.1773, 15.669], [21.1773, 15.799], [21.1773, 16.614], [21.9923, 16.614]]]}, "properties": {"room_id": "B5-313", "building_id": "B5", "floor": 3}}, {"type": "Feature", "geometry": {"type": "Polygon", "coordinates": [[[-5.6077, 23.299], [-5.3177, 23.299], [-5.3177, 25.154], [-7.2711, 25.154], [-7.2727, 25.154], [-7.3943, 25.154], [-8.6875, 25.154], [-8.6875, 15.669], [-5.6227, 15.669], [-5.6227, 15.799], [-5.6227, 16.614], [-5.3177, 16.614], [-5.3177, 22.499], [-5.6077, 22.499], [-5.6077, 23.299]]]}, "properties": {"room_id": "B5-315", "building_id": "B5", "floor": 3}}, {"type": "Feature", "geometry": {"type": "Polygon", "coordinates": [[[-18.2927, 15.669], [-12.3227, 15.669], [-12.3227, 15.799], [-12.3227, 16.614], [-11.4927, 16.614], [-11.4927, 15.799], [-11.4927, 15.669], [-8.9075, 15.669], [-8.9075, 25.154], [-9.9711, 25.154], [-10.1077, 25.154], [-10.1857, 25.154], [-11.5411, 25.154], [-11.5427, 25.154], [-11.6643, 25.154], [-16.4711, 25.154], [-16.6427, 25.154], [-16.6857, 25.154], [-18.2911, 25.154], [-18.2927, 25.154], [-18.3527, 25.154], [-18.9027, 25.154], [-18.9027, 25.1524], [-18.9027, 23.314], [-18.2927, 23.314], [-18.2927, 22.484], [-18.9027, 22.484], [-18.9027, 19.549], [-18.9027, 16.614], [-18.2927, 16.614], [-18.2927, 15.799], [-18.2927, 15.669]], [[-12.3227, 23.314], [-11.4927, 23.314], [-11.4927, 22.484], [-12.3227, 22.484], [-12.3227, 23.314]]]}, "properties": {"room_id": "B5-316", "building_id": "B5", "floor": 3}}, {"type": "Feature", "geometry": {"type": "Polygon", "coordinates": [[[-24.8927, 15.669], [-19.1227, 15.669], [-19.1227, 15.799], [-19.1227, 16.6065], [-19.1227, 19.439], [-21.3827, 19.439], [-25.8377, 19.439], [-25.8377, 16.614], [-25.7077, 16.614], [-24.8927, 16.614], [-24.8927, 15.799], [-24.8927, 15.669]]]}, "properties": {"room_id": "B5-317", "building_id": "B5", "floor": 3}}, {"type": "Feature", "geometry": {"type": "Polygon", "coordinates": [[[-25.8377, 19.659], [-21.4927, 19.659], [-21.4927, 22.789], [-24.8927, 22.789], [-24.8927, 22.484], [-25.7077, 22.484], [-25.8377, 22.484], [-25.8377, 19.659]]]}, "properties": {"room_id": "B5-318", "building_id": "B5", "floor": 3}}, {"type": "Feature", "geometry": {"type": "Polygon", "coordinates": [[[-21.4927, 26.139], [-25.8377, 26.139], [-25.8377, 23.314], [-25.7077, 23.314], [-24.8927, 23.314], [-24.8927, 23.009], [-21.4927, 23.009], [-21.4927, 25.264], [-21.4927, 26.139]]]}, "properties": {"room_id": "B5-319", "building_id": "B5", "floor": 3}}, {"type": "Feature", "geometry": {"type": "Polygon", "coordinates": [[[-21.4927, 29.489], [-24.8927, 29.489], [-24.8927, 29.184], [-25.7077, 29.184], [-25.8377, 29.184], [-25.8377, 26.359], [-21.4927, 26.359], [-21.4927, 29.489]]]}, "properties": {"room_id": "B5-320", "building_id": "B5", "floor": 3}}, {"type": "Feature", "geometry": {"type": "Polygon", "coordinates": [[[-21.4927, 32.839], [-25.8377, 32.839], [-25.8377, 30.014], [-25.7077, 30.014], [-24.8927, 30.014], [-24.8927, 29.709], [-21.4927, 29.709], [-21.4927, 32.839]]]}, "properties": {"room_id": "B5-321", "building_id": "B5", "floor": 3}}, {"type": "Feature", "geometry": {"type": "Polygon", "coordinates": [[[-21.4927, 36.189], [-24.8927, 36.189], [-24.8927, 35.784], [-25.7077, 35.784], [-25.8377, 35.784], [-25.8377, 33.059], [-21.4927, 33.059], [-21.4927, 35.379], [-21.4927, 36.189]]]}, "properties": {"room_id": "B5-322", "building_id": "B5", "floor": 3}}, {"type": "Feature", "geometry": {"type": "Polygon", "coordinates": [[[-21.4927, 39.539], [-25.8377, 39.539], [-25.8377, 36.614], [-25.7077, 36.614], [-24.8927, 36.614], [-24.8927, 36.409], [-21.4927, 36.409], [-21.4927, 39.539]]]}, "properties": {"room_id": "B5-323", "building_id": "B5", "floor": 3}}, {"type": "Feature", "geometry": {"type": "Polygon", "coordinates": [[[-21.4927, 42.889], [-24.8927, 42.889], [-24.8927, 42.584], [-25.7077, 42.584], [-25.8377, 42.584], [-25.8377, 39.759], [-21.4927, 39.759], [-21.4927, 42.889]]]}, "properties": {"room_id": "B5-324", "building_id": "B5", "floor": 3}}, {"type": "Feature", "geometry": {"type": "Polygon", "coordinates": [[[-21.4927, 46.239], [-25.8377, 46.239], [-25.8377, 43.414], [-25.7077, 43.414], [-24.8927, 43.414], [-24.8927, 43.109], [-21.4927, 43.109], [-21.4927, 46.239]]]}, "properties": {"room_id": "B5-325", "building_id": "B5", "floor": 3}}, {"type": "Feature", "geometry": {"type": "Polygon", "coordinates": [[[-21.4927, 49.589], [-24.8927, 49.589], [-24.8927, 49.284], [-25.7077, 49.284], [-25.8377, 49.284], [-25.8377, 46.459], [-21.4927, 46.459], [-21.4927, 49.589]]]}, "properties": {"room_id": "B5-326", "building_id": "B5", "floor": 3}}, {"type": "Feature", "geometry": {"type": "Polygon", "coordinates": [[[-21.4927, 52.939], [-25.8377, 52.939], [-25.8377, 50.114], [-25.7077, 50.114], [-24.8927, 50.114], [-24.8927, 49.809], [-21.4927, 49.809], [-21.4927, 52.939]]]}, "properties": {"room_id": "B5-327", "building_id": "B5", "floor": 3}}, {"type": "Feature", "geometry": {"type": "Polygon", "coordinates": [[[-21.4927, 56.289], [-24.8927, 56.289], [-24.8927, 55.984], [-25.7077, 55.984], [-25.8377, 55.984], [-25.8377, 53.159], [-21.4927, 53.159], [-21.4927, 56.289]]]}, "properties": {"room_id": "B5-328", "building_id": "B5", "floor": 3}}, {"type": "Feature", "geometry": {"type": "Polygon", "coordinates": [[[-21.4927, 59.639], [-25.8377, 59.639], [-25.8377, 56.814], [-25.7077, 56.814], [-24.8927, 56.814], [-24.8927, 56.509], [-21.4927, 56.509], [-21.4927, 59.639]]]}, "properties": {"room_id": "B5-329", "building_id": "B5", "floor": 3}}, {"type": "Feature", "geometry": {"type": "Polygon", "coordinates": [[[-21.4927, 62.989], [-24.8927, 62.989], [-24.8927, 62.684], [-25.7077, 62.684], [-25.8377, 62.684], [-25.8377, 59.859], [-21.4927, 59.859], [-21.4927, 62.794], [-21.4927, 62.989]]]}, "properties": {"room_id": "B5-330", "building_id": "B5", "floor": 3}}, {"type": "Feature", "geometry": {"type": "Polygon", "coordinates": [[[-25.8377, 66.339], [-25.8377, 63.684], [-25.8377, 63.514], [-25.7077, 63.514], [-24.8927, 63.514], [-24.8927, 63.209], [-21.4927, 63.209], [-21.4927, 64.449], [-21.4927, 66.339], [-25.8377, 66.339]]]}, "properties": {"room_id": "B5-331", "building_id": "B5", "floor": 3}}, {"type": "Feature", "geometry": {"type": "Polygon", "coordinates": [[[-24.9077, 69.384], [-24.9077, 69.399], [-25.7077, 69.399], [-25.7077, 69.384], [-25.8377, 69.384], [-25.8377, 66.559], [-21.4927, 66.559], [-21.4927, 69.689], [-24.6027, 69.689], [-24.6027, 69.384], [-24.9077, 69.384]]]}, "properties": {"room_id": "B5-332", "building_id": "B5", "floor": 3}}, {"type": "Feature", "geometry": {"type": "Polygon", "coordinates": [[[-25.7077, 70.214], [-25.7077, 70.199], [-24.9077, 70.199], [-24.9077, 70.214], [-24.6027, 70.214], [-24.6027, 69.909], [-21.4927, 69.909], [-21.4927, 73.039], [-25.8377, 73.039], [-25.8377, 70.214], [-25.7077, 70.214]]]}, "properties": {"room_id": "B5-333", "building_id": "B5", "floor": 3}}, {"type": "Feature", "geometry": {"type": "Polygon", "coordinates": [[[-19.1227, 77.029], [-24.8927, 77.029], [-24.8927, 76.899], [-24.8927, 76.099], [-24.5628, 76.099], [-24.5628, 76.084], [-24.9002, 76.084], [-25.7077, 76.084], [-25.7152, 76.084], [-25.8377, 76.084], [-25.8377, 73.259], [-21.3827, 73.259], [-19.1227, 73.259], [-19.1227, 76.0915], [-19.1227, 76.099], [-19.1227, 76.899], [-19.1227, 77.029]]]}, "properties": {"room_id": "B5-334", "building_id": "B5", "floor": 3}}, {"type": "Feature", "geometry": {"type": "Polygon", "coordinates": [[[-11.4927, 76.899], [-11.5077, 76.899], [-11.5077, 76.099], [-11.5002, 76.099], [-11.5002, 76.084], [-11.5077, 76.084], [-12.3227, 76.084], [-12.3227, 76.899], [-12.3227, 77.029], [-18.2927, 77.029], [-18.2927, 76.899], [-18.2927, 76.084], [-18.9027, 76.084], [-18.9027, 73.149], [-18.9027, 71.184], [-5.2227, 71.184], [-5.2227, 73.684], [-5.2227, 73.9774], [-5.2227, 74.0315], [-5.2227, 76.084], [-5.6227, 76.084], [-5.6227, 76.899], [-5.6227, 77.029], [-11.4927, 77.029], [-11.4927, 76.899]]]}, "properties": {"room_id": "B5-335", "building_id": "B5", "floor": 3}}, {"type": "Feature", "geometry": {"type": "Polygon", "coordinates": [[[-4.7927, 29.284], [-4.8077, 29.284], [-4.8077, 29.199], [-4.7927, 29.199], [-4.7927, 29.144], [-0.8477, 29.144], [-0.8477, 29.434], [-0.4127, 29.434], [-0.4127, 35.944], [-0.4127, 36.169], [-4.8077, 36.169], [-4.8077, 35.799], [-4.7927, 35.7915], [-4.7927, 30.0065], [-4.7927, 29.999], [-4.7927, 29.284]]]}, "properties": {"room_id": "B5-314B", "building_id": "B5", "floor": 3}}, {"type": "Feature", "geometry": {"type": "Polygon", "coordinates": [[[-11.5077, 36.169], [-11.5077, 35.799], [-12.3077, 35.799], [-12.3077, 36.169], [-18.2927, 36.169], [-18.2927, 35.784], [-18.9027, 35.784], [-18.9027, 35.379], [-18.9027, 30.014], [-18.3077, 30.014], [-18.3002, 30.014], [-16.4127, 30.014], [-16.4127, 29.144], [-12.3227, 29.144], [-12.3227, 30.014], [-11.4927, 30.014], [-11.4927, 29.144], [-7.5427, 29.144], [-7.5427, 30.014], [-5.6152, 30.014], [-5.6077, 30.014], [-5.0127, 30.014], [-5.0127, 35.799], [-5.6077, 35.799], [-5.6077, 36.169], [-11.5077, 36.169]]]}, "properties": {"room_id": "B5-314A", "building_id": "B5", "floor": 3}}, {"type": "Feature", "geometry": {"type": "Polygon", "coordinates": [[[-0.4227, 77.019], [-1.4127, 77.019], [-1.4127, 76.619], [-1.5527, 76.619], [-1.5527, 77.019], [-3.1527, 77.019], [-3.1527, 76.619], [-3.2927, 76.619], [-3.2927, 77.019], [-4.7827, 77.019], [-4.7827, 76.074], [-4.9927, 76.074], [-4.9927, 74.094], [-3.1527, 74.094], [-3.1527, 73.804], [-1.5527, 73.804], [-1.5527, 75.444], [-1.4227, 75.444], [-1.4227, 75.434], [-0.4227, 75.434], [-0.4227, 77.019]]]}, "properties": {"room_id": "B5-3.WC1", "building_id": "B5", "floor": 3}}, {"type": "Feature", "geometry": {"type": "Polygon", "coordinates": [[[2.0173, 77.019], [2.0173, 75.444], [3.7123, 75.444], [3.7123, 74.844], [6.4023, 74.844], [6.4023, 75.519], [6.5423, 75.519], [6.5423, 74.094], [9.3023, 74.094], [9.3023, 77.019], [2.0173, 77.019]]]}, "properties": {"room_id": "B5-3.WC2", "building_id": "B5", "floor": 3}}, {"type": "Feature", "geometry": {"type": "Polygon", "coordinates": [[[6.4023, 74.704], [3.7123, 74.704], [3.7123, 73.804], [6.4023, 73.804], [6.4023, 74.704]]]}, "properties": {"room_id": "B5-3.JC1", "building_id": "B5", "floor": 3}}, {"type": "Feature", "geometry": {"type": "Polygon", "coordinates": [[[3.5723, 73.664], [1.8723, 73.664], [1.8723, 71.484], [3.5723, 71.484], [3.5723, 73.664]]]}, "properties": {"room_id": "B5-3.WC3", "building_id": "B5", "floor": 3}}, {"type": "Feature", "geometry": {"type": "Polygon", "coordinates": [[[-5.0177, 73.589], [-5.0177, 71.169], [-4.5077, 71.169], [-3.3077, 71.169], [-2.1077, 71.169], [-0.9077, 71.169], [-0.3977, 71.169], [-0.3977, 73.589], [-1.4827, 73.589], [-3.2152, 73.589], [-3.2693, 73.589], [-5.0177, 73.589]]]}, "properties": {"room_id": "B5-EV-01", "building_id": "B5", "floor": 3}}, {"type": "Feature", "geometry": {"type": "Polygon", "coordinates": [[[-0.4227, 26.3939], [-4.4927, 26.3939], [-4.4927, 20.5189], [-2.1677, 20.5189], [-2.1677, 22.1989], [-2.6677, 22.1989], [-2.6677, 22.3389], [-0.4227, 22.3389], [-0.4227, 23.5389], [-1.0227, 23.5389], [-1.0227, 23.6789], [-0.4227, 23.6789], [-0.4227, 26.3939]]]}, "properties": {"room_id": "B5-3.WC4", "building_id": "B5", "floor": 3}}, {"type": "Feature", "geometry": {"type": "Polygon", "coordinates": [[[-4.4927, 20.2789], [-4.4927, 15.6789], [-0.4227, 15.6789], [-0.4227, 18.4789], [-1.0227, 18.4789], [-1.0227, 18.6189], [-0.4227, 18.6189], [-0.4227, 20.2789], [-4.4927, 20.2789]]]}, "properties": {"room_id": "B5-3.WC5", "building_id": "B5", "floor": 3}}, {"type": "Feature", "geometry": {"type": "Polygon", "coordinates": [[[6.9273, 19.264], [1.9223, 19.264], [1.8273, 19.264], [1.8273, 16.614], [2.0073, 16.614], [2.0073, 16.004], [6.9273, 16.004], [6.9273, 16.594], [6.9273, 18.969], [6.9273, 19.264]]]}, "properties": {"room_id": "B5-ST-02", "building_id": "B5", "floor": 3}}, {"type": "Feature", "geometry": {"type": "Polygon", "coordinates": [[[11.7523, 15.799], [11.1423, 15.799], [11.1423, 16.599], [11.1423, 16.6065], [11.1423, 20.089], [10.9423, 20.089], [8.9423, 20.089], [7.8423, 20.089], [7.8423, 19.374], [7.8423, 15.654], [11.7523, 15.654], [11.7523, 15.799]]]}, "properties": {"room_id": "B5-EV-02", "building_id": "B5", "floor": 3}}, {"type": "Feature", "geometry": {"type": "Polygon", "coordinates": [[[-16.1026, 64.764], [-1.0126, 64.764], [-1.0126, 65.454], [-0.4127, 65.454], [-0.4127, 68.134], [-1.0077, 68.134], [-1.0152, 68.134], [-1.0152, 68.1365], [-2.7077, 68.1365], [-2.7077, 68.134], [-7.4077, 68.134], [-9.7077, 68.134], [-14.4077, 68.134], [-14.6402, 68.134], [-16.1002, 68.134], [-16.7027, 68.134], [-16.7027, 65.454], [-16.1026, 65.454], [-16.1026, 64.764]]]}, "properties": {"room_id": "B5-ST-01", "building_id": "B5", "floor": 3}}, {"type": "Feature", "geometry": {"type": "Polygon", "coordinates": [[[-12.3152, 28.924], [-16.6327, 28.924], [-16.6327, 29.794], [-18.2927, 29.794], [-18.2927, 29.199], [-18.2927, 28.924], [-19.1227, 28.924], [-19.1227, 26.624], [-18.2927, 26.624], [-18.2927, 25.374], [-16.5927, 25.374], [-16.5927, 26.624], [-11.5427, 26.624], [-11.5427, 25.374], [-10.0927, 25.374], [-10.0927, 26.624], [-7.2727, 26.624], [-7.2727, 25.374], [-5.3177, 25.374], [-5.3177, 26.624], [-4.6093, 26.624], [-4.6077, 26.624], [-4.5552, 26.6239], [-0.1927, 26.6239], [-0.1927, 28.924], [-0.7952, 28.924], [-4.8452, 28.924], [-5.6227, 28.924], [-5.6227, 29.199], [-5.6227, 29.794], [-7.3227, 29.794], [-7.3227, 28.924], [-11.5002, 28.924], [-12.3152, 28.924]]]}, "properties": {"room_id": "B5-3.CR8", "building_id": "B5", "floor": 3}}, {"type": "Feature", "geometry": {"type": "Polygon", "coordinates": [[[-0.1927, 15.669], [1.1773, 15.669], [1.1773, 15.799], [1.1773, 16.614], [1.6073, 16.614], [1.6073, 19.2624], [1.6073, 19.279], [1.6073, 19.479], [1.6073, 22.484], [1.1773, 22.484], [1.1773, 23.314], [1.6073, 23.314], [1.6073, 26.624], [3.3923, 26.624], [3.3923, 28.924], [1.9548, 28.924], [1.1773, 28.924], [1.1773, 29.199], [1.1773, 30.014], [1.8223, 30.014], [1.8223, 35.834], [1.1923, 35.834], [1.1848, 35.834], [-0.1927, 35.834], [-0.1927, 29.3815], [-0.1927, 29.034], [-0.1927, 28.881], [-0.1927, 26.6669], [-0.1927, 26.5139], [-0.1927, 22.1089], [-1.9377, 22.1089], [-1.9377, 20.5089], [-0.1927, 20.5089], [-0.1927, 15.669]]]}, "properties": {"room_id": "B5-3.CR7", "building_id": "B5", "floor": 3}}, {"type": "Feature", "geometry": {"type": "Polygon", "coordinates": [[[-18.2927, 62.684], [-19.1227, 62.684], [-19.1227, 56.814], [-18.2927, 56.814], [-18.2927, 55.984], [-19.1227, 55.984], [-19.1227, 50.114], [-18.2927, 50.114], [-18.2927, 49.284], [-19.1227, 49.284], [-19.1227, 43.414], [-18.2927, 43.414], [-18.2927, 42.584], [-19.1227, 42.584], [-19.1227, 38.2191], [-16.9227, 38.2191], [-16.9227, 63.664], [-18.2927, 63.664], [-18.2927, 63.499], [-18.2927, 62.684]]]}, "properties": {"room_id": "B5-336", "building_id": "B5", "floor": 3}}, {"type": "Feature", "geometry": {"type": "Polygon", "coordinates": [[[-19.1227, 62.684], [-21.2727, 62.684], [-21.2727, 59.749], [-21.2727, 56.399], [-21.2727, 53.049], [-21.2727, 49.699], [-21.2727, 46.349], [-21.2727, 42.999], [-21.2727, 39.649], [-21.2727, 36.299], [-21.2727, 35.489], [-19.1227, 35.489], [-19.1227, 35.7824], [-19.1227, 35.799], [-19.1227, 36.6065], [-19.1227, 36.614], [-19.1227, 36.7595], [-19.1227, 38.1091], [-19.1227, 42.4385], [-19.1227, 42.5915], [-19.1227, 43.4065], [-19.1227, 43.5595], [-19.1227, 49.1385], [-19.1227, 49.2915], [-19.1227, 50.1065], [-19.1227, 50.2595], [-19.1227, 55.8385], [-19.1227, 55.9915], [-19.1227, 56.8065], [-19.1227, 56.9595], [-19.1227, 62.5385], [-19.1227, 62.684]]]}, "properties": {"room_id": "B5-3.CR5", "building_id": "B5", "floor": 3}}, {"type": "Feature", "geometry": {"type": "Polygon", "coordinates": [[[-12.3077, 36.599], [-11.5077, 36.599], [-11.5002, 36.389], [-5.6077, 36.389], [-5.6077, 36.599], [-4.8077, 36.599], [-4.8077, 36.389], [-0.1927, 36.389], [-0.1927, 36.054], [1.1773, 36.054], [1.1773, 36.764], [1.8223, 36.764], [1.8223, 42.534], [1.1773, 42.534], [1.1773, 43.464], [1.7873, 43.464], [1.7873, 43.4656], [1.7873, 49.234], [1.1848, 49.234], [-0.1927, 49.234], [-0.1927, 37.9991], [-16.8127, 37.9991], [-19.1227, 37.9991], [-19.1227, 36.614], [-18.2927, 36.614], [-18.2927, 36.389], [-12.3077, 36.389], [-12.3077, 36.599]]]}, "properties": {"room_id": "B5-3.CR4", "building_id": "B5", "floor": 3}}, {"type": "Feature", "geometry": {"type": "Polygon", "coordinates": [[[-0.1927, 65.149], [-0.2077, 65.149], [-0.2077, 64.449], [-0.1927, 64.449], [-0.1927, 49.454], [1.1773, 49.454], [1.1773, 50.164], [1.7873, 50.164], [1.7873, 53.059], [1.7873, 55.934], [1.1773, 55.934], [1.1773, 56.864], [1.8223, 56.864], [1.8223, 62.634], [1.1773, 62.634], [1.1773, 63.564], [1.8223, 63.564], [1.8223, 64.7465], [3.4273, 64.7465], [3.4273, 70.964], [1.7448, 70.964], [1.5918, 70.964], [-0.1422, 70.964], [-0.1927, 70.964], [-0.1927, 70.959], [-0.1927, 68.8095], [-0.1927, 68.6565], [-0.1927, 68.149], [-0.1927, 68.1415], [-0.1927, 65.5918], [-0.1927, 65.454], [-0.1927, 65.3162], [-0.1927, 65.149]], [[1.1773, 68.664], [2.0073, 68.664], [2.0073, 68.134], [1.1773, 68.134], [1.1773, 68.664]]]}, "properties": {"room_id": "B5-3.CR3", "building_id": "B5", "floor": 3}}, {"type": "Feature", "geometry": {"type": "Polygon", "coordinates": [[[-19.1227, 73.039], [-21.2727, 73.039], [-21.2727, 69.799], [-21.2727, 66.449], [-21.2727, 64.449], [-21.2727, 63.099], [-21.2727, 62.904], [-19.1227, 62.904], [-19.1227, 63.499], [-19.1227, 63.884], [-18.3452, 63.884], [-16.9227, 63.884], [-16.9227, 64.4415], [-16.9227, 64.449], [-16.9227, 65.149], [-16.9227, 65.454], [-16.9227, 68.1415], [-16.9227, 68.149], [-16.9227, 68.649], [-16.9227, 68.664], [-16.1002, 68.664], [-14.6402, 68.664], [-14.4077, 68.664], [-9.7077, 68.664], [-7.4077, 68.664], [-2.7077, 68.664], [-1.0152, 68.6639], [-0.1927, 68.664], [-0.1927, 70.954], [-0.9077, 70.954], [-0.9077, 70.964], [-2.1077, 70.964], [-2.1077, 70.954], [-3.3077, 70.954], [-3.3077, 70.964], [-4.5077, 70.964], [-4.5077, 70.954], [-5.2227, 70.954], [-5.2227, 70.964], [-19.1227, 70.964], [-19.1227, 73.039]], [[-19.1227, 68.664], [-18.2927, 68.664], [-18.2927, 68.134], [-19.1227, 68.134], [-19.1227, 68.664]]]}, "properties": {"room_id": "B5-3.CR1", "building_id": "B5", "floor": 3}}, {"type": "Feature", "geometry": {"type": "Polygon", "coordinates": [[[1.1773, 77.029], [-0.1927, 77.029], [-0.1927, 75.314], [-0.5707, 75.314], [-1.4227, 75.314], [-1.4227, 73.794], [-0.1927, 73.794], [-0.1927, 70.964], [1.6423, 70.964], [1.6423, 71.4215], [1.6423, 73.794], [3.5823, 73.794], [3.5823, 75.314], [1.9548, 75.314], [1.6423, 75.314], [1.6423, 76.084], [1.1773, 76.084], [1.1773, 76.899], [1.1773, 77.029]]]}, "properties": {"room_id": "B5-3.CR2", "building_id": "B5", "floor": 3}}, {"type": "Feature", "geometry": {"type": "Polygon", "coordinates": [[[11.1273, 77.029], [9.5323, 77.029], [9.5323, 74.0315], [9.5323, 73.689], [9.5323, 73.6874], [9.5323, 71.184], [11.0257, 71.184], [11.0273, 71.184], [11.1273, 71.184], [11.1273, 76.0915], [11.1273, 76.099], [11.1273, 76.899], [11.1273, 77.029]]]}, "properties": {"room_id": "B5-337", "building_id": "B5", "floor": 3}}, {"type": "Feature", "geometry": {"type": "Polygon", "coordinates": [[[-19.1227, 30.0156], [-19.1227, 35.269], [-21.2727, 35.269], [-21.2727, 32.949], [-21.2727, 29.599], [-21.2727, 26.249], [-21.2727, 25.374], [-19.1227, 25.374], [-19.1227, 26.564], [-19.1227, 26.717], [-19.1227, 28.831], [-19.1227, 28.9865], [-19.1227, 29.0456], [-19.1227, 29.199], [-19.1227, 29.999], [-19.1227, 30.0156]]]}, "properties": {"room_id": "B5-3.CR9", "building_id": "B5", "floor": 3}}, {"type": "Feature", "geometry": {"type": "Polygon", "coordinates": [[[-21.2727, 19.659], [-19.1227, 19.659], [-19.1227, 22.4915], [-19.1227, 23.3065], [-19.1227, 25.154], [-21.2727, 25.154], [-21.2727, 22.899], [-21.2727, 19.659]]]}, "properties": {"room_id": "B5-3.CR10", "building_id": "B5", "floor": 3}}, {"type": "Feature", "geometry": {"type": "Polygon", "coordinates": [[[22.1223, 46.6365], [22.1223, 49.234], [20.2773, 49.234], [20.2773, 49.589], [12.1623, 49.589], [12.1623, 49.2915], [12.1623, 46.6365], [22.1223, 46.6365]]]}, "properties": {"room_id": "B5-306A", "building_id": "B5", "floor": 3}}, {"type": "Feature", "geometry": {"type": "Polygon", "coordinates": [[[22.1223, 43.464], [22.1223, 46.6365], [12.1623, 46.6365], [12.1623, 43.4065], [12.1623, 43.109], [20.2773, 43.109], [20.2773, 43.464], [22.1223, 43.464]]]}, "properties": {"room_id": "B5-306B", "building_id": "B5", "floor": 3}}, {"type": "Feature", "geometry": {"type": "Polygon", "coordinates": [[[21.1773, 77.029], [11.9573, 77.029], [11.9573, 76.899], [11.9573, 76.084], [11.3473, 76.084], [11.3473, 71.074], [11.3473, 70.614], [11.9423, 70.614], [12.5557, 70.614], [12.7273, 70.614], [12.7703, 70.614], [14.3673, 70.614], [14.4989, 70.614], [19.6057, 70.614], [19.7273, 70.614], [19.7289, 70.614], [21.2298, 70.614], [22.1223, 70.614], [22.1223, 75.8465], [22.1223, 76.084], [21.9923, 76.084], [21.1773, 76.084], [21.1773, 76.899], [21.1773, 77.029]]]}, "properties": {"room_id": "B5-403", "building_id": "B5", "floor": 4}}, {"type": "Feature", "geometry": {"type": "Polygon", "coordinates": [[[14.3673, 70.394], [12.6773, 70.394], [12.6773, 69.384], [11.1273, 69.384], [11.1273, 64.764], [12.2707, 64.764], [12.2723, 64.764], [12.3748, 64.764], [22.1223, 64.764], [22.1223, 69.384], [21.9923, 69.384], [21.1773, 69.384], [21.1773, 70.2065], [21.1773, 70.394], [19.7273, 70.394], [19.7273, 69.384], [14.3773, 69.384], [14.3773, 70.394], [14.3673, 70.394]]]}, "properties": {"room_id": "B5-404A", "building_id": "B5", "floor": 4}}, {"type": "Feature", "geometry": {"type": "Polygon", "coordinates": [[[11.1273, 70.6065], [11.1273, 70.964], [9.4798, 70.964], [9.4257, 70.964], [3.6423, 70.964], [3.6123, 70.964], [3.6123, 64.764], [7.6298, 64.764], [7.7323, 64.764], [7.7339, 64.764], [8.8173, 64.764], [8.9703, 64.764], [11.0343, 64.764], [11.1273, 64.764], [11.1273, 64.857], [11.1273, 69.291], [11.1273, 69.444], [11.1273, 69.7915], [11.1273, 70.6065]]]}, "properties": {"room_id": "B5-404B", "building_id": "B5", "floor": 4}}, {"type": "Feature", "geometry": {"type": "Polygon", "coordinates": [[[22.1223, 64.544], [12.4773, 64.544], [12.4773, 59.6206], [12.4773, 59.499], [12.4773, 59.4974], [12.4773, 57.892], [12.4773, 57.849], [12.4773, 57.6774], [12.4773, 56.509], [21.1773, 56.509], [21.1773, 56.814], [21.9923, 56.814], [22.1223, 56.814], [22.1223, 62.684], [21.9923, 62.684], [21.1773, 62.684], [21.1773, 63.514], [21.9923, 63.514], [22.1223, 63.514], [22.1223, 64.544]]]}, "properties": {"room_id": "B5-405", "building_id": "B5", "floor": 4}}, {"type": "Feature", "geometry": {"type": "Polygon", "coordinates": [[[21.1773, 56.289], [12.4773, 56.289], [12.4773, 55.1006], [12.4773, 54.979], [12.4773, 54.9774], [12.4773, 53.372], [12.4773, 53.329], [12.4773, 53.1574], [12.4773, 49.809], [21.1773, 49.809], [21.1773, 50.114], [21.9923, 50.114], [22.1223, 50.114], [22.1223, 55.984], [21.9923, 55.984], [21.1773, 55.984], [21.1773, 56.289]]]}, "properties": {"room_id": "B5-406", "building_id": "B5", "floor": 4}}, {"type": "Feature", "geometry": {"type": "Polygon", "coordinates": [[[21.1773, 49.589], [12.4773, 49.589], [12.4773, 46.3306], [12.4773, 46.209], [12.4773, 46.2074], [12.4773, 44.602], [12.4773, 44.559], [12.4773, 44.3874], [12.4773, 43.109], [21.1773, 43.109], [21.1773, 43.414], [21.9923, 43.414], [22.1223, 43.414], [22.1223, 49.284], [21.9923, 49.284], [21.1773, 49.284], [21.1773, 49.589]]]}, "properties": {"room_id": "B5-407", "building_id": "B5", "floor": 4}}, {"type": "Feature", "geometry": {"type": "Polygon", "coordinates": [[[21.1773, 42.889], [12.4773, 42.889], [12.4773, 41.3606], [12.4773, 41.239], [12.4773, 41.2374], [12.4773, 39.632], [12.4773, 39.589], [12.4773, 39.4174], [12.4773, 36.409], [21.1773, 36.409], [21.1773, 36.614], [21.9923, 36.614], [22.1223, 36.614], [22.1223, 42.584], [21.9923, 42.584], [21.1773, 42.584], [21.1773, 42.889]]]}, "properties": {"room_id": "B5-408", "building_id": "B5", "floor": 4}}, {"type": "Feature", "geometry": {"type": "Polygon", "coordinates": [[[21.1757, 36.189], [12.4773, 36.189], [12.4773, 35.349], [12.4773, 35.289], [12.4773, 33.129], [12.4773, 33.069], [12.4773, 29.709], [21.1773, 29.709], [21.1773, 30.014], [21.9923, 30.014], [22.1223, 30.014], [22.1223, 35.784], [21.9923, 35.784], [21.1773, 35.784], [21.1773, 36.189], [21.1757, 36.189]]]}, "properties": {"room_id": "B5-409", "building_id": "B5", "floor": 4}}, {"type": "Feature", "geometry": {"type": "Polygon", "coordinates": [[[21.1773, 29.489], [12.4773, 29.489], [12.4773, 28.3956], [12.4773, 28.274], [12.4773, 28.2724], [12.4773, 26.667], [12.4773, 26.624], [12.4773, 26.4524], [12.4773, 23.009], [21.1773, 23.009], [21.1773, 23.314], [21.9923, 23.314], [22.1223, 23.314], [22.1223, 29.184], [21.9923, 29.184], [21.1773, 29.184], [21.1773, 29.489], [12.4773, 29.489], [12.4773, 28.3956], [12.4773, 28.274], [12.4773, 28.2724], [12.4773, 26.667], [12.4773, 26.624], [12.4773, 26.4524], [12.4773, 23.009], [21.1773, 23.009], [21.1773, 23.314], [21.9923, 23.314], [22.1223, 23.314], [22.1223, 29.184], [21.9923, 29.184], [21.1773, 29.184], [21.1773, 29.489]]]}, "properties": {"room_id": "B5-410", "building_id": "B5", "floor": 4}}, {"type": "Feature", "geometry": {"type": "Polygon", "coordinates": [[[21.1773, 16.599], [21.3378, 16.599], [21.9923, 16.599], [21.9923, 16.614], [22.1223, 16.614], [22.1223, 22.484], [21.9923, 22.484], [21.1773, 22.484], [21.1773, 22.789], [12.4773, 22.789], [12.4773, 22.6056], [12.4773, 22.484], [12.4773, 22.4824], [12.4773, 20.8345], [12.4773, 20.5774], [12.4773, 15.669], [21.1773, 15.669], [21.1773, 15.799], [21.1773, 16.599], [21.3378, 16.599], [21.9923, 16.599], [21.9923, 16.614], [22.1223, 16.614], [22.1223, 22.484], [21.9923, 22.484], [21.1773, 22.484], [21.1773, 22.789], [12.4773, 22.789], [12.4773, 22.6056], [12.4773, 22.484], [12.4773, 22.4824], [12.4773, 20.8345], [12.4773, 20.5774], [12.4773, 15.669], [21.1773, 15.669], [21.1773, 15.799], [21.1773, 16.599]]]}, "properties": {"room_id": "B5-411", "building_id": "B5", "floor": 4}}, {"type": "Feature", "geometry": {"type": "Polygon", "coordinates": [[[-0.1927, 64.449], [-0.1927, 64.184], [-0.1927, 55.199], [7.5273, 55.199], [7.5273, 56.139], [7.5273, 56.199], [7.5273, 57.756], [7.5273, 57.8421], [7.5273, 57.9706], [7.5273, 61.2774], [7.5273, 61.449], [7.5273, 61.492], [7.5273, 63.0974], [7.5273, 63.099], [7.5273, 63.2206], [7.5273, 64.544], [3.6123, 64.544], [3.3923, 64.544], [-0.1927, 64.544], [-0.1927, 64.449], [-0.1927, 64.184], [-0.1927, 55.199], [7.5273, 55.199], [7.5273, 56.139], [7.5273, 56.199], [7.5273, 57.756], [7.5273, 57.8421], [7.5273, 57.9706], [7.5273, 61.2774], [7.5273, 61.449], [7.5273, 61.492], [7.5273, 63.0974], [7.5273, 63.099], [7.5273, 63.2206], [7.5273, 64.544], [3.6123, 64.544], [3.3923, 64.544], [-0.1927, 64.544], [-0.1927, 64.449], [-0.1927, 64.449]], [[1.1773, 56.814], [2.0073, 56.814], [2.0073, 55.984], [1.1773, 55.984], [1.1773, 56.814], [2.0073, 56.814], [2.0073, 55.984], [1.1773, 55.984], [1.1773, 56.814]], [[1.1773, 63.514], [2.0073, 63.514], [2.0073, 62.684], [1.1773, 62.684], [1.1773, 63.514], [2.0073, 63.514], [2.0073, 62.684], [1.1773, 62.684], [1.1773, 63.514]]]}, "properties": {"room_id": "B5-412", "building_id": "B5", "floor": 4}}, {"type": "Feature", "geometry": {"type": "Polygon", "coordinates": [[[-0.1927, 54.979], [-0.1927, 52.759], [6.5473, 52.759], [8.6573, 52.759], [8.6573, 54.979], [7.6298, 54.979], [-0.1927, 54.979]]]}, "properties": {"room_id": "B5-413", "building_id": "B5", "floor": 4}}, {"type": "Feature", "geometry": {"type": "Polygon", "coordinates": [[[-0.1927, 52.539], [-0.1927, 43.109], [1.1773, 43.109], [1.1773, 43.414], [2.0073, 43.414], [2.0073, 43.109], [6.4373, 43.109], [6.4373, 44.669], [6.4373, 50.729], [6.4373, 52.539], [-0.1927, 52.539], [-0.1927, 43.109], [1.1773, 43.109], [1.1773, 43.414], [2.0073, 43.414], [2.0073, 43.109], [6.4373, 43.109], [6.4373, 44.669], [6.4373, 50.729], [6.4373, 52.539], [-0.1927, 52.539]], [[1.1773, 50.114], [2.0073, 50.114], [2.0073, 49.284], [1.1773, 49.284], [1.1773, 50.114], [2.0073, 50.114], [2.0073, 49.284], [1.1773, 49.284], [1.1773, 50.114]]]}, "properties": {"room_id": "B5-414", "building_id": "B5", "floor": 4}}, {"type": "Feature", "geometry": {"type": "Polygon", "coordinates": [[[-0.1927, 42.889], [-0.1927, 33.349], [6.4373, 33.349], [6.4373, 41.079], [6.4373, 42.889], [2.0073, 42.889], [2.0073, 42.584], [1.1773, 42.584], [1.1773, 42.889], [-0.1927, 42.889]], [[1.1773, 36.614], [2.0073, 36.614], [2.0073, 35.784], [1.1773, 35.784], [1.1773, 36.614]]]}, "properties": {"room_id": "B5-416", "building_id": "B5", "floor": 4}}, {"type": "Feature", "geometry": {"type": "Polygon", "coordinates": [[[6.6573, 40.969], [6.6573, 33.349], [8.6573, 33.349], [8.6573, 36.504], [8.6573, 40.969], [6.6573, 40.969]]]}, "properties": {"room_id": "B5-417", "building_id": "B5", "floor": 4}}, {"type": "Feature", "geometry": {"type": "Polygon", "coordinates": [[[8.6573, 50.619], [6.6573, 50.619], [6.6573, 44.779], [8.6573, 44.779], [8.6573, 50.619]]]}, "properties": {"room_id": "B5-415", "building_id": "B5", "floor": 4}}, {"type": "Feature", "geometry": {"type": "Polygon", "coordinates": [[[-0.1927, 33.129], [-0.1927, 29.184], [1.1773, 29.184], [1.1773, 30.014], [2.0073, 30.014], [2.0073, 29.184], [8.8773, 29.184], [8.8773, 33.129], [6.5473, 33.129], [-0.1927, 33.129]]]}, "properties": {"room_id": "B5-418", "building_id": "B5", "floor": 4}}, {"type": "Feature", "geometry": {"type": "Polygon", "coordinates": [[[-0.1927, 15.669], [1.1773, 15.669], [1.1773, 15.799], [1.1773, 16.614], [1.6073, 16.614], [1.6073, 19.2624], [1.6073, 19.279], [1.6073, 19.479], [1.6073, 22.484], [1.1773, 22.484], [1.1773, 23.094], [-0.1927, 23.094], [-0.1927, 16.139], [-0.1927, 15.669]]]}, "properties": {"room_id": "B5-4.CR7", "building_id": "B5", "floor": 4}}, {"type": "Feature", "geometry": {"type": "Polygon", "coordinates": [[[7.8573, 26.624], [7.8573, 22.794], [7.8573, 20.304], [8.9423, 20.304], [8.9423, 20.294], [10.9423, 20.294], [10.9423, 20.304], [11.1273, 20.304], [11.1273, 20.784], [12.2573, 20.784], [12.2573, 22.484], [11.9498, 22.484], [11.1273, 22.484], [11.1273, 23.299], [11.1273, 26.574], [12.2573, 26.574], [12.2573, 28.274], [11.1273, 28.274], [11.1273, 29.1915], [11.1273, 30.0065], [11.1273, 33.129], [12.2573, 33.129], [12.2573, 35.289], [11.1273, 35.289], [11.1273, 35.799], [11.1273, 36.394], [11.1257, 36.394], [8.8773, 36.394], [8.8773, 33.239], [8.8773, 33.086], [8.8773, 29.184], [8.8773, 26.7617], [8.8773, 26.624], [8.7395, 26.624], [7.8573, 26.624]]]}, "properties": {"room_id": "B5-4.CR6", "building_id": "B5", "floor": 4}}, {"type": "Feature", "geometry": {"type": "Polygon", "coordinates": [[[-0.1927, 29.184], [-0.1927, 23.314], [1.1848, 23.314], [1.6073, 23.314], [1.6073, 26.624], [7.7548, 26.624], [7.9548, 26.624], [8.8773, 26.624], [8.8773, 29.184], [2.1528, 29.184], [1.9998, 29.184], [1.1848, 29.184], [1.0318, 29.184], [-0.1927, 29.184]]]}, "properties": {"room_id": "B5-4.CR5", "building_id": "B5", "floor": 4}}, {"type": "Feature", "geometry": {"type": "Polygon", "coordinates": [[[11.1273, 63.5065], [11.1273, 64.764], [8.8773, 64.764], [8.8773, 63.099], [7.7473, 63.099], [7.7473, 61.399], [8.8773, 61.399], [8.8773, 57.849], [7.7473, 57.849], [7.7473, 56.199], [8.8773, 56.199], [8.8773, 55.1856], [8.8773, 55.184], [8.8773, 55.0815], [8.8773, 52.539], [6.6573, 52.539], [6.6573, 50.839], [8.8773, 50.839], [8.8773, 44.559], [6.6573, 44.559], [6.6573, 42.999], [6.6573, 41.189], [8.8773, 41.189], [8.8773, 36.614], [11.1273, 36.614], [11.1273, 39.539], [12.2573, 39.539], [12.2573, 41.239], [11.1273, 41.239], [11.1273, 42.5915], [11.1273, 43.4065], [11.1273, 44.509], [12.2573, 44.509], [12.2573, 46.209], [11.1273, 46.209], [11.1273, 49.299], [11.1273, 50.1065], [11.1273, 53.279], [12.2573, 53.279], [12.2573, 54.979], [11.1273, 54.979], [11.1273, 55.999], [11.1273, 56.799], [11.1273, 57.799], [12.2573, 57.799], [12.2573, 59.499], [11.1273, 59.499], [11.1273, 62.699], [11.1273, 63.5065]]]}, "properties": {"room_id": "B5-4.CR4", "building_id": "B5", "floor": 4}}, {"type": "Feature", "geometry": {"type": "Polygon", "coordinates": [[[-27.0877, 68.634], [-27.0877, 64.654], [-20.7277, 64.654], [-20.7277, 68.634], [-21.9677, 68.634], [-24.6027, 68.634], [-24.6027, 67.744], [-24.9077, 67.744], [-25.7227, 67.744], [-25.7227, 68.634], [-27.0877, 68.634]]]}, "properties": {"room_id": "B5-400", "building_id": "B5", "floor": 4}}, {"type": "Feature", "geometry": {"type": "Polygon", "coordinates": [[[-25.7227, 77.029], [-27.0877, 77.029], [-27.0877, 68.854], [-25.7152, 68.854], [-24.9077, 68.854], [-24.6552, 68.854], [-22.0777, 68.854], [-22.0777, 71.074], [-22.0777, 77.029], [-24.8927, 77.029], [-24.8927, 76.899], [-24.8927, 76.084], [-25.7227, 76.084], [-25.7227, 76.9065], [-25.7227, 77.029]]]}, "properties": {"room_id": "B5-419", "building_id": "B5", "floor": 4}}, {"type": "Feature", "geometry": {"type": "Polygon", "coordinates": [[[-19.1227, 77.029], [-21.8577, 77.029], [-21.8577, 71.184], [-18.7177, 71.184], [-18.7177, 76.084], [-19.1227, 76.084], [-19.1227, 76.899], [-19.1227, 77.029]]]}, "properties": {"room_id": "B5-420", "building_id": "B5", "floor": 4}}, {"type": "Feature", "geometry": {"type": "Polygon", "coordinates": [[[-15.3677, 77.029], [-18.2927, 77.029], [-18.2927, 76.899], [-18.2927, 76.084], [-18.4977, 76.084], [-18.4977, 71.184], [-15.3677, 71.184], [-15.3677, 77.029]]]}, "properties": {"room_id": "B5-421", "building_id": "B5", "floor": 4}}, {"type": "Feature", "geometry": {"type": "Polygon", "coordinates": [[[-12.3227, 77.029], [-15.1477, 77.029], [-15.1477, 71.184], [-12.0177, 71.184], [-12.0177, 76.084], [-12.3227, 76.084], [-12.3227, 76.899], [-12.3227, 77.029]]]}, "properties": {"room_id": "B5-422", "building_id": "B5", "floor": 4}}, {"type": "Feature", "geometry": {"type": "Polygon", "coordinates": [[[-8.6677, 77.029], [-11.4927, 77.029], [-11.4927, 76.899], [-11.4927, 76.084], [-11.7977, 76.084], [-11.7977, 71.184], [-8.6677, 71.184], [-8.6677, 77.029]]]}, "properties": {"room_id": "B5-423", "building_id": "B5", "floor": 4}}, {"type": "Feature", "geometry": {"type": "Polygon", "coordinates": [[[-5.6227, 77.029], [-8.4477, 77.029], [-8.4477, 71.184], [-5.2227, 71.184], [-5.2227, 73.684], [-5.2227, 73.9774], [-5.2227, 74.0315], [-5.2227, 76.084], [-5.6227, 76.084], [-5.6227, 76.899], [-5.6227, 77.029]]]}, "properties": {"room_id": "B5-424", "building_id": "B5", "floor": 4}}, {"type": "Feature", "geometry": {"type": "Polygon", "coordinates": [[[-0.4227, 77.019], [-1.4127, 77.019], [-1.4127, 76.619], [-1.5527, 76.619], [-1.5527, 77.019], [-3.1527, 77.019], [-3.1527, 76.619], [-3.2927, 76.619], [-3.2927, 77.019], [-4.7827, 77.019], [-4.7827, 76.074], [-4.9927, 76.074], [-4.9927, 74.094], [-3.1527, 74.094], [-3.1527, 73.804], [-1.5527, 73.804], [-1.5527, 75.444], [-1.4227, 75.444], [-1.4227, 75.434], [-0.4227, 75.434], [-0.4227, 77.019]]]}, "properties": {"room_id": "B5-4.WC1", "building_id": "B5", "floor": 4}}, {"type": "Feature", "geometry": {"type": "Polygon", "coordinates": [[[2.0173, 77.019], [2.0173, 75.444], [3.7123, 75.444], [3.7123, 74.844], [6.4023, 74.844], [6.4023, 75.519], [6.5423, 75.519], [6.5423, 74.094], [9.3023, 74.094], [9.3023, 77.019], [2.0173, 77.019]]]}, "properties": {"room_id": "B5-4.WC2", "building_id": "B5", "floor": 4}}, {"type": "Feature", "geometry": {"type": "Polygon", "coordinates": [[[6.4023, 74.704], [3.7123, 74.704], [3.7123, 73.804], [6.4023, 73.804], [6.4023, 74.704]]]}, "properties": {"room_id": "B5-4.JC1", "building_id": "B5", "floor": 4}}, {"type": "Feature", "geometry": {"type": "Polygon", "coordinates": [[[3.5723, 73.664], [1.8723, 73.664], [1.8723, 71.484], [3.5723, 71.484], [3.5723, 73.664]]]}, "properties": {"room_id": "B5-4.WC3", "building_id": "B5", "floor": 4}}, {"type": "Feature", "geometry": {"type": "Polygon", "coordinates": [[[-5.0177, 73.589], [-5.0177, 71.169], [-4.5077, 71.169], [-4.5032, 71.169], [-0.9122, 71.1694], [-0.9077, 71.169], [-0.3977, 71.169], [-0.3977, 73.589], [-1.4827, 73.589], [-3.2152, 73.589], [-3.2693, 73.589], [-5.0177, 73.589]]]}, "properties": {"room_id": "B5-EV-01", "building_id": "B5", "floor": 4}}, {"type": "Feature", "geometry": {"type": "Polygon", "coordinates": [[[6.9273, 19.264], [1.9223, 19.264], [1.8273, 19.264], [1.8273, 16.614], [2.0073, 16.614], [2.0073, 16.004], [6.9273, 16.004], [6.9273, 16.594], [6.9273, 18.969], [6.9273, 19.264]]]}, "properties": {"room_id": "B5-ST-02", "building_id": "B5", "floor": 4}}, {"type": "Feature", "geometry": {"type": "Polygon", "coordinates": [[[11.3398, 16.599], [11.9423, 16.599], [11.9423, 15.799], [11.1423, 15.799], [11.1423, 16.599], [11.1348, 16.599], [11.1348, 20.089], [10.9423, 20.089], [8.9423, 20.089], [7.8423, 20.089], [7.8423, 19.374], [7.8423, 15.974], [7.8423, 15.654], [12.2723, 15.654], [12.2723, 20.579], [12.2143, 20.579], [11.3323, 20.579], [11.3323, 20.299], [11.3323, 20.1915], [11.3398, 20.1915], [11.3398, 20.0874], [11.3398, 16.599]]]}, "properties": {"room_id": "B5-EV-02", "building_id": "B5", "floor": 4}}, {"type": "Feature", "geometry": {"type": "Polygon", "coordinates": [[[-9.7077, 68.134], [-14.4078, 68.134], [-16.1002, 68.134], [-16.7027, 68.134], [-16.7027, 65.454], [-16.1026, 65.454], [-16.1026, 64.764], [-1.0126, 64.764], [-1.0126, 65.454], [-0.4127, 65.454], [-0.4127, 68.134], [-1.0152, 68.134], [-2.4752, 68.1341], [-2.7077, 68.1341], [-7.4077, 68.134], [-9.7077, 68.134]]]}, "properties": {"room_id": "B5-ST-01", "building_id": "B5", "floor": 4}}, {"type": "Feature", "geometry": {"type": "Polygon", "coordinates": [[[-20.5077, 64.654], [-16.9227, 64.654], [-16.9227, 65.149], [-16.9227, 65.3162], [-16.9227, 65.454], [-16.9227, 65.5918], [-16.9227, 68.1415], [-16.9227, 68.149], [-16.9227, 68.649], [-16.9227, 68.664], [-16.1077, 68.664], [-16.1002, 68.664], [-14.4078, 68.664], [-9.7077, 68.664], [-7.4077, 68.664], [-2.7077, 68.664], [-2.4752, 68.6639], [-1.0152, 68.6639], [-0.1927, 68.664], [-0.1927, 70.954], [-0.9077, 70.954], [-0.9077, 70.964], [-0.9122, 70.964], [-2.1077, 70.964], [-2.1077, 70.954], [-3.3077, 70.954], [-3.3077, 70.964], [-4.5032, 70.964], [-4.5077, 70.964], [-4.5077, 70.954], [-5.2227, 70.954], [-5.2227, 70.964], [-8.5577, 70.964], [-11.9077, 70.964], [-15.2577, 70.964], [-18.6077, 70.964], [-21.8577, 70.964], [-21.8577, 68.854], [-20.5077, 68.854], [-20.5077, 64.654]], [[-19.1227, 68.664], [-18.2927, 68.664], [-18.2927, 68.134], [-19.1227, 68.134], [-19.1227, 68.664]]]}, "properties": {"room_id": "B5-4.CR1", "building_id": "B5", "floor": 4}}, {"type": "Feature", "geometry": {"type": "Polygon", "coordinates": [[[1.1773, 77.029], [-0.1927, 77.029], [-0.1927, 75.314], [-0.5707, 75.314], [-1.4227, 75.314], [-1.4227, 73.794], [-0.1927, 73.794], [-0.1927, 71.0665], [-0.1927, 70.959], [-0.1927, 68.8095], [-0.1927, 68.6565], [-0.1927, 68.1415], [-0.1927, 65.5918], [-0.1927, 65.454], [-0.1927, 65.3162], [-0.1927, 65.149], [-0.1927, 64.764], [3.3923, 64.764], [3.3923, 70.964], [1.6423, 70.964], [1.6423, 71.4215], [1.6423, 73.794], [3.5823, 73.794], [3.5823, 75.314], [1.9548, 75.314], [1.6423, 75.314], [1.6423, 76.084], [1.1773, 76.084], [1.1773, 76.899], [1.1773, 77.029]], [[1.1773, 68.664], [2.0073, 68.664], [2.0073, 68.134], [1.1773, 68.134], [1.1773, 68.664]]]}, "properties": {"room_id": "B5-4.CR2", "building_id": "B5", "floor": 4}}, {"type": "Feature", "geometry": {"type": "Polygon", "coordinates": [[[11.1273, 77.029], [9.5323, 77.029], [9.5323, 74.0315], [9.5323, 73.689], [9.5323, 73.6874], [9.5323, 71.184], [11.1273, 71.184], [11.1273, 76.0915], [11.1273, 76.099], [11.1273, 76.899], [11.1273, 77.029]]]}, "properties": {"room_id": "B5-425", "building_id": "B5", "floor": 4}}, {"type": "Feature", "geometry": {"type": "Polygon", "coordinates": [[[14.7673, 70.964], [11.2373, 70.964], [9.4798, 70.964], [9.4257, 70.964], [3.6423, 70.964], [3.6123, 70.964], [3.6123, 64.764], [5.2373, 64.764], [5.3903, 64.764], [7.6993, 64.764], [7.8523, 64.764], [11.2373, 64.764], [14.7673, 64.764], [14.7673, 70.964]], [[11.1273, 70.614], [11.9573, 70.614], [11.9573, 69.784], [11.1273, 69.784], [11.1273, 70.614]]]}, "properties": {"room_id": "B5-503", "building_id": "B5", "floor": 5}}, {"type": "Feature", "geometry": {"type": "Polygon", "coordinates": [[[11.3473, 76.084], [11.3473, 71.184], [14.7673, 71.184], [14.7823, 71.184], [14.7823, 73.149], [14.7823, 77.029], [11.9573, 77.029], [11.9573, 76.899], [11.9573, 76.084], [11.3473, 76.084]]]}, "properties": {"room_id": "B5-504", "building_id": "B5", "floor": 5}}, {"type": "Feature", "geometry": {"type": "Polygon", "coordinates": [[[15.0023, 77.029], [15.0023, 73.259], [16.6773, 73.259], [22.1223, 73.259], [22.1223, 75.899], [22.1223, 76.084], [21.9923, 76.084], [21.1773, 76.084], [21.1773, 76.899], [21.1773, 77.029], [15.0023, 77.029]]]}, "properties": {"room_id": "B5-505", "building_id": "B5", "floor": 5}}, {"type": "Feature", "geometry": {"type": "Polygon", "coordinates": [[[22.1223, 73.039], [16.7873, 73.039], [16.7873, 69.909], [21.1757, 69.909], [21.1773, 69.909], [21.1773, 70.214], [21.9923, 70.214], [22.1223, 70.214], [22.1223, 73.039]]]}, "properties": {"room_id": "B5-506", "building_id": "B5", "floor": 5}}, {"type": "Feature", "geometry": {"type": "Polygon", "coordinates": [[[21.9923, 69.384], [21.9923, 69.399], [21.1923, 69.399], [21.1923, 69.3915], [21.1773, 69.3915], [21.1773, 69.399], [21.1773, 69.689], [16.7873, 69.689], [16.7873, 66.559], [22.1223, 66.559], [22.1223, 69.384], [21.9923, 69.384]]]}, "properties": {"room_id": "B5-507", "building_id": "B5", "floor": 5}}, {"type": "Feature", "geometry": {"type": "Polygon", "coordinates": [[[16.7873, 66.339], [16.7873, 63.209], [21.1773, 63.209], [21.1773, 63.514], [21.9923, 63.514], [22.1223, 63.514], [22.1223, 66.339], [16.7873, 66.339]]]}, "properties": {"room_id": "B5-508", "building_id": "B5", "floor": 5}}, {"type": "Feature", "geometry": {"type": "Polygon", "coordinates": [[[16.7873, 62.989], [16.7873, 59.859], [22.1223, 59.859], [22.1223, 62.684], [21.9923, 62.684], [21.1773, 62.684], [21.1773, 62.989], [16.7873, 62.989]]]}, "properties": {"room_id": "B5-509", "building_id": "B5", "floor": 5}}, {"type": "Feature", "geometry": {"type": "Polygon", "coordinates": [[[16.7873, 59.639], [16.7873, 56.509], [21.1757, 56.509], [21.1773, 56.509], [21.1773, 56.814], [21.9923, 56.814], [22.1223, 56.814], [22.1223, 59.639], [16.7873, 59.639]]]}, "properties": {"room_id": "B5-510", "building_id": "B5", "floor": 5}}, {"type": "Feature", "geometry": {"type": "Polygon", "coordinates": [[[16.7873, 56.289], [16.7873, 53.159], [22.1223, 53.159], [22.1223, 55.984], [21.9923, 55.984], [21.1773, 55.984], [21.1773, 56.289], [16.7873, 56.289]]]}, "properties": {"room_id": "B5-511", "building_id": "B5", "floor": 5}}, {"type": "Feature", "geometry": {"type": "Polygon", "coordinates": [[[16.7873, 52.939], [16.7873, 49.809], [21.1757, 49.809], [21.1773, 49.809], [21.1773, 50.114], [21.9923, 50.114], [22.1223, 50.114], [22.1223, 52.939], [16.7873, 52.939]]]}, "properties": {"room_id": "B5-512", "building_id": "B5", "floor": 5}}, {"type": "Feature", "geometry": {"type": "Polygon", "coordinates": [[[16.7873, 49.589], [16.7873, 46.459], [22.1223, 46.459], [22.1223, 49.284], [21.9923, 49.284], [21.1773, 49.284], [21.1773, 49.589], [16.7873, 49.589]]]}, "properties": {"room_id": "B5-513", "building_id": "B5", "floor": 5}}, {"type": "Feature", "geometry": {"type": "Polygon", "coordinates": [[[16.7873, 46.239], [16.7873, 43.109], [21.1757, 43.109], [21.1773, 43.109], [21.1773, 43.414], [21.9923, 43.414], [22.1223, 43.414], [22.1223, 46.239], [16.7873, 46.239]]]}, "properties": {"room_id": "B5-514", "building_id": "B5", "floor": 5}}, {"type": "Feature", "geometry": {"type": "Polygon", "coordinates": [[[16.7873, 42.889], [16.7873, 39.759], [22.1223, 39.759], [22.1223, 42.584], [21.9923, 42.584], [21.1773, 42.584], [21.1773, 42.889], [16.7873, 42.889]]]}, "properties": {"room_id": "B5-515", "building_id": "B5", "floor": 5}}, {"type": "Feature", "geometry": {"type": "Polygon", "coordinates": [[[16.7873, 39.539], [16.7873, 36.409], [21.1757, 36.409], [21.1773, 36.409], [21.1773, 36.614], [21.9923, 36.614], [22.1223, 36.614], [22.1223, 39.539], [16.7873, 39.539]]]}, "properties": {"room_id": "B5-516", "building_id": "B5", "floor": 5}}, {"type": "Feature", "geometry": {"type": "Polygon", "coordinates": [[[16.7873, 36.189], [16.7873, 33.059], [22.1223, 33.059], [22.1223, 35.784], [21.9923, 35.784], [21.1773, 35.784], [21.1773, 36.189], [16.7873, 36.189]]]}, "properties": {"room_id": "B5-517", "building_id": "B5", "floor": 5}}, {"type": "Feature", "geometry": {"type": "Polygon", "coordinates": [[[16.7873, 32.839], [16.7873, 29.709], [21.1757, 29.709], [21.1773, 29.709], [21.1773, 30.014], [21.9923, 30.014], [22.1223, 30.014], [22.1223, 32.839], [16.7873, 32.839]]]}, "properties": {"room_id": "B5-518", "building_id": "B5", "floor": 5}}, {"type": "Feature", "geometry": {"type": "Polygon", "coordinates": [[[16.7873, 29.489], [16.7873, 26.5715], [16.7873, 26.359], [22.1223, 26.359], [22.1223, 29.184], [21.9923, 29.184], [21.1773, 29.184], [21.1773, 29.489], [16.7873, 29.489]]]}, "properties": {"room_id": "B5-519", "building_id": "B5", "floor": 5}}, {"type": "Feature", "geometry": {"type": "Polygon", "coordinates": [[[11.3473, 20.1915], [11.3473, 16.614], [11.9573, 16.614], [11.9573, 15.799], [11.9573, 15.669], [21.1773, 15.669], [21.1773, 15.799], [21.1773, 16.614], [21.9923, 16.614], [22.1223, 16.614], [22.1223, 22.484], [21.9923, 22.484], [21.1773, 22.484], [21.1773, 22.899], [21.1773, 23.314], [21.9923, 23.314], [22.1223, 23.314], [22.1223, 26.139], [16.6848, 26.139], [16.5318, 26.139], [12.6973, 26.139], [12.6973, 26.404], [11.3473, 26.404], [11.3473, 23.314], [11.9573, 23.314], [11.9573, 22.484], [11.3473, 22.484], [11.3473, 20.3056], [11.3473, 20.1915]]]}, "properties": {"room_id": "B5-521", "building_id": "B5", "floor": 5}}, {"type": "Feature", "geometry": {"type": "Polygon", "coordinates": [[[7.9623, 64.544], [7.9623, 57.944], [11.1273, 57.944], [11.1273, 62.6915], [11.1273, 62.699], [11.1273, 63.499], [11.1273, 63.5065], [11.1273, 64.544], [7.9623, 64.544]]]}, "properties": {"room_id": "B5-522", "building_id": "B5", "floor": 5}}, {"type": "Feature", "geometry": {"type": "Polygon", "coordinates": [[[7.9623, 57.724], [7.9623, 49.809], [11.1273, 49.809], [11.1273, 50.114], [11.9573, 50.114], [11.9573, 49.809], [14.5473, 49.809], [14.5473, 64.544], [11.3473, 64.544], [11.3473, 63.514], [11.9573, 63.514], [11.9573, 62.684], [11.3473, 62.684], [11.3473, 57.724], [7.9623, 57.724]], [[11.1273, 55.984], [11.1273, 56.814], [11.9573, 56.814], [11.9573, 55.984], [11.1273, 55.984]]]}, "properties": {"room_id": "B5-523", "building_id": "B5", "floor": 5}}, {"type": "Feature", "geometry": {"type": "Polygon", "coordinates": [[[7.9623, 49.589], [7.9623, 46.349], [7.9623, 43.109], [11.1273, 43.109], [11.1273, 43.414], [11.9573, 43.414], [11.9573, 43.109], [14.5473, 43.109], [14.5473, 46.349], [14.5473, 49.589], [11.9573, 49.589], [11.9573, 49.284], [11.1273, 49.284], [11.1273, 49.589], [7.9623, 49.589]]]}, "properties": {"room_id": "B5-524", "building_id": "B5", "floor": 5}}, {"type": "Feature", "geometry": {"type": "Polygon", "coordinates": [[[7.9623, 42.889], [7.9623, 36.409], [11.1273, 36.409], [11.1273, 36.614], [11.9573, 36.614], [11.9573, 36.409], [14.5473, 36.409], [14.5473, 42.889], [11.9573, 42.889], [11.9573, 42.584], [11.1273, 42.584], [11.1273, 42.889], [7.9623, 42.889]]]}, "properties": {"room_id": "B5-525", "building_id": "B5", "floor": 5}}, {"type": "Feature", "geometry": {"type": "Polygon", "coordinates": [[[7.9623, 36.189], [7.9623, 29.709], [11.1257, 29.709], [11.1273, 29.709], [11.1273, 30.014], [11.9573, 30.014], [11.9573, 29.709], [11.9589, 29.709], [14.5473, 29.709], [14.5473, 36.189], [11.9573, 36.189], [11.9573, 35.784], [11.1273, 35.784], [11.1273, 36.189], [7.9623, 36.189]]]}, "properties": {"room_id": "B5-526", "building_id": "B5", "floor": 5}}, {"type": "Feature", "geometry": {"type": "Polygon", "coordinates": [[[-0.1927, 64.184], [-0.1927, 59.859], [5.1273, 59.859], [5.1273, 64.544], [3.6123, 64.544], [3.3923, 64.544], [-0.1927, 64.544], [-0.1927, 64.449], [-0.1927, 64.184]], [[1.1773, 63.514], [2.0073, 63.514], [2.0073, 62.684], [1.1773, 62.684], [1.1773, 63.514]]]}, "properties": {"room_id": "B5-527", "building_id": "B5", "floor": 5}}, {"type": "Feature", "geometry": {"type": "Polygon", "coordinates": [[[-0.1927, 59.639], [-0.1927, 56.509], [1.1773, 56.509], [1.1773, 56.814], [2.0073, 56.814], [2.0073, 56.509], [5.1273, 56.509], [5.1273, 59.639], [-0.1927, 59.639]]]}, "properties": {"room_id": "B5-528", "building_id": "B5", "floor": 5}}, {"type": "Feature", "geometry": {"type": "Polygon", "coordinates": [[[-0.1927, 56.289], [-0.1927, 53.159], [5.1273, 53.159], [5.1273, 56.289], [2.0089, 56.289], [2.0073, 56.289], [2.0073, 55.984], [1.1773, 55.984], [1.1773, 56.289], [-0.1927, 56.289]]]}, "properties": {"room_id": "B5-529", "building_id": "B5", "floor": 5}}, {"type": "Feature", "geometry": {"type": "Polygon", "coordinates": [[[-0.1927, 52.939], [-0.1927, 49.809], [1.1773, 49.809], [1.1773, 50.114], [2.0073, 50.114], [2.0073, 49.809], [5.1273, 49.809], [5.1273, 52.939], [-0.1927, 52.939]]]}, "properties": {"room_id": "B5-530", "building_id": "B5", "floor": 5}}, {"type": "Feature", "geometry": {"type": "Polygon", "coordinates": [[[-0.1927, 49.589], [-0.1927, 46.459], [5.1273, 46.459], [5.1273, 49.589], [2.0073, 49.589], [2.0073, 49.284], [1.1773, 49.284], [1.1773, 49.589], [-0.1927, 49.589]]]}, "properties": {"room_id": "B5-531", "building_id": "B5", "floor": 5}}, {"type": "Feature", "geometry": {"type": "Polygon", "coordinates": [[[-0.1927, 46.239], [-0.1927, 43.109], [1.1773, 43.109], [1.1773, 43.414], [2.0073, 43.414], [2.0073, 43.109], [5.1273, 43.109], [5.1273, 46.239], [-0.1927, 46.239]]]}, "properties": {"room_id": "B5-532", "building_id": "B5", "floor": 5}}, {"type": "Feature", "geometry": {"type": "Polygon", "coordinates": [[[-0.1927, 42.889], [-0.1927, 39.759], [5.1273, 39.759], [5.1273, 42.889], [2.0073, 42.889], [2.0073, 42.584], [1.1773, 42.584], [1.1773, 42.889], [-0.1927, 42.889]]]}, "properties": {"room_id": "B5-533", "building_id": "B5", "floor": 5}}, {"type": "Feature", "geometry": {"type": "Polygon", "coordinates": [[[-0.1927, 39.539], [-0.1927, 36.409], [1.1773, 36.409], [1.1773, 36.614], [2.0073, 36.614], [2.0073, 36.409], [5.1273, 36.409], [5.1273, 39.539], [-0.1927, 39.539]]]}, "properties": {"room_id": "B5-534", "building_id": "B5", "floor": 5}}, {"type": "Feature", "geometry": {"type": "Polygon", "coordinates": [[[-0.1927, 36.189], [-0.1927, 33.059], [5.1273, 33.059], [5.1273, 36.189], [2.0073, 36.189], [2.0073, 35.784], [1.1773, 35.784], [1.1773, 36.189], [-0.1927, 36.189]]]}, "properties": {"room_id": "B5-535", "building_id": "B5", "floor": 5}}, {"type": "Feature", "geometry": {"type": "Polygon", "coordinates": [[[-0.1927, 32.839], [-0.1927, 29.709], [1.1773, 29.709], [1.1773, 30.014], [2.0073, 30.014], [2.0073, 29.709], [5.1273, 29.709], [5.1273, 32.839], [-0.1927, 32.839]]]}, "properties": {"room_id": "B5-536", "building_id": "B5", "floor": 5}}, {"type": "Feature", "geometry": {"type": "Polygon", "coordinates": [[[-20.7277, 71.074], [-20.7277, 77.029], [-24.8927, 77.029], [-24.8927, 76.899], [-24.8927, 76.084], [-25.7227, 76.084], [-25.7227, 76.899], [-25.7227, 77.029], [-27.0877, 77.029], [-27.0877, 68.854], [-25.7152, 68.854], [-24.9077, 68.854], [-24.6552, 68.854], [-20.7277, 68.854], [-20.7277, 71.074]]]}, "properties": {"room_id": "B5-537", "building_id": "B5", "floor": 5}}, {"type": "Feature", "geometry": {"type": "Polygon", "coordinates": [[[-20.5077, 77.029], [-20.5077, 71.184], [-15.3277, 71.184], [-15.3277, 77.029], [-18.2927, 77.029], [-18.2927, 76.899], [-18.2927, 76.084], [-19.1227, 76.084], [-19.1227, 76.899], [-19.1227, 77.029], [-20.5077, 77.029]]]}, "properties": {"room_id": "B5-538", "building_id": "B5", "floor": 5}}, {"type": "Feature", "geometry": {"type": "Polygon", "coordinates": [[[-15.1077, 71.184], [-12.0177, 71.184], [-12.0177, 76.084], [-12.3227, 76.084], [-12.3227, 76.899], [-12.3227, 77.029], [-15.1077, 77.029], [-15.1077, 71.184]]]}, "properties": {"room_id": "B5-539", "building_id": "B5", "floor": 5}}, {"type": "Feature", "geometry": {"type": "Polygon", "coordinates": [[[-11.7977, 71.184], [-8.6177, 71.184], [-8.6177, 77.029], [-11.4927, 77.029], [-11.4927, 76.899], [-11.4927, 76.084], [-11.7977, 76.084], [-11.7977, 71.184]]]}, "properties": {"room_id": "B5-540", "building_id": "B5", "floor": 5}}, {"type": "Feature", "geometry": {"type": "Polygon", "coordinates": [[[-5.2227, 71.184], [-5.2227, 73.684], [-5.2227, 73.9774], [-5.2227, 74.0315], [-5.2227, 76.084], [-5.6227, 76.084], [-5.6227, 76.899], [-5.6227, 77.029], [-8.3977, 77.029], [-8.3977, 71.184], [-5.2227, 71.184]]]}, "properties": {"room_id": "B5-541", "building_id": "B5", "floor": 5}}, {"type": "Feature", "geometry": {"type": "Polygon", "coordinates": [[[-27.0877, 64.654], [-20.7277, 64.654], [-20.7277, 68.634], [-24.6027, 68.634], [-24.6027, 67.744], [-24.9077, 67.744], [-25.7227, 67.744], [-25.7227, 68.634], [-27.0877, 68.634], [-27.0877, 64.654]]]}, "properties": {"room_id": "B5-500", "building_id": "B5", "floor": 5}}, {"type": "Feature", "geometry": {"type": "Polygon", "coordinates": [[[5.3473, 26.624], [7.7548, 26.624], [7.9078, 26.624], [11.0843, 26.624], [11.2373, 26.624], [12.7498, 26.624], [16.5673, 26.624], [16.5673, 29.599], [16.5673, 32.949], [16.5673, 36.299], [16.5673, 39.649], [16.5673, 42.999], [16.5673, 46.239], [14.7673, 46.239], [14.7673, 42.999], [14.7673, 36.299], [14.7673, 29.489], [11.9573, 29.489], [11.9573, 29.184], [11.1273, 29.184], [11.1273, 29.489], [7.7423, 29.489], [7.7423, 36.299], [7.7423, 42.999], [7.7423, 46.239], [5.3473, 46.239], [5.3473, 42.999], [5.3473, 39.649], [5.3473, 36.299], [5.3473, 32.949], [5.3473, 29.599], [5.3473, 26.624]]]}, "properties": {"room_id": "B5-5.CR5", "building_id": "B5", "floor": 5}}, {"type": "Feature", "geometry": {"type": "Polygon", "coordinates": [[[1.1923, 23.299], [1.6073, 23.299], [1.6073, 26.624], [5.1273, 26.624], [5.1273, 29.489], [2.0073, 29.489], [2.0073, 29.184], [1.1773, 29.184], [1.1773, 29.489], [-0.1927, 29.489], [-0.1927, 16.139], [-0.1927, 15.669], [1.1773, 15.669], [1.1773, 15.799], [1.1923, 15.799], [1.1923, 16.599], [1.6073, 16.599], [1.6073, 19.2624], [1.6073, 19.279], [1.6073, 19.479], [1.6073, 22.499], [1.1923, 22.499], [1.1923, 23.299]]]}, "properties": {"room_id": "B5-5.CR7", "building_id": "B5", "floor": 5}}, {"type": "Feature", "geometry": {"type": "Polygon", "coordinates": [[[7.8573, 26.624], [7.8573, 22.794], [7.8573, 20.304], [8.9423, 20.304], [8.9423, 20.294], [10.9423, 20.294], [10.9423, 20.304], [11.1273, 20.304], [11.1273, 22.4915], [11.1273, 23.299], [11.1273, 23.3065], [11.1273, 26.624], [7.8573, 26.624]]]}, "properties": {"room_id": "B5-5.CR6", "building_id": "B5", "floor": 5}}, {"type": "Feature", "geometry": {"type": "Polygon", "coordinates": [[[8.9423, 20.089], [7.8423, 20.089], [7.8423, 19.374], [7.8423, 15.994], [7.8423, 15.654], [11.1423, 15.654], [11.1423, 15.799], [11.1423, 16.599], [11.1423, 16.6065], [11.1423, 20.089], [10.9423, 20.089], [8.9423, 20.089]]]}, "properties": {"room_id": "B5-EV-02", "building_id": "B5", "floor": 5}}, {"type": "Feature", "geometry": {"type": "Polygon", "coordinates": [[[6.9273, 19.264], [1.9223, 19.264], [1.8273, 19.264], [1.8273, 16.614], [2.0073, 16.614], [2.0073, 16.004], [6.9423, 16.004], [6.9423, 16.489], [6.9273, 16.489], [6.9273, 18.9615], [6.9273, 18.969], [6.9273, 19.264]]]}, "properties": {"room_id": "B5-ST-02", "building_id": "B5", "floor": 5}}, {"type": "Feature", "geometry": {"type": "Polygon", "coordinates": [[[5.3473, 64.764], [5.3473, 59.749], [5.3473, 56.399], [5.3473, 53.049], [5.3473, 49.699], [5.3473, 46.459], [7.7423, 46.459], [7.7423, 49.699], [7.7423, 57.834], [7.7423, 64.764], [5.3473, 64.764]]]}, "properties": {"room_id": "B5-5.CR4", "building_id": "B5", "floor": 5}}, {"type": "Feature", "geometry": {"type": "Polygon", "coordinates": [[[15.0023, 73.039], [15.0023, 71.074], [14.7673, 71.074], [14.7673, 64.807], [14.7673, 64.654], [14.7673, 49.699], [14.7673, 46.459], [16.5673, 46.459], [16.5673, 49.699], [16.5673, 53.049], [16.5673, 56.399], [16.5673, 59.749], [16.5673, 63.099], [16.5673, 66.449], [16.5673, 69.799], [16.5673, 73.039], [15.0023, 73.039]]]}, "properties": {"room_id": "B5-5.CR3", "building_id": "B5", "floor": 5}}, {"type": "Feature", "geometry": {"type": "Polygon", "coordinates": [[[-9.7077, 68.134], [-14.4077, 68.134], [-14.6402, 68.134], [-16.0927, 68.134], [-16.1002, 68.134], [-16.7027, 68.134], [-16.7027, 65.454], [-16.1026, 65.454], [-16.1026, 64.764], [-1.0126, 64.764], [-1.0126, 65.454], [-0.4482, 65.454], [-0.4127, 65.454], [-0.4127, 67.829], [-0.3977, 67.829], [-0.3977, 68.134], [-1.0077, 68.134], [-2.7077, 68.134], [-7.4077, 68.134], [-9.7077, 68.134]]]}, "properties": {"room_id": "B5-ST-01", "building_id": "B5", "floor": 5}}, {"type": "Feature", "geometry": {"type": "Polygon", "coordinates": [[[-0.4227, 77.019], [-1.4127, 77.019], [-1.4127, 76.619], [-1.5527, 76.619], [-1.5527, 77.019], [-3.1527, 77.019], [-3.1527, 76.619], [-3.2927, 76.619], [-3.2927, 77.019], [-4.7827, 77.019], [-4.7827, 76.074], [-4.9927, 76.074], [-4.9927, 74.094], [-3.1527, 74.094], [-3.1527, 73.804], [-1.5527, 73.804], [-1.5527, 75.444], [-1.4227, 75.444], [-1.4227, 75.434], [-0.4227, 75.434], [-0.4227, 77.019]]]}, "properties": {"room_id": "B5-5.WC1", "building_id": "B5", "floor": 5}}, {"type": "Feature", "geometry": {"type": "Polygon", "coordinates": [[[2.0173, 77.019], [2.0173, 75.444], [3.7123, 75.444], [3.7123, 74.844], [6.4023, 74.844], [6.4023, 75.519], [6.5423, 75.519], [6.5423, 74.094], [9.3023, 74.094], [9.3023, 77.019], [2.0173, 77.019]]]}, "properties": {"room_id": "B5-5.WC2", "building_id": "B5", "floor": 5}}, {"type": "Feature", "geometry": {"type": "Polygon", "coordinates": [[[6.4023, 74.704], [3.7123, 74.704], [3.7123, 73.804], [6.4023, 73.804], [6.4023, 74.704]]]}, "properties": {"room_id": "B5-5.JC1", "building_id": "B5", "floor": 5}}, {"type": "Feature", "geometry": {"type": "Polygon", "coordinates": [[[3.5723, 73.664], [1.8723, 73.664], [1.8723, 71.484], [3.5723, 71.484], [3.5723, 73.664]]]}, "properties": {"room_id": "B5-5.WC3", "building_id": "B5", "floor": 5}}, {"type": "Feature", "geometry": {"type": "Polygon", "coordinates": [[[-5.0177, 73.589], [-5.0177, 71.169], [-4.5077, 71.169], [-4.5027, 71.169], [-0.9127, 71.169], [-0.9077, 71.169], [-0.3977, 71.169], [-0.3977, 73.589], [-1.4827, 73.589], [-3.2152, 73.589], [-3.2693, 73.589], [-5.0177, 73.589]]]}, "properties": {"room_id": "B5-EV-01", "building_id": "B5", "floor": 5}}, {"type": "Feature", "geometry": {"type": "Polygon", "coordinates": [[[-14.4077, 68.664], [-9.7077, 68.664], [-7.4077, 68.664], [-2.7077, 68.664], [-1.0077, 68.6637], [-0.1927, 68.664], [-0.1927, 70.954], [-0.9077, 70.954], [-0.9077, 70.964], [-0.9127, 70.964], [-2.1077, 70.964], [-2.1077, 70.954], [-3.3077, 70.954], [-3.3077, 70.964], [-4.5027, 70.964], [-4.5077, 70.964], [-4.5077, 70.954], [-5.2227, 70.954], [-5.2227, 70.964], [-8.5077, 70.964], [-11.9077, 70.964], [-15.2177, 70.964], [-20.5077, 70.964], [-20.5077, 68.744], [-20.5077, 64.654], [-16.9227, 64.654], [-16.9227, 65.149], [-16.9227, 65.3162], [-16.9227, 65.454], [-16.9227, 65.5918], [-16.9227, 68.1415], [-16.9227, 68.664], [-16.1002, 68.664], [-14.6402, 68.664], [-14.4077, 68.664]], [[-19.1227, 68.664], [-18.2927, 68.664], [-18.2927, 68.134], [-19.1227, 68.134], [-19.1227, 68.664]]]}, "properties": {"room_id": "B5-5.CR1", "building_id": "B5", "floor": 5}}, {"type": "Feature", "geometry": {"type": "Polygon", "coordinates": [[[-0.1927, 68.1415], [-0.1927, 67.829], [-0.1927, 65.454], [-0.1927, 65.3162], [-0.1927, 65.149], [-0.1927, 64.764], [3.3923, 64.764], [3.3923, 70.964], [1.6423, 70.964], [1.6423, 71.4215], [1.6423, 73.794], [3.5823, 73.794], [3.5823, 75.314], [1.9548, 75.314], [1.6423, 75.314], [1.6423, 76.084], [1.1773, 76.084], [1.1773, 76.899], [1.1773, 77.029], [-0.1927, 77.029], [-0.1927, 75.314], [-0.5707, 75.314], [-1.4227, 75.314], [-1.4227, 73.794], [-0.1927, 73.794], [-0.1927, 71.0665], [-0.1927, 70.806], [-0.1927, 68.8095], [-0.1927, 68.6565], [-0.1927, 68.149], [-0.1927, 68.1415]], [[1.1773, 68.664], [2.0073, 68.664], [2.0073, 68.134], [1.1773, 68.134], [1.1773, 68.664]]]}, "properties": {"room_id": "B5-5.CR2", "building_id": "B5", "floor": 5}}, {"type": "Feature", "geometry": {"type": "Polygon", "coordinates": [[[11.1273, 71.184], [11.1273, 76.0915], [11.1273, 76.099], [11.1273, 76.899], [11.1273, 77.029], [9.5323, 77.029], [9.5323, 74.0315], [9.5323, 73.689], [9.5323, 73.6874], [9.5323, 71.184], [11.1273, 71.184]]]}, "properties": {"room_id": "B5-542", "building_id": "B5", "floor": 5}}]}