{"type": "FeatureCollection", "features": [{"type": "Feature", "geometry": {"type": "Polygon", "coordinates": [[[6.1526, 53.732], [-2.9824, 53.732], [-2.9899, 53.747], [-3.1354, 53.747], [-3.1799, 53.747], [-3.1799, 53.732], [-3.4849, 53.732], [-3.4849, 50.8405], [-3.4849, 47.912], [-1.9749, 47.912], [-1.9749, 46.982], [-3.4849, 46.982], [-3.4849, 41.212], [-1.9749, 41.212], [-1.9749, 40.282], [-3.4849, 40.282], [-3.4849, 34.362], [-2.9824, 34.362], [2.7651, 34.362], [6.1526, 34.362], [6.9676, 34.362], [16.2026, 34.362], [16.6311, 34.362], [16.6311, 40.282], [15.2951, 40.282], [15.2951, 41.212], [16.6311, 41.212], [16.6311, 46.982], [15.2951, 46.982], [15.2951, 47.912], [16.6311, 47.912], [16.6311, 53.732], [16.2026, 53.732], [6.9676, 53.732], [6.1526, 53.732], [-2.9824, 53.732], [-2.9899, 53.747], [-3.1354, 53.747], [-3.1799, 53.747], [-3.1799, 53.732], [-3.4849, 53.732], [-3.4849, 50.8405], [-3.4849, 47.912], [-1.9749, 47.912], [-1.9749, 46.982], [-3.4849, 46.982], [-3.4849, 41.212], [-1.9749, 41.212], [-1.9749, 40.282], [-3.4849, 40.282], [-3.4849, 34.362], [-2.9824, 34.362], [2.7651, 34.362], [6.1526, 34.362], [6.9676, 34.362], [16.2026, 34.362], [16.6311, 34.362], [16.6311, 40.282], [15.2951, 40.282], [15.2951, 41.212], [16.6311, 41.212], [16.6311, 46.982], [15.2951, 46.982], [15.2951, 47.912], [16.6311, 47.912], [16.6311, 53.732], [16.2026, 53.732], [10.6851, 53.732], [6.9676, 53.732], [6.1526, 53.732]]]}, "properties": {"room_id": "B6-108", "building_id": "B6", "floor": 1}}, {"type": "Feature", "geometry": {"type": "Polygon", "coordinates": [[[4.3401, 68.917], [4.3401, 71.437], [1.4476, 71.437], [-1.3299, 71.437], [-1.3299, 69.0695], [-1.3299, 69.0165], [-1.3299, 68.917], [4.3401, 68.917]]]}, "properties": {"room_id": "B6-1WC2", "building_id": "B6", "floor": 1}}, {"type": "Feature", "geometry": {"type": "Polygon", "coordinates": [[[-6.4049, 73.192], [-6.4049, 73.182], [-5.4049, 73.182], [-5.4049, 74.767], [-6.3949, 74.767], [-6.3949, 74.367], [-6.5349, 74.367], [-6.5349, 74.767], [-8.1449, 74.767], [-8.1449, 74.367], [-8.2849, 74.367], [-8.2849, 74.767], [-9.7649, 74.767], [-9.7649, 73.822], [-9.9749, 73.822], [-9.9749, 71.842], [-6.5349, 71.842], [-6.5349, 73.192], [-6.4049, 73.192]]]}, "properties": {"room_id": "B6-1.WC2", "building_id": "B6", "floor": 1}}, {"type": "Feature", "geometry": {"type": "Polygon", "coordinates": [[[10.4351, 68.932], [10.4351, 74.777], [6.9751, 74.777], [6.9751, 74.6545], [6.9751, 73.832], [6.3651, 73.832], [6.3651, 68.9336], [6.3651, 68.932], [6.9226, 68.932], [6.9226, 68.612], [6.9601, 68.612], [6.9601, 68.932], [10.4351, 68.932]]]}, "properties": {"room_id": "B6-104", "building_id": "B6", "floor": 1}}, {"type": "Feature", "geometry": {"type": "Polygon", "coordinates": [[[2.8751, 30.9695], [2.8751, 27.347], [2.8751, 24.7522], [3.9751, 24.7522], [3.9751, 24.7432], [5.9751, 24.7432], [5.9751, 24.7522], [6.1451, 24.7522], [6.1451, 26.9395], [6.1451, 27.7545], [6.1451, 33.0395], [6.1451, 33.047], [6.1451, 34.042], [2.8751, 34.042], [2.8751, 30.9695]]]}, "properties": {"room_id": "B6-1.CR3", "building_id": "B6", "floor": 1}}, {"type": "Feature", "geometry": {"type": "Polygon", "coordinates": [[[-3.1549, 33.532], [-3.1549, 31.072], [2.6551, 31.072], [2.6551, 34.042], [-2.9749, 34.042], [-2.9749, 33.532], [-3.1549, 33.532]]]}, "properties": {"room_id": "B6-108A", "building_id": "B6", "floor": 1}}, {"type": "Feature", "geometry": {"type": "Polygon", "coordinates": [[[-6.5149, 26.787], [-6.5149, 26.777], [-5.4049, 26.777], [-5.4049, 27.987], [-6.005, 27.987], [-6.005, 28.127], [-5.4049, 28.127], [-5.4049, 30.842], [-9.525, 30.842], [-9.525, 24.967], [-7.1499, 24.967], [-7.1499, 26.647], [-7.6499, 26.647], [-7.6499, 26.787], [-6.5149, 26.787]]]}, "properties": {"room_id": "B6-1.WC4", "building_id": "B6", "floor": 1}}, {"type": "Feature", "geometry": {"type": "Polygon", "coordinates": [[[-5.4049, 24.737], [-6.5149, 24.737], [-6.5149, 24.727], [-9.525, 24.727], [-9.525, 20.127], [-5.4049, 20.127], [-5.4049, 22.927], [-6.005, 22.927], [-6.005, 23.067], [-5.4049, 23.067], [-5.4049, 24.737]]]}, "properties": {"room_id": "B6-1.WC5", "building_id": "B6", "floor": 1}}, {"type": "Feature", "geometry": {"type": "Polygon", "coordinates": [[[-2.9649, 73.182], [-1.9149, 73.182], [-1.9149, 73.192], [-1.3049, 73.192], [-1.3049, 72.592], [1.3851, 72.592], [1.3851, 73.302], [1.5251, 73.302], [1.5251, 71.842], [4.3151, 71.842], [4.3151, 74.767], [-2.9649, 74.767], [-2.9649, 73.182]]]}, "properties": {"room_id": "B6-1.WC1", "building_id": "B6", "floor": 1}}, {"type": "Feature", "geometry": {"type": "Polygon", "coordinates": [[[-1.3149, 72.452], [-1.3149, 71.552], [1.3851, 71.552], [1.3851, 72.452], [-1.3149, 72.452]]]}, "properties": {"room_id": "B6-1.JC1", "building_id": "B6", "floor": 1}}, {"type": "Feature", "geometry": {"type": "Polygon", "coordinates": [[[-1.9249, 71.412], [-1.9249, 71.422], [-2.9249, 71.422], [-2.9249, 71.412], [-3.1449, 71.412], [-3.1449, 69.232], [-1.4449, 69.232], [-1.4449, 71.412], [-1.9249, 71.412]]]}, "properties": {"room_id": "B6-1.WC3", "building_id": "B6", "floor": 1}}, {"type": "Feature", "geometry": {"type": "Polygon", "coordinates": [[[16.1951, 67.147], [16.1951, 67.9545], [16.1951, 68.612], [6.9751, 68.612], [6.9751, 67.532], [6.1451, 67.532], [6.1451, 68.612], [-1.3149, 68.612], [-1.3149, 61.022], [6.1451, 61.022], [6.1451, 61.262], [6.9751, 61.262], [6.9751, 61.022], [16.1951, 61.022], [16.1951, 61.2545], [16.1951, 67.147], [16.1951, 67.9545], [16.1951, 68.612], [6.9751, 68.612], [6.9751, 67.532], [6.1451, 67.532], [6.1451, 68.612], [-1.3149, 68.612], [-1.3149, 61.022], [6.1451, 61.022], [6.1451, 61.262], [6.9751, 61.262], [6.9751, 61.022], [16.1951, 61.022], [16.1951, 61.2545], [16.1951, 67.147]]]}, "properties": {"room_id": "B6-105", "building_id": "B6", "floor": 1}}, {"type": "Feature", "geometry": {"type": "Polygon", "coordinates": [[[16.1951, 60.687], [6.9751, 60.687], [6.9751, 60.432], [6.4651, 60.432], [6.4651, 59.472], [6.4651, 55.062], [6.9751, 55.062], [6.9751, 54.052], [16.1951, 54.052], [16.1951, 54.5545], [16.1951, 55.0704], [16.1951, 55.1745], [16.1951, 59.6295], [16.1951, 60.447], [16.1951, 60.687]]]}, "properties": {"room_id": "B6-107", "building_id": "B6", "floor": 1}}, {"type": "Feature", "geometry": {"type": "Polygon", "coordinates": [[[-5.3951, 65.882], [-5.9976, 65.882], [-7.6901, 65.882], [-10.2049, 65.882], [-12.3899, 65.882], [-14.6899, 65.882], [-19.3899, 65.882], [-21.0824, 65.882], [-21.6849, 65.882], [-21.6849, 65.832], [-21.6849, 63.202], [-21.6494, 63.202], [-21.085, 63.202], [-21.085, 62.176], [-5.995, 62.176], [-5.995, 63.202], [-5.3951, 63.202], [-5.3951, 65.882]]]}, "properties": {"room_id": "B6-ST-01", "building_id": "B6", "floor": 1}}, {"type": "Feature", "geometry": {"type": "Polygon", "coordinates": [[[-3.1549, 23.712], [-3.1549, 21.062], [-2.9749, 21.062], [-2.9749, 20.452], [1.9449, 20.452], [1.9449, 20.937], [1.9449, 23.417], [1.9449, 23.712], [-3.1549, 23.712]]]}, "properties": {"room_id": "B6-ST-02", "building_id": "B6", "floor": 1}}, {"type": "Feature", "geometry": {"type": "Polygon", "coordinates": [[[-1.4749, 60.687], [-2.9749, 60.687], [-2.9749, 60.432], [-3.4849, 60.432], [-3.4849, 54.562], [-2.9749, 54.562], [-2.9749, 54.052], [6.1451, 54.052], [6.1451, 55.0545], [6.1451, 59.472], [6.0451, 59.472], [6.0451, 60.687], [-1.4749, 60.687], [-2.9749, 60.687], [-2.9749, 60.432], [-3.4849, 60.432], [-3.4849, 54.562], [-2.9749, 54.562], [-2.9749, 54.052], [6.1451, 54.052], [6.1451, 55.0545], [6.1451, 59.472], [6.0451, 59.472], [6.0451, 60.687], [-1.4749, 60.687]]]}, "properties": {"room_id": "B6-106", "building_id": "B6", "floor": 1}}, {"type": "Feature", "geometry": {"type": "Polygon", "coordinates": [[[6.1451, 74.647], [6.1451, 74.777], [5.7201, 74.777], [4.7101, 74.777], [4.5451, 74.777], [4.5451, 71.7795], [4.5451, 71.482], [4.5451, 68.932], [6.1451, 68.932], [6.1451, 73.8395], [6.1451, 74.647]]]}, "properties": {"room_id": "B6-103", "building_id": "B6", "floor": 1}}, {"type": "Feature", "geometry": {"type": "Polygon", "coordinates": [[[-3.8049, 74.662], [-3.8049, 74.777], [-4.1199, 74.777], [-5.1299, 74.777], [-5.1749, 74.777], [-5.1749, 74.4295], [-5.1749, 73.062], [-5.553, 73.062], [-6.4049, 73.062], [-6.4049, 71.7795], [-6.4049, 71.7254], [-6.4049, 71.542], [-5.3799, 71.542], [-5.1749, 71.542], [-5.1749, 68.727], [-5.1749, 68.707], [-5.1749, 66.5575], [-5.1749, 66.4045], [-5.1751, 65.8895], [-5.1751, 63.202], [-5.1751, 62.9045], [-5.1749, 62.182], [-5.2949, 62.182], [-5.2949, 51.9295], [-4.6625, 51.165], [-3.8049, 50.9352], [-3.8049, 53.7395], [-3.8049, 54.5545], [-3.8049, 60.4395], [-3.8049, 61.262], [-2.9749, 61.262], [-2.9749, 61.007], [-1.6349, 61.007], [-1.6349, 68.712], [-3.3749, 68.712], [-3.3749, 69.0165], [-3.3749, 69.0695], [-3.3749, 71.542], [-2.9249, 71.542], [-1.9249, 71.542], [-1.4349, 71.542], [-1.4349, 71.7], [-1.4349, 72.304], [-1.4349, 73.062], [-1.9149, 73.062], [-2.8169, 73.062], [-3.0274, 73.062], [-3.3749, 73.062], [-3.3749, 73.832], [-3.8049, 73.832], [-3.8049, 74.662]]]}, "properties": {"room_id": "B6-1.CR2", "building_id": "B6", "floor": 1}}, {"type": "Feature", "geometry": {"type": "Polygon", "coordinates": [[[-10.6049, 73.832], [-10.6049, 74.6302], [-10.608, 74.6307], [-11.8402, 71.2454], [-13.0566, 70.6243], [-13.1706, 70.6658], [-13.1702, 70.667], [-19.0378, 72.8026], [-19.0417, 72.804], [-19.0434, 72.8046], [-20.1573, 72.2289], [-20.8554, 70.3109], [-22.3083, 69.6228], [-23.0254, 69.885], [-23.0432, 69.8905], [-23.0476, 69.8918], [-24.0975, 69.4693], [-23.7811, 69.3536], [-23.8944, 69.0436], [-24.0916, 69.1157], [-24.7441, 67.3313], [-24.5468, 67.2591], [-24.6601, 66.9492], [-24.9769, 67.065], [-24.995, 66.9027], [-24.1049, 65.8745], [-24.1049, 66.412], [-23.2749, 66.412], [-23.2749, 65.882], [-21.9049, 65.882], [-21.9049, 66.412], [-21.0749, 66.412], [-21.0749, 66.3095], [-21.0749, 66.102], [-19.3899, 66.102], [-19.3899, 66.412], [-14.6899, 66.412], [-12.3899, 66.412], [-10.2049, 66.412], [-10.2049, 68.707], [-10.2049, 68.822], [-10.2049, 71.432], [-10.2049, 71.527], [-10.2049, 71.7795], [-10.2049, 73.832], [-10.6049, 73.832]]]}, "properties": {"room_id": "B6-1.LB1", "building_id": "B6", "floor": 1}}, {"type": "Feature", "geometry": {"type": "Polygon", "coordinates": [[[-12.6209, 24.6189], [-12.5974, 24.6275], [-12.8856, 25.4194], [-13.2331, 26.3742], [-13.3579, 26.717], [-13.6383, 27.4873], [-15.0851, 27.7494], [-16.0388, 26.6976], [-17.388, 26.3488], [-20.8717, 27.6168], [-21.9412, 27.1098], [-22.8462, 24.6232], [-22.2458, 23.5392], [-19.5182, 22.5465], [-18.7936, 22.2828], [-17.4311, 21.7868], [-17.1313, 21.6777], [-16.7243, 21.5296], [-16.0368, 21.5296], [-12.7899, 22.7114], [-12.346, 23.8638], [-12.6209, 24.6189]]]}, "properties": {"room_id": "B6-112", "building_id": "B6", "floor": 1}}, {"type": "Feature", "geometry": {"type": "Polygon", "coordinates": [[[-3.8049, 47.9045], [-3.8049, 50.8317], [-4.6916, 51.0692], [-5.3949, 51.9226], [-5.3949, 62.0365], [-5.3949, 62.076], [-5.6899, 62.076], [-5.8573, 62.076], [-6.1328, 62.076], [-20.9472, 62.076], [-21.2228, 62.076], [-21.3899, 62.076], [-21.8899, 62.076], [-21.9049, 62.076], [-21.9049, 62.9045], [-21.9049, 63.0642], [-21.9049, 63.202], [-21.9049, 65.782], [-22.0504, 65.782], [-23.1294, 65.782], [-24.1662, 65.782], [-24.309, 65.8148], [-25.0949, 66.9057], [-25.0449, 66.9042], [-24.9336, 67.2102], [-25.0307, 67.2455], [-24.9495, 67.4676], [-24.8527, 67.4325], [-24.2268, 69.1521], [-24.321, 69.1864], [-24.2348, 69.4222], [-24.1425, 69.3796], [-24.1407, 69.3838], [-24.2337, 69.425], [-23.0192, 69.9891], [-23.0476, 69.8918], [-23.0432, 69.8905], [-23.0164, 69.9882], [-22.2739, 69.7167], [-22.2727, 69.7162], [-22.2364, 69.703], [-20.9493, 70.3453], [-20.2517, 72.262], [-19.0062, 72.8961], [-19.0417, 72.804], [-19.0378, 72.8026], [-19.004, 72.8954], [-17.3049, 72.2769], [-17.3049, 73.6865], [-17.3049, 73.8395], [-17.3049, 74.647], [-17.3049, 74.8075], [-17.3049, 75.4965], [-31.5399, 75.4965], [-31.5399, 19.397], [6.9751, 19.397], [6.9751, 19.791], [6.8726, 19.791], [-3.7024, 19.791], [-3.8049, 19.791], [-3.8049, 20.247], [-3.8049, 21.062], [-3.3749, 21.062], [-3.3749, 23.8145], [-3.3749, 23.9186], [-3.3749, 26.947], [-3.7899, 26.947], [-3.7899, 26.9395], [-3.8049, 26.9395], [-3.8049, 26.947], [-3.8049, 27.747], [-3.8049, 27.7545], [-3.7899, 27.7545], [-3.7899, 27.747], [-3.3749, 27.747], [-3.3749, 30.9695], [-3.3749, 33.532], [-3.8049, 33.532], [-3.8049, 34.3545], [-3.8049, 40.2895], [-3.8049, 41.2045], [-3.8049, 46.9895], [-3.8049, 47.9045], [-3.8049, 47.9045]], [[-10.6049, 34.362], [-9.7749, 34.362], [-9.7749, 33.532], [-10.6049, 33.532], [-10.6049, 34.362]], [[-16.4749, 20.247], [-16.5849, 20.247], [-16.5849, 20.232], [-17.1949, 20.232], [-17.1949, 20.247], [-17.3049, 20.247], [-17.3049, 21.062], [-16.4749, 21.062], [-16.4749, 20.247]], [[-17.3049, 27.762], [-16.4749, 27.762], [-16.4749, 26.932], [-17.3049, 26.932], [-17.3049, 27.762]], [[-17.3049, 34.362], [-16.4749, 34.362], [-16.4749, 33.532], [-17.3049, 33.532], [-17.3049, 34.362]], [[-13.1392, 26.4084], [-13.2331, 26.3742], [-12.8856, 25.4194], [-12.8151, 25.4451], [-12.5269, 24.6531], [-12.2521, 23.898], [-12.7493, 22.6197], [-16.0026, 21.4356], [-16.7585, 21.4356], [-17.1655, 21.5838], [-17.4653, 21.6929], [-17.4311, 21.7868], [-18.7936, 22.2828], [-18.8278, 22.1888], [-19.5524, 22.4525], [-22.2802, 23.4454], [-22.9426, 24.6508], [-22.035, 27.1445], [-20.8385, 27.7111], [-17.3538, 26.4428], [-16.1136, 26.764], [-15.1596, 27.8162], [-13.5446, 27.5223], [-13.2639, 26.7512], [-13.1392, 26.4084]], [[-21.6499, 60.347], [-6.1599, 60.347], [-6.1599, 35.987], [-21.6499, 35.987], [-21.6499, 60.347]], [[-10.1975, 19.791], [-10.7249, 19.791], [-10.7249, 20.0865], [-10.7249, 21.2075], [-10.7249, 26.7865], [-10.7249, 27.9075], [-10.7249, 31.082], [-10.3955, 31.082], [-10.295, 31.082], [-10.2425, 31.0721], [-9.6415, 31.0721], [-9.5875, 31.0721], [-5.1749, 31.072], [-5.1749, 26.557], [-5.553, 26.557], [-6.5149, 26.557], [-6.9199, 26.557], [-6.9199, 24.957], [-6.5149, 24.957], [-5.553, 24.957], [-5.1749, 24.957], [-5.1749, 19.791], [-5.2849, 19.791], [-10.1975, 19.791]]]}, "properties": {"room_id": "B6-1.TR1", "building_id": "B6", "floor": 1}}, {"type": "Feature", "geometry": {"type": "Polygon", "coordinates": [[[16.1951, 33.532], [16.1951, 34.042], [6.9751, 34.042], [6.9751, 33.032], [6.3651, 33.032], [6.3651, 27.762], [6.9676, 27.762], [6.9676, 27.747], [6.9751, 27.747], [6.9751, 26.932], [6.3651, 26.932], [6.3651, 24.7472], [6.3651, 24.6397], [6.3651, 21.062], [6.9751, 21.062], [6.9751, 20.247], [6.9751, 20.1036], [6.9751, 19.891], [6.9751, 19.397], [17.8601, 19.397], [17.8601, 33.5395], [17.1811, 33.5395], [17.0101, 33.5395], [17.0101, 33.532], [16.1951, 33.532]], [[16.1951, 21.062], [17.0251, 21.062], [17.0251, 20.232], [16.1951, 20.232], [16.1951, 21.062]], [[17.0251, 27.762], [17.0251, 26.932], [16.1951, 26.932], [16.1951, 27.762], [17.0251, 27.762]]]}, "properties": {"room_id": "B6-109", "building_id": "B6", "floor": 1}}, {"type": "Feature", "geometry": {"type": "Polygon", "coordinates": [[[-9.9999, 71.337], [-9.9999, 68.902], [-7.7849, 68.902], [-7.7849, 71.337], [-7.8665, 71.337], [-9.9999, 71.337]]]}, "properties": {"room_id": "B6-EV - 01", "building_id": "B6", "floor": 1}}, {"type": "Feature", "geometry": {"type": "Polygon", "coordinates": [[[6.1601, 20.247], [6.1601, 21.047], [6.1601, 24.5372], [2.8601, 24.5372], [2.8601, 23.822], [2.8601, 20.102], [6.1601, 20.102], [6.1601, 20.247]]]}, "properties": {"room_id": "B6-EV - 02", "building_id": "B6", "floor": 1}}, {"type": "Feature", "geometry": {"type": "Polygon", "coordinates": [[[-17.3049, 74.662], [-16.4749, 74.662], [-16.4749, 73.832], [-17.3049, 73.832], [-17.3049, 72.2769], [-13.1364, 70.7597], [-13.0279, 70.7202], [-11.9334, 71.2816], [-10.702, 74.6649], [-10.6898, 74.6983], [-10.5795, 75.0014], [-10.5326, 74.9843], [-10.5326, 75.206], [-10.5326, 75.4965], [-17.3049, 75.4965], [-17.3049, 74.662]]]}, "properties": {"room_id": "B6-1.P", "building_id": "B6", "floor": 1}}, {"type": "Feature", "geometry": {"type": "Polygon", "coordinates": [[[-5.9976, 66.412], [-5.1749, 66.412], [-5.1749, 68.702], [-5.8899, 68.702], [-5.8899, 68.712], [-7.0899, 68.712], [-7.0899, 68.702], [-8.2899, 68.702], [-8.2899, 68.712], [-9.4899, 68.712], [-9.4899, 68.702], [-10.2049, 68.702], [-10.2049, 66.412], [-7.6901, 66.412], [-5.9976, 66.412]]]}, "properties": {"room_id": "B6-1.CR1", "building_id": "B6", "floor": 1}}, {"type": "Feature", "geometry": {"type": "Polygon", "coordinates": [[[10.6551, 75.103], [10.6551, 68.932], [16.5001, 68.932], [16.5017, 68.932], [17.2311, 68.932], [17.2311, 65.432], [16.5151, 65.432], [16.5151, 63.232], [17.1251, 63.232], [17.1251, 62.207], [17.2311, 62.207], [17.2311, 59.527], [16.5151, 59.527], [16.5151, 55.277], [17.2311, 55.277], [17.2311, 53.6315], [17.2311, 48.0575], [17.2311, 46.8365], [17.2311, 41.3575], [17.2311, 40.1365], [17.2311, 34.4625], [17.2311, 33.5395], [17.8601, 33.5395], [17.8601, 75.4965], [-10.5326, 75.4965], [-10.5326, 75.103], [-10.2904, 75.103], [-5.3799, 75.103], [-5.2849, 75.103], [-5.1299, 75.103], [-5.1299, 74.997], [-4.1199, 74.997], [-4.1199, 75.103], [4.7101, 75.103], [4.7101, 74.997], [5.7201, 74.997], [5.7201, 75.103], [10.5451, 75.103], [10.6551, 75.103]], [[16.1951, 74.662], [17.0251, 74.662], [17.0251, 73.832], [16.1951, 73.832], [16.1951, 74.662]]]}, "properties": {"room_id": "B6-1.TR2", "building_id": "B6", "floor": 1}}, {"type": "Feature", "geometry": {"type": "Polygon", "coordinates": [[[-6.5599, 59.947], [-21.2482, 59.947], [-21.2482, 36.387], [-6.5599, 36.387], [-6.5599, 59.947]]]}, "properties": {"room_id": "B6-1.TR3", "building_id": "B6", "floor": 1}}, {"type": "Feature", "geometry": {"type": "Polygon", "coordinates": [[[16.1951, 60.687], [10.6851, 60.687], [10.6851, 54.052], [16.1951, 54.052], [16.1951, 54.5545], [16.1951, 55.0704], [16.1951, 55.1745], [16.1951, 59.6295], [16.1951, 60.447], [16.1951, 60.687]]]}, "properties": {"room_id": "B6-107B", "building_id": "B6", "floor": 1}}, {"type": "Feature", "geometry": {"type": "Polygon", "coordinates": [[[10.6851, 60.687], [6.9751, 60.687], [6.9751, 60.432], [6.4651, 60.432], [6.4651, 59.472], [6.4651, 55.062], [6.9751, 55.062], [6.9751, 54.052], [10.6851, 54.052], [10.6851, 60.687]]]}, "properties": {"room_id": "B6-107A", "building_id": "B6", "floor": 1}}, {"type": "Feature", "geometry": {"type": "Polygon", "coordinates": [[[16.1951, 33.532], [16.1951, 34.042], [6.9751, 34.042], [6.9751, 33.032], [6.5251, 33.032], [6.5251, 27.762], [6.9751, 27.762], [6.9751, 26.932], [6.5251, 26.932], [6.5251, 24.7438], [6.5251, 24.7422], [6.5251, 21.062], [6.9751, 21.062], [6.9751, 20.247], [6.9751, 20.117], [16.1951, 20.117], [16.1951, 20.247], [16.1951, 21.062], [17.0101, 21.062], [17.1401, 21.062], [17.1401, 26.932], [17.0101, 26.932], [16.1951, 26.932], [16.1951, 27.762], [17.0101, 27.762], [17.1401, 27.762], [17.1401, 33.532], [17.0101, 33.532], [16.1951, 33.532], [16.1951, 34.042], [6.9751, 34.042], [6.9751, 33.032], [6.5251, 33.032], [6.5251, 27.762], [6.9751, 27.762], [6.9751, 26.932], [6.5251, 26.932], [6.5251, 24.7438], [6.5251, 24.7422], [6.5251, 21.062], [6.9751, 21.062], [6.9751, 20.247], [6.9751, 20.117], [16.1951, 20.117], [16.1951, 20.247], [16.1951, 21.062], [17.0101, 21.062], [17.1401, 21.062], [17.1401, 26.932], [17.0101, 26.932], [16.1951, 26.932], [16.1951, 27.762], [17.0101, 27.762], [17.1401, 27.762], [17.1401, 33.532], [17.0101, 33.532], [16.1951, 33.532]]]}, "properties": {"room_id": "B6-213", "building_id": "B6", "floor": 2}}, {"type": "Feature", "geometry": {"type": "Polygon", "coordinates": [[[-24.1049, 73.832], [-24.1049, 74.647], [-24.1049, 74.777], [-29.8749, 74.777], [-29.8749, 74.647], [-29.8749, 73.832], [-30.6899, 73.832], [-30.8199, 73.832], [-30.8199, 71.007], [-26.3499, 71.007], [-23.4949, 71.007], [-23.4949, 73.832], [-24.1049, 73.832]]]}, "properties": {"room_id": "B6-234", "building_id": "B6", "floor": 2}}, {"type": "Feature", "geometry": {"type": "Polygon", "coordinates": [[[-30.6899, 67.962], [-29.8899, 67.962], [-29.5849, 67.962], [-29.5849, 67.657], [-26.4599, 67.657], [-26.4599, 70.787], [-30.8199, 70.787], [-30.8199, 67.962], [-30.6899, 67.962]]]}, "properties": {"room_id": "B6-233", "building_id": "B6", "floor": 2}}, {"type": "Feature", "geometry": {"type": "Polygon", "coordinates": [[[-29.8899, 67.132], [-30.6899, 67.132], [-30.8199, 67.132], [-30.8199, 64.307], [-26.4599, 64.307], [-26.4599, 67.437], [-29.5849, 67.437], [-29.5849, 67.132], [-29.8899, 67.132]]]}, "properties": {"room_id": "B6-232", "building_id": "B6", "floor": 2}}, {"type": "Feature", "geometry": {"type": "Polygon", "coordinates": [[[-30.6899, 61.262], [-29.8749, 61.262], [-29.8749, 60.957], [-26.4599, 60.957], [-26.4599, 64.087], [-30.8199, 64.087], [-30.8199, 61.262], [-30.6899, 61.262]]]}, "properties": {"room_id": "B6-231", "building_id": "B6", "floor": 2}}, {"type": "Feature", "geometry": {"type": "Polygon", "coordinates": [[[-29.8749, 60.737], [-29.8749, 60.432], [-30.6899, 60.432], [-30.8199, 60.432], [-30.8199, 57.607], [-26.4599, 57.607], [-26.4599, 60.339], [-26.4599, 60.407], [-26.4599, 60.492], [-26.4599, 60.737], [-29.8749, 60.737]]]}, "properties": {"room_id": "B6-230", "building_id": "B6", "floor": 2}}, {"type": "Feature", "geometry": {"type": "Polygon", "coordinates": [[[-30.6899, 54.562], [-29.8749, 54.562], [-29.8749, 54.257], [-26.4599, 54.257], [-26.4599, 57.387], [-30.8199, 57.387], [-30.8199, 54.562], [-30.6899, 54.562]]]}, "properties": {"room_id": "B6-229", "building_id": "B6", "floor": 2}}, {"type": "Feature", "geometry": {"type": "Polygon", "coordinates": [[[-29.8749, 54.037], [-29.8749, 53.732], [-30.6899, 53.732], [-30.8199, 53.732], [-30.8199, 50.907], [-26.4599, 50.907], [-26.4599, 54.037], [-29.8749, 54.037]]]}, "properties": {"room_id": "B6-228", "building_id": "B6", "floor": 2}}, {"type": "Feature", "geometry": {"type": "Polygon", "coordinates": [[[-30.6899, 47.862], [-29.8749, 47.862], [-29.8749, 47.557], [-26.4599, 47.557], [-26.4599, 50.687], [-30.8199, 50.687], [-30.8199, 47.862], [-30.6899, 47.862]]]}, "properties": {"room_id": "B6-227", "building_id": "B6", "floor": 2}}, {"type": "Feature", "geometry": {"type": "Polygon", "coordinates": [[[-29.8749, 47.337], [-29.8749, 47.032], [-30.6899, 47.032], [-30.8199, 47.032], [-30.8199, 44.207], [-26.4599, 44.207], [-26.4599, 47.337], [-29.8749, 47.337]]]}, "properties": {"room_id": "B6-226", "building_id": "B6", "floor": 2}}, {"type": "Feature", "geometry": {"type": "Polygon", "coordinates": [[[-30.6899, 41.162], [-29.8749, 41.162], [-29.8749, 40.857], [-26.4599, 40.857], [-26.4599, 43.987], [-30.8199, 43.987], [-30.8199, 41.162], [-30.6899, 41.162]]]}, "properties": {"room_id": "B6-225", "building_id": "B6", "floor": 2}}, {"type": "Feature", "geometry": {"type": "Polygon", "coordinates": [[[-29.8749, 40.637], [-29.8749, 40.332], [-30.6899, 40.332], [-30.8199, 40.332], [-30.8199, 37.507], [-26.4599, 37.507], [-26.4599, 40.637], [-29.8749, 40.637]]]}, "properties": {"room_id": "B6-224", "building_id": "B6", "floor": 2}}, {"type": "Feature", "geometry": {"type": "Polygon", "coordinates": [[[-30.6899, 34.362], [-29.8749, 34.362], [-29.8749, 34.157], [-26.4599, 34.157], [-26.4599, 35.967], [-26.4599, 37.287], [-30.8199, 37.287], [-30.8199, 34.362], [-30.6899, 34.362]]]}, "properties": {"room_id": "B6-223", "building_id": "B6", "floor": 2}}, {"type": "Feature", "geometry": {"type": "Polygon", "coordinates": [[[-29.8749, 33.937], [-29.8749, 33.532], [-30.6899, 33.532], [-30.8199, 33.532], [-30.8199, 30.807], [-26.4599, 30.807], [-26.4599, 33.937], [-29.8749, 33.937]]]}, "properties": {"room_id": "B6-222", "building_id": "B6", "floor": 2}}, {"type": "Feature", "geometry": {"type": "Polygon", "coordinates": [[[-30.6899, 27.762], [-29.8749, 27.762], [-29.8749, 27.457], [-26.4599, 27.457], [-26.4599, 30.587], [-30.8199, 30.587], [-30.8199, 27.762], [-30.6899, 27.762]]]}, "properties": {"room_id": "B6-221", "building_id": "B6", "floor": 2}}, {"type": "Feature", "geometry": {"type": "Polygon", "coordinates": [[[-29.8749, 27.237], [-29.8749, 26.932], [-30.6899, 26.932], [-30.8199, 26.932], [-30.8199, 24.107], [-26.4599, 24.107], [-26.4599, 27.237], [-29.8749, 27.237]]]}, "properties": {"room_id": "B6-220", "building_id": "B6", "floor": 2}}, {"type": "Feature", "geometry": {"type": "Polygon", "coordinates": [[[-30.6899, 21.062], [-29.8749, 21.062], [-29.8749, 20.247], [-29.8749, 20.117], [-24.1049, 20.117], [-24.1049, 20.247], [-24.1049, 21.0545], [-24.1049, 23.887], [-26.3499, 23.887], [-30.8199, 23.887], [-30.8199, 21.062], [-30.6899, 21.062]]]}, "properties": {"room_id": "B6-219", "building_id": "B6", "floor": 2}}, {"type": "Feature", "geometry": {"type": "Polygon", "coordinates": [[[-17.3049, 27.762], [-16.9999, 27.762], [-16.9999, 29.857], [-21.3533, 29.857], [-21.4765, 29.857], [-23.2733, 29.857], [-23.3965, 29.857], [-23.8849, 29.857], [-23.8849, 27.762], [-23.2749, 27.762], [-23.2749, 26.932], [-23.8849, 26.932], [-23.8849, 23.997], [-23.8849, 21.062], [-23.2749, 21.062], [-23.2749, 20.247], [-23.2749, 20.117], [-17.3049, 20.117], [-17.3049, 20.247], [-17.3049, 21.062], [-16.9999, 21.062], [-16.9999, 26.932], [-17.3049, 26.932], [-17.3049, 27.762]]]}, "properties": {"room_id": "B6-218", "building_id": "B6", "floor": 2}}, {"type": "Feature", "geometry": {"type": "Polygon", "coordinates": [[[-16.7799, 27.762], [-16.4749, 27.762], [-16.4749, 26.932], [-16.7799, 26.932], [-16.7799, 21.062], [-16.4749, 21.062], [-16.4749, 20.247], [-16.4749, 20.117], [-10.6049, 20.117], [-10.6049, 20.2395], [-10.6049, 21.062], [-10.2949, 21.062], [-10.2949, 26.932], [-10.6049, 26.932], [-10.6049, 27.762], [-10.2949, 27.762], [-10.2949, 29.857], [-12.0933, 29.857], [-12.2165, 29.857], [-16.7799, 29.857], [-16.7799, 27.762]]]}, "properties": {"room_id": "B6-217", "building_id": "B6", "floor": 2}}, {"type": "Feature", "geometry": {"type": "Polygon", "coordinates": [[[-16.4749, 74.647], [-16.4749, 73.832], [-17.3049, 73.832], [-17.3049, 74.647], [-17.3049, 74.777], [-23.2749, 74.777], [-23.2749, 74.647], [-23.2749, 73.8395], [-23.2749, 70.897], [-23.2749, 69.897], [-22.0265, 69.897], [-21.9033, 69.897], [-20.0465, 69.897], [-19.9233, 69.897], [-12.9515, 69.897], [-12.8283, 69.897], [-11.3915, 69.897], [-11.2683, 69.897], [-10.2049, 69.897], [-10.2049, 71.432], [-10.2049, 71.527], [-10.2049, 71.5286], [-10.2049, 71.7795], [-10.2049, 73.832], [-10.6049, 73.832], [-10.6049, 74.6545], [-10.6049, 74.777], [-16.4749, 74.777], [-16.4749, 74.647]]]}, "properties": {"room_id": "B6-235", "building_id": "B6", "floor": 2}}, {"type": "Feature", "geometry": {"type": "Polygon", "coordinates": [[[6.9751, 74.6545], [6.9751, 73.832], [6.3651, 73.832], [6.3651, 68.932], [10.3701, 68.932], [10.3701, 74.777], [6.9751, 74.777], [6.9751, 74.6545]]]}, "properties": {"room_id": "B6-203", "building_id": "B6", "floor": 2}}, {"type": "Feature", "geometry": {"type": "Polygon", "coordinates": [[[16.1951, 73.832], [16.1951, 74.647], [16.1951, 74.777], [10.5901, 74.777], [10.5901, 68.932], [13.7301, 68.932], [13.7301, 65.972], [17.1401, 65.972], [17.1401, 67.132], [17.0101, 67.132], [16.1951, 67.132], [16.1951, 67.962], [17.0101, 67.962], [17.1401, 67.962], [17.1401, 73.832], [17.0101, 73.832], [16.1951, 73.832]]]}, "properties": {"room_id": "B6-204", "building_id": "B6", "floor": 2}}, {"type": "Feature", "geometry": {"type": "Polygon", "coordinates": [[[-6.5149, 26.787], [-6.5149, 26.777], [-5.4049, 26.777], [-5.4049, 27.987], [-6.0049, 27.987], [-6.0049, 28.127], [-5.4049, 28.127], [-5.4049, 30.842], [-9.525, 30.842], [-9.525, 24.967], [-7.1499, 24.967], [-7.1499, 26.647], [-7.6499, 26.647], [-7.6499, 26.787], [-6.5149, 26.787]]]}, "properties": {"room_id": "B6-2.WC4", "building_id": "B6", "floor": 2}}, {"type": "Feature", "geometry": {"type": "Polygon", "coordinates": [[[-5.4049, 24.737], [-6.5149, 24.737], [-6.5149, 24.727], [-9.525, 24.727], [-9.525, 20.127], [-5.4049, 20.127], [-5.4049, 22.927], [-6.0049, 22.927], [-6.0049, 23.067], [-5.4049, 23.067], [-5.4049, 24.737]]]}, "properties": {"room_id": "B6-2.WC5", "building_id": "B6", "floor": 2}}, {"type": "Feature", "geometry": {"type": "Polygon", "coordinates": [[[16.1951, 61.262], [17.0101, 61.262], [17.1401, 61.262], [17.1401, 65.752], [13.6201, 65.752], [7.6251, 65.752], [7.6251, 54.052], [16.1951, 54.052], [16.1951, 54.562], [17.0101, 54.562], [17.1401, 54.562], [17.1401, 60.432], [17.0101, 60.432], [16.1951, 60.432], [16.1951, 61.262], [17.0101, 61.262], [17.1401, 61.262], [17.1401, 65.752], [13.6201, 65.752], [7.6251, 65.752], [7.6251, 54.052], [16.1951, 54.052], [16.1951, 54.562], [17.0101, 54.562], [17.1401, 54.562], [17.1401, 60.432], [17.0101, 60.432], [16.1951, 60.432], [16.1951, 61.262]]]}, "properties": {"room_id": "B6-208", "building_id": "B6", "floor": 2}}, {"type": "Feature", "geometry": {"type": "Polygon", "coordinates": [[[6.1451, 55.062], [6.9751, 55.062], [6.9751, 54.052], [7.6251, 54.052], [7.6251, 65.752], [-1.29, 65.752], [-1.29, 62.407], [-1.07, 62.407], [-1.07, 60.542], [-1.07, 60.407], [-1.07, 60.389], [-1.07, 54.052], [6.1451, 54.052], [6.1451, 55.062], [6.9751, 55.062], [6.9751, 54.052], [7.6251, 54.052], [7.6251, 65.752], [-1.29, 65.752], [-1.29, 62.407], [-1.07, 62.407], [-1.07, 60.542], [-1.07, 60.407], [-1.07, 60.389], [-1.07, 54.052], [6.1451, 54.052], [6.1451, 55.062]], [[6.1451, 61.262], [6.9751, 61.262], [6.9751, 60.432], [6.1451, 60.432], [6.1451, 61.262], [6.9751, 61.262], [6.9751, 60.432], [6.1451, 60.432], [6.1451, 61.262]]]}, "properties": {"room_id": "B6-207", "building_id": "B6", "floor": 2}}, {"type": "Feature", "geometry": {"type": "Polygon", "coordinates": [[[-3.8049, 73.832], [-3.8049, 74.662], [-3.8049, 74.777], [-5.1749, 74.777], [-5.1749, 74.4295], [-5.1749, 73.062], [-5.553, 73.062], [-6.4049, 73.062], [-6.4049, 71.7795], [-6.4049, 71.7254], [-6.4049, 71.542], [-5.1749, 71.542], [-5.1749, 68.697], [-3.3749, 68.697], [-3.3749, 69.0165], [-3.3749, 69.0695], [-3.3749, 71.542], [-2.9249, 71.542], [-1.9249, 71.542], [-1.4349, 71.542], [-1.4349, 71.7], [-1.4349, 72.304], [-1.4349, 73.062], [-1.9149, 73.062], [-2.8169, 73.062], [-3.0274, 73.062], [-3.3749, 73.062], [-3.3749, 73.832], [-3.8049, 73.832]]]}, "properties": {"room_id": "B6-2.CR2", "building_id": "B6", "floor": 2}}, {"type": "Feature", "geometry": {"type": "Polygon", "coordinates": [[[10.4801, 68.712], [6.2551, 68.712], [4.4426, 68.712], [-1.29, 68.712], [-1.29, 65.972], [7.6251, 65.972], [13.5101, 65.972], [13.5101, 68.712], [10.4801, 68.712]], [[6.9601, 67.547], [6.9601, 68.347], [6.9751, 68.347], [6.9751, 67.532], [6.1451, 67.532], [6.1451, 68.3545], [6.1601, 68.3545], [6.1601, 67.547], [6.9601, 67.547]]]}, "properties": {"room_id": "B6-2.CR3", "building_id": "B6", "floor": 2}}, {"type": "Feature", "geometry": {"type": "Polygon", "coordinates": [[[-3.8049, 61.262], [-2.9749, 61.262], [-2.9749, 60.652], [-1.333, 60.652], [-1.29, 60.652], [-1.29, 62.407], [-1.29, 65.7504], [-1.29, 65.752], [-1.29, 65.862], [-1.29, 68.712], [-1.3749, 68.712], [-3.1199, 68.712], [-3.1199, 68.697], [-3.4255, 68.697], [-5.1244, 68.697], [-5.1749, 68.697], [-5.1749, 68.702], [-5.8899, 68.702], [-5.8899, 68.697], [-7.0899, 68.697], [-7.0899, 68.702], [-8.2899, 68.702], [-8.2899, 68.697], [-9.4899, 68.697], [-9.4899, 68.702], [-10.2049, 68.702], [-10.2049, 68.712], [-10.2065, 68.712], [-11.3899, 68.712], [-11.3899, 69.677], [-12.8299, 69.677], [-12.8299, 68.712], [-20.0449, 68.712], [-20.0449, 69.677], [-21.9049, 69.677], [-21.9049, 68.712], [-23.4949, 68.712], [-23.4949, 69.6754], [-23.4949, 69.677], [-23.4949, 69.787], [-23.4949, 70.787], [-26.2399, 70.787], [-26.2399, 67.547], [-26.2399, 64.197], [-26.2399, 60.847], [-26.2399, 60.552], [-26.1969, 60.552], [-24.1049, 60.552], [-24.1049, 61.2545], [-24.1049, 61.637], [-23.3274, 61.637], [-21.9049, 61.637], [-21.9049, 62.197], [-21.8899, 62.197], [-21.8899, 62.292], [-21.9049, 62.292], [-21.9049, 62.9045], [-21.9049, 63.202], [-21.9049, 65.832], [-21.9049, 66.412], [-21.0824, 66.412], [-19.39, 66.412], [-14.69, 66.412], [-12.39, 66.412], [-7.6901, 66.412], [-7.4574, 66.412], [-5.9976, 66.412], [-5.1749, 66.412], [-5.1749, 65.8895], [-5.1749, 65.8804], [-5.1749, 63.202], [-5.1749, 63.0642], [-5.1749, 62.9045], [-5.1749, 62.1895], [-5.1749, 60.652], [-3.8049, 60.652], [-3.8049, 61.262]], [[-24.1049, 66.412], [-23.2749, 66.412], [-23.2749, 65.882], [-24.1049, 65.882], [-24.1049, 66.412]]]}, "properties": {"room_id": "B6-2.CR1", "building_id": "B6", "floor": 2}}, {"type": "Feature", "geometry": {"type": "Polygon", "coordinates": [[[-3.8049, 33.532], [-3.8049, 34.3545], [-3.8049, 40.2895], [-3.8049, 41.2045], [-3.8049, 46.9895], [-3.8049, 47.9045], [-3.8049, 53.7395], [-3.8049, 54.562], [-2.9749, 54.562], [-2.9749, 54.052], [-1.29, 54.052], [-1.29, 60.432], [-2.9824, 60.432], [-3.7974, 60.432], [-5.1749, 60.432], [-5.1749, 35.857], [-5.1749, 33.532], [-3.8049, 33.532]]]}, "properties": {"room_id": "B6-2.CR4", "building_id": "B6", "floor": 2}}, {"type": "Feature", "geometry": {"type": "Polygon", "coordinates": [[[6.1451, 27.762], [6.1451, 33.0395], [6.1451, 33.047], [6.1451, 34.042], [-2.9749, 34.042], [-2.9749, 33.532], [-3.7974, 33.532], [-3.9504, 33.532], [-5.1319, 33.532], [-5.2849, 33.532], [-6.4049, 33.532], [-6.4049, 31.072], [-5.2849, 31.072], [-5.1319, 31.072], [-3.4254, 31.072], [-2.9449, 31.072], [2.8751, 31.072], [2.8751, 27.347], [2.8751, 24.7522], [3.9751, 24.7522], [3.9751, 24.7432], [5.9251, 24.7432], [5.9251, 24.7422], [5.9751, 24.7422], [5.9751, 24.7522], [6.1451, 24.7522], [6.1451, 26.932], [6.1451, 27.762]]]}, "properties": {"room_id": "B6-2.CR5", "building_id": "B6", "floor": 2}}, {"type": "Feature", "geometry": {"type": "Polygon", "coordinates": [[[-3.3749, 26.947], [-3.7899, 26.947], [-3.7899, 26.9395], [-3.8049, 26.9395], [-3.8049, 26.947], [-3.8049, 27.747], [-3.8049, 27.7545], [-3.7899, 27.7545], [-3.7899, 27.747], [-3.3749, 27.747], [-3.3749, 31.072], [-5.1749, 31.072], [-5.1749, 26.557], [-5.553, 26.557], [-6.5149, 26.557], [-6.9199, 26.557], [-6.9199, 24.957], [-6.5149, 24.957], [-5.553, 24.957], [-5.1749, 24.957], [-5.1749, 20.117], [-3.8049, 20.117], [-3.8049, 20.247], [-3.8049, 21.062], [-3.3749, 21.062], [-3.3749, 23.8145], [-3.3749, 23.9186], [-3.3749, 26.947]]]}, "properties": {"room_id": "B6-2.CR6", "building_id": "B6", "floor": 2}}, {"type": "Feature", "geometry": {"type": "Polygon", "coordinates": [[[-24.1049, 53.7395], [-24.1049, 54.5545], [-24.1049, 54.7075], [-24.1049, 60.2865], [-24.1049, 60.432], [-26.2399, 60.432], [-26.2399, 57.497], [-26.2399, 54.147], [-26.2399, 50.797], [-26.2399, 47.447], [-26.2399, 44.097], [-26.2399, 40.747], [-26.2399, 37.397], [-26.2399, 35.967], [-26.2399, 34.047], [-26.2399, 30.697], [-26.2399, 27.347], [-26.2399, 24.107], [-24.1049, 24.107], [-24.1049, 26.9395], [-24.1049, 27.7545], [-24.1049, 29.967], [-24.1049, 30.077], [-24.1049, 30.0786], [-24.1049, 30.707], [-24.1049, 31.165], [-24.1049, 33.3865], [-24.1049, 33.5395], [-24.1049, 34.362], [-23.4949, 34.362], [-23.4949, 35.747], [-24.1049, 35.747], [-24.1049, 40.1865], [-24.1049, 40.3395], [-24.1049, 41.1545], [-24.1049, 41.3075], [-24.1049, 46.8865], [-24.1049, 47.0395], [-24.1049, 47.8545], [-24.1049, 48.0075], [-24.1049, 53.5865], [-24.1049, 53.7395]]]}, "properties": {"room_id": "B6-2.CR8", "building_id": "B6", "floor": 2}}, {"type": "Feature", "geometry": {"type": "Polygon", "coordinates": [[[-16.4824, 33.532], [-17.2974, 33.532], [-17.4504, 33.532], [-23.1294, 33.532], [-23.2824, 33.532], [-24.1049, 33.532], [-24.1049, 31.072], [-23.2749, 31.072], [-23.2749, 30.077], [-21.4749, 30.077], [-21.4749, 31.072], [-12.0949, 31.072], [-12.0949, 30.077], [-10.2949, 30.077], [-10.2949, 31.0721], [-9.6415, 31.0721], [-9.5875, 31.0721], [-6.6249, 31.072], [-6.6249, 33.532], [-9.6294, 33.532], [-9.7824, 33.532], [-10.5974, 33.532], [-10.7504, 33.532], [-16.3294, 33.532], [-16.4824, 33.532]]]}, "properties": {"room_id": "B6-2.CR7", "building_id": "B6", "floor": 2}}, {"type": "Feature", "geometry": {"type": "Polygon", "coordinates": [[[-21.085, 62.182], [-5.995, 62.182], [-5.995, 62.497], [-5.995, 63.202], [-5.4304, 63.202], [-5.3949, 63.202], [-5.3949, 65.882], [-5.9976, 65.882], [-7.4574, 65.882], [-7.6901, 65.882], [-12.39, 65.882], [-14.69, 65.882], [-19.39, 65.882], [-21.0824, 65.882], [-21.6849, 65.882], [-21.6849, 65.832], [-21.6849, 63.202], [-21.085, 63.202], [-21.085, 62.182]]]}, "properties": {"room_id": "B6-ST-01", "building_id": "B6", "floor": 2}}, {"type": "Feature", "geometry": {"type": "Polygon", "coordinates": [[[-3.1549, 21.062], [-2.9749, 21.062], [-2.9749, 20.452], [-2.2202, 20.452], [-1.4152, 20.452], [1.1298, 20.452], [1.9449, 20.452], [1.9449, 20.937], [1.9449, 23.417], [1.9449, 23.712], [-3.1549, 23.712], [-3.1549, 21.062]]]}, "properties": {"room_id": "B6-ST-02", "building_id": "B6", "floor": 2}}, {"type": "Feature", "geometry": {"type": "Polygon", "coordinates": [[[-2.9649, 73.182], [-1.9149, 73.182], [-1.9149, 73.192], [-1.3049, 73.192], [-1.3049, 72.592], [1.3851, 72.592], [1.3851, 73.302], [1.5251, 73.302], [1.5251, 71.842], [4.3151, 71.842], [4.3151, 74.767], [-2.9649, 74.767], [-2.9649, 73.182]]]}, "properties": {"room_id": "B6-2.WC1", "building_id": "B6", "floor": 2}}, {"type": "Feature", "geometry": {"type": "Polygon", "coordinates": [[[-1.3149, 72.452], [-1.3149, 71.552], [1.3851, 71.552], [1.3851, 72.452], [-1.3149, 72.452]]]}, "properties": {"room_id": "B6-2.JC1", "building_id": "B6", "floor": 2}}, {"type": "Feature", "geometry": {"type": "Polygon", "coordinates": [[[-1.9249, 71.412], [-1.9249, 71.422], [-2.9249, 71.422], [-2.9249, 71.412], [-3.1449, 71.412], [-3.1449, 69.232], [-1.4449, 69.232], [-1.4449, 71.412], [-1.9249, 71.412]]]}, "properties": {"room_id": "B6-2.WC3", "building_id": "B6", "floor": 2}}, {"type": "Feature", "geometry": {"type": "Polygon", "coordinates": [[[-6.4049, 73.192], [-6.4049, 73.182], [-5.4049, 73.182], [-5.4049, 74.767], [-6.3949, 74.767], [-6.3949, 74.367], [-6.5349, 74.367], [-6.5349, 74.767], [-8.1449, 74.767], [-8.1449, 74.367], [-8.2849, 74.367], [-8.2849, 74.767], [-9.7649, 74.767], [-9.7649, 73.822], [-9.9749, 73.822], [-9.9749, 71.842], [-6.5349, 71.842], [-6.5349, 73.192], [-6.4049, 73.192]]]}, "properties": {"room_id": "B6-2.WC2", "building_id": "B6", "floor": 2}}, {"type": "Feature", "geometry": {"type": "Polygon", "coordinates": [[[-10.3849, 34.362], [-9.7749, 34.362], [-9.7749, 33.532], [-6.5149, 33.532], [-6.5149, 33.752], [-5.3949, 33.752], [-5.3949, 35.747], [-10.3849, 35.747], [-10.3849, 34.362]]]}, "properties": {"room_id": "B6-214", "building_id": "B6", "floor": 2}}, {"type": "Feature", "geometry": {"type": "Polygon", "coordinates": [[[-17.3049, 34.362], [-16.4749, 34.362], [-16.4749, 35.747], [-21.7949, 35.747], [-23.2749, 35.747], [-23.2749, 34.3545], [-23.2749, 33.532], [-17.3049, 33.532], [-17.3049, 34.362]]]}, "properties": {"room_id": "B6-215", "building_id": "B6", "floor": 2}}, {"type": "Feature", "geometry": {"type": "Polygon", "coordinates": [[[-16.4749, 34.3545], [-16.4749, 33.532], [-10.6049, 33.532], [-10.6049, 34.3545], [-10.6049, 35.747], [-16.4749, 35.747], [-16.4749, 34.5075], [-16.4749, 34.3545]]]}, "properties": {"room_id": "B6-216", "building_id": "B6", "floor": 2}}, {"type": "Feature", "geometry": {"type": "Polygon", "coordinates": [[[-23.2749, 61.2545], [-23.2749, 60.432], [-24.1049, 60.432], [-24.1049, 54.562], [-23.2824, 54.562], [-23.2824, 54.547], [-21.9049, 54.547], [-21.9049, 61.417], [-23.2749, 61.417], [-23.2749, 61.2545]]]}, "properties": {"room_id": "B6-236", "building_id": "B6", "floor": 2}}, {"type": "Feature", "geometry": {"type": "Polygon", "coordinates": [[[-23.2749, 54.547], [-23.2749, 53.732], [-24.1049, 53.732], [-24.1049, 47.862], [-23.2749, 47.862], [-23.2749, 47.032], [-24.1049, 47.032], [-24.1049, 41.162], [-23.2749, 41.162], [-23.2749, 40.332], [-24.1049, 40.332], [-24.1049, 35.967], [-23.3849, 35.967], [-21.9049, 35.967], [-21.9049, 54.547], [-23.2749, 54.547]]]}, "properties": {"room_id": "B6-237", "building_id": "B6", "floor": 2}}, {"type": "Feature", "geometry": {"type": "Polygon", "coordinates": [[[6.1451, 73.8395], [6.1451, 74.647], [6.1451, 74.777], [4.5451, 74.777], [4.5451, 71.7795], [4.5451, 71.482], [4.5451, 68.932], [6.1451, 68.932], [6.1451, 73.8395]]]}, "properties": {"room_id": "B6-238", "building_id": "B6", "floor": 2}}, {"type": "Feature", "geometry": {"type": "Polygon", "coordinates": [[[-7.5949, 71.337], [-7.5949, 68.917], [-5.3799, 68.917], [-5.3799, 71.337], [-6.4033, 71.337], [-6.4574, 71.337], [-6.5115, 71.337], [-7.5949, 71.337]]]}, "properties": {"room_id": "B6-EV-01", "building_id": "B6", "floor": 2}}, {"type": "Feature", "geometry": {"type": "Polygon", "coordinates": [[[6.1601, 20.247], [6.1601, 21.047], [6.1601, 24.5372], [6.1451, 24.5372], [5.9751, 24.5372], [5.9251, 24.5372], [2.8601, 24.5372], [2.8601, 23.822], [2.8601, 20.102], [6.1601, 20.102], [6.1601, 20.247]]]}, "properties": {"room_id": "B6-EV-02", "building_id": "B6", "floor": 2}}, {"type": "Feature", "geometry": {"type": "Polygon", "coordinates": [[[16.1951, 26.932], [16.1951, 27.762], [17.0101, 27.762], [17.1401, 27.762], [17.1401, 30.537], [11.0101, 30.537], [11.0101, 27.702], [11.0101, 26.432], [17.1401, 26.432], [17.1401, 26.932], [17.0101, 26.932], [16.1951, 26.932]]]}, "properties": {"room_id": "B6-309", "building_id": "B6", "floor": 3}}, {"type": "Feature", "geometry": {"type": "Polygon", "coordinates": [[[16.1951, 21.062], [17.0101, 21.062], [17.1401, 21.062], [17.1401, 26.212], [11.0117, 26.212], [10.8201, 26.212], [9.6901, 26.212], [7.7101, 26.212], [6.5251, 26.212], [6.5251, 24.7463], [6.5251, 24.7422], [6.5251, 21.062], [6.9751, 21.062], [6.9751, 20.247], [6.9751, 20.117], [16.1951, 20.117], [16.1951, 20.247], [16.1951, 21.062]]]}, "properties": {"room_id": "B6-312", "building_id": "B6", "floor": 3}}, {"type": "Feature", "geometry": {"type": "Polygon", "coordinates": [[[16.1951, 34.362], [17.0101, 34.362], [17.1401, 34.362], [17.1401, 37.062], [7.6351, 37.062], [7.6351, 33.092], [7.6351, 30.917], [10.6451, 30.917], [10.8201, 30.917], [17.1401, 30.917], [17.1401, 33.532], [17.0101, 33.532], [16.1951, 33.532], [16.1951, 34.362], [17.0101, 34.362], [17.1401, 34.362], [17.1401, 37.062], [7.6351, 37.062], [7.6351, 33.092], [7.6351, 30.917], [10.6451, 30.917], [10.8201, 30.917], [17.1401, 30.917], [17.1401, 33.532], [17.0101, 33.532], [16.1951, 33.532], [16.1951, 34.362]]]}, "properties": {"room_id": "B6-308", "building_id": "B6", "floor": 3}}, {"type": "Feature", "geometry": {"type": "Polygon", "coordinates": [[[17.1401, 40.282], [15.3026, 40.282], [7.6351, 40.282], [7.6351, 38.772], [7.6351, 37.282], [17.1401, 37.282], [17.1401, 40.282]]]}, "properties": {"room_id": "B6-307", "building_id": "B6", "floor": 3}}, {"type": "Feature", "geometry": {"type": "Polygon", "coordinates": [[[15.2951, 41.212], [17.1401, 41.212], [17.1401, 46.982], [15.3026, 46.982], [7.6351, 46.982], [7.6351, 45.072], [7.6351, 40.502], [15.2951, 40.502], [15.2951, 41.212], [17.1401, 41.212], [17.1401, 46.982], [15.3026, 46.982], [7.6351, 46.982], [7.6351, 45.072], [7.6351, 40.502], [15.2951, 40.502], [15.2951, 41.212]]]}, "properties": {"room_id": "B6-306", "building_id": "B6", "floor": 3}}, {"type": "Feature", "geometry": {"type": "Polygon", "coordinates": [[[15.2951, 47.912], [17.1401, 47.912], [17.1401, 50.827], [7.6351, 50.827], [7.6351, 47.202], [15.2951, 47.202], [15.2951, 47.912]]]}, "properties": {"room_id": "B6-305", "building_id": "B6", "floor": 3}}, {"type": "Feature", "geometry": {"type": "Polygon", "coordinates": [[[-1.9749, 47.912], [-1.9749, 47.202], [3.5251, 47.202], [3.5251, 50.767], [2.8651, 50.767], [-1.5799, 50.767], [-2.9692, 50.767], [-2.9692, 50.667], [-3.1542, 50.667], [-3.1542, 48.467], [-2.9692, 48.467], [-2.9692, 47.912], [-1.9749, 47.912]]]}, "properties": {"room_id": "B6-313", "building_id": "B6", "floor": 3}}, {"type": "Feature", "geometry": {"type": "Polygon", "coordinates": [[[-2.9749, 46.982], [-2.9749, 46.7895], [-3.1599, 46.7895], [-3.1599, 44.5895], [-2.9749, 44.5895], [-2.9749, 42.362], [3.5251, 42.362], [3.5251, 46.982], [-1.9824, 46.982], [-2.9749, 46.982]]]}, "properties": {"room_id": "B6-314", "building_id": "B6", "floor": 3}}, {"type": "Feature", "geometry": {"type": "Polygon", "coordinates": [[[-1.9749, 41.212], [-1.9749, 40.282], [-3.1599, 40.282], [-3.1599, 38.082], [-2.9749, 38.082], [-2.9749, 37.922], [3.5251, 37.922], [3.5251, 42.142], [-2.9749, 42.142], [-2.9749, 41.212], [-1.9749, 41.212]]]}, "properties": {"room_id": "B6-315", "building_id": "B6", "floor": 3}}, {"type": "Feature", "geometry": {"type": "Polygon", "coordinates": [[[-2.9749, 34.3545], [-2.9749, 33.752], [-1.5999, 33.752], [2.8051, 33.752], [3.5251, 33.752], [3.5251, 37.702], [-2.9749, 37.702], [-2.9749, 37.502], [-3.1599, 37.502], [-3.1599, 35.302], [-2.9749, 35.302], [-2.9749, 34.3545]]]}, "properties": {"room_id": "B6-316", "building_id": "B6", "floor": 3}}, {"type": "Feature", "geometry": {"type": "Polygon", "coordinates": [[[-30.6899, 21.062], [-29.8749, 21.062], [-29.8749, 20.247], [-29.8749, 20.117], [-24.1049, 20.117], [-24.1049, 20.247], [-24.1049, 21.0545], [-24.1049, 23.887], [-26.3499, 23.887], [-30.8199, 23.887], [-30.8199, 21.062], [-30.6899, 21.062]]]}, "properties": {"room_id": "B6-320", "building_id": "B6", "floor": 3}}, {"type": "Feature", "geometry": {"type": "Polygon", "coordinates": [[[-29.8749, 27.237], [-29.8749, 26.932], [-30.6899, 26.932], [-30.8199, 26.932], [-30.8199, 24.107], [-26.4599, 24.107], [-26.4599, 27.237], [-29.8749, 27.237]]]}, "properties": {"room_id": "B6-321", "building_id": "B6", "floor": 3}}, {"type": "Feature", "geometry": {"type": "Polygon", "coordinates": [[[-30.6899, 27.762], [-29.8749, 27.762], [-29.8749, 27.457], [-26.4599, 27.457], [-26.4599, 30.587], [-30.8199, 30.587], [-30.8199, 27.762], [-30.6899, 27.762]]]}, "properties": {"room_id": "B6-322", "building_id": "B6", "floor": 3}}, {"type": "Feature", "geometry": {"type": "Polygon", "coordinates": [[[-29.8749, 33.937], [-29.8749, 33.532], [-30.6899, 33.532], [-30.8199, 33.532], [-30.8199, 30.807], [-26.4599, 30.807], [-26.4599, 33.937], [-29.8749, 33.937]]]}, "properties": {"room_id": "B6-323", "building_id": "B6", "floor": 3}}, {"type": "Feature", "geometry": {"type": "Polygon", "coordinates": [[[-30.6899, 34.362], [-29.8749, 34.362], [-29.8749, 34.157], [-26.4599, 34.157], [-26.4599, 35.967], [-26.4599, 37.287], [-30.8199, 37.287], [-30.8199, 34.362], [-30.6899, 34.362]]]}, "properties": {"room_id": "B6-324", "building_id": "B6", "floor": 3}}, {"type": "Feature", "geometry": {"type": "Polygon", "coordinates": [[[-29.8749, 40.637], [-29.8749, 40.332], [-30.6899, 40.332], [-30.8199, 40.332], [-30.8199, 37.507], [-26.4599, 37.507], [-26.4599, 40.637], [-29.8749, 40.637]]]}, "properties": {"room_id": "B6-325", "building_id": "B6", "floor": 3}}, {"type": "Feature", "geometry": {"type": "Polygon", "coordinates": [[[-30.6899, 41.162], [-29.8749, 41.162], [-29.8749, 40.857], [-26.4599, 40.857], [-26.4599, 43.987], [-30.8199, 43.987], [-30.8199, 41.162], [-30.6899, 41.162]]]}, "properties": {"room_id": "B6-326", "building_id": "B6", "floor": 3}}, {"type": "Feature", "geometry": {"type": "Polygon", "coordinates": [[[-29.8749, 47.337], [-29.8749, 47.032], [-30.6899, 47.032], [-30.8199, 47.032], [-30.8199, 44.207], [-26.4599, 44.207], [-26.4599, 47.337], [-29.8749, 47.337]]]}, "properties": {"room_id": "B6-327", "building_id": "B6", "floor": 3}}, {"type": "Feature", "geometry": {"type": "Polygon", "coordinates": [[[-30.6899, 47.862], [-29.8749, 47.862], [-29.8749, 47.557], [-26.4599, 47.557], [-26.4599, 50.687], [-30.8199, 50.687], [-30.8199, 47.862], [-30.6899, 47.862]]]}, "properties": {"room_id": "B6-328", "building_id": "B6", "floor": 3}}, {"type": "Feature", "geometry": {"type": "Polygon", "coordinates": [[[-29.8749, 54.037], [-29.8749, 53.732], [-30.6899, 53.732], [-30.8199, 53.732], [-30.8199, 50.907], [-26.4599, 50.907], [-26.4599, 54.037], [-29.8749, 54.037]]]}, "properties": {"room_id": "B6-329", "building_id": "B6", "floor": 3}}, {"type": "Feature", "geometry": {"type": "Polygon", "coordinates": [[[-30.6899, 54.562], [-29.8749, 54.562], [-29.8749, 54.257], [-26.4599, 54.257], [-26.4599, 57.387], [-30.8199, 57.387], [-30.8199, 54.562], [-30.6899, 54.562]]]}, "properties": {"room_id": "B6-330", "building_id": "B6", "floor": 3}}, {"type": "Feature", "geometry": {"type": "Polygon", "coordinates": [[[-29.8749, 60.737], [-29.8749, 60.432], [-30.6899, 60.432], [-30.8199, 60.432], [-30.8199, 57.607], [-26.4599, 57.607], [-26.4599, 60.389], [-26.4599, 60.422], [-26.4599, 60.542], [-26.4599, 60.737], [-29.8749, 60.737]]]}, "properties": {"room_id": "B6-331", "building_id": "B6", "floor": 3}}, {"type": "Feature", "geometry": {"type": "Polygon", "coordinates": [[[-30.6899, 61.262], [-29.8749, 61.262], [-29.8749, 60.957], [-26.4599, 60.957], [-26.4599, 64.087], [-30.8199, 64.087], [-30.8199, 61.262], [-30.6899, 61.262]]]}, "properties": {"room_id": "B6-332", "building_id": "B6", "floor": 3}}, {"type": "Feature", "geometry": {"type": "Polygon", "coordinates": [[[-29.8899, 67.132], [-30.6899, 67.132], [-30.8199, 67.132], [-30.8199, 64.307], [-26.4599, 64.307], [-26.4599, 67.437], [-29.5849, 67.437], [-29.5849, 67.132], [-29.8899, 67.132]]]}, "properties": {"room_id": "B6-333", "building_id": "B6", "floor": 3}}, {"type": "Feature", "geometry": {"type": "Polygon", "coordinates": [[[-30.6899, 67.962], [-29.8899, 67.962], [-29.5849, 67.962], [-29.5849, 67.657], [-26.4599, 67.657], [-26.4599, 70.787], [-30.8199, 70.787], [-30.8199, 67.962], [-30.6899, 67.962]]]}, "properties": {"room_id": "B6-334", "building_id": "B6", "floor": 3}}, {"type": "Feature", "geometry": {"type": "Polygon", "coordinates": [[[-24.1049, 73.832], [-24.1049, 74.647], [-24.1049, 74.777], [-29.8749, 74.777], [-29.8749, 74.647], [-29.8749, 73.832], [-30.6899, 73.832], [-30.8199, 73.832], [-30.8199, 71.007], [-26.3499, 71.007], [-23.4949, 71.007], [-23.4949, 73.832], [-24.1049, 73.832]]]}, "properties": {"room_id": "B6-335", "building_id": "B6", "floor": 3}}, {"type": "Feature", "geometry": {"type": "Polygon", "coordinates": [[[-16.4749, 74.647], [-16.4749, 73.832], [-17.3049, 73.832], [-17.3049, 74.647], [-17.3049, 74.777], [-23.2749, 74.777], [-23.2749, 74.647], [-23.2749, 73.8395], [-23.2749, 70.897], [-23.2749, 69.897], [-22.0265, 69.897], [-21.9033, 69.897], [-20.0465, 69.897], [-19.9233, 69.897], [-12.9515, 69.897], [-12.8283, 69.897], [-11.3915, 69.897], [-11.2683, 69.897], [-10.2049, 69.897], [-10.2049, 71.432], [-10.2049, 71.527], [-10.2049, 71.5286], [-10.2049, 71.7795], [-10.2049, 73.832], [-10.6049, 73.832], [-10.6049, 74.6545], [-10.6049, 74.777], [-16.4749, 74.777], [-16.4749, 74.647], [-16.4749, 73.832], [-17.3049, 73.832], [-17.3049, 74.647], [-17.3049, 74.777], [-23.2749, 74.777], [-23.2749, 74.647], [-23.2749, 73.8395], [-23.2749, 70.897], [-23.2749, 69.897], [-22.0265, 69.897], [-21.9033, 69.897], [-20.0465, 69.897], [-19.9233, 69.897], [-12.9515, 69.897], [-12.8283, 69.897], [-11.3915, 69.897], [-11.2683, 69.897], [-10.2049, 69.897], [-10.2049, 71.432], [-10.2049, 71.527], [-10.2049, 71.5286], [-10.2049, 71.7795], [-10.2049, 73.832], [-10.6049, 73.832], [-10.6049, 74.6545], [-10.6049, 74.777], [-16.4749, 74.777], [-16.4749, 74.647]]]}, "properties": {"room_id": "B6-336", "building_id": "B6", "floor": 3}}, {"type": "Feature", "geometry": {"type": "Polygon", "coordinates": [[[6.9751, 74.6545], [6.9751, 73.832], [6.3651, 73.832], [6.3651, 69.032], [7.7001, 69.032], [9.6801, 69.032], [14.0501, 69.032], [15.6101, 69.032], [17.1401, 69.032], [17.1401, 73.832], [17.0101, 73.832], [16.1951, 73.832], [16.1951, 74.647], [16.1951, 74.777], [6.9751, 74.777], [6.9751, 74.6545]]]}, "properties": {"room_id": "B6-303", "building_id": "B6", "floor": 3}}, {"type": "Feature", "geometry": {"type": "Polygon", "coordinates": [[[-2.9649, 73.182], [-1.9149, 73.182], [-1.9149, 73.192], [-1.3049, 73.192], [-1.3049, 72.592], [1.3851, 72.592], [1.3851, 73.302], [1.5251, 73.302], [1.5251, 71.842], [4.3151, 71.842], [4.3151, 74.767], [-2.9649, 74.767], [-2.9649, 73.182]]]}, "properties": {"room_id": "B6-3.WC1", "building_id": "B6", "floor": 3}}, {"type": "Feature", "geometry": {"type": "Polygon", "coordinates": [[[-1.3149, 72.452], [-1.3149, 71.552], [1.3851, 71.552], [1.3851, 72.452], [-1.3149, 72.452]]]}, "properties": {"room_id": "B6-3.JC1", "building_id": "B6", "floor": 3}}, {"type": "Feature", "geometry": {"type": "Polygon", "coordinates": [[[-1.9249, 71.412], [-1.9249, 71.422], [-2.9249, 71.422], [-2.9249, 71.412], [-3.1449, 71.412], [-3.1449, 69.232], [-1.4449, 69.232], [-1.4449, 71.412], [-1.9249, 71.412]]]}, "properties": {"room_id": "B6-3.WC3", "building_id": "B6", "floor": 3}}, {"type": "Feature", "geometry": {"type": "Polygon", "coordinates": [[[-6.4049, 73.192], [-6.4049, 73.182], [-5.4049, 73.182], [-5.4049, 74.767], [-6.3949, 74.767], [-6.3949, 74.367], [-6.5349, 74.367], [-6.5349, 74.767], [-8.1449, 74.767], [-8.1449, 74.367], [-8.2849, 74.367], [-8.2849, 74.767], [-9.7649, 74.767], [-9.7649, 73.822], [-9.9749, 73.822], [-9.9749, 71.842], [-6.5349, 71.842], [-6.5349, 73.192], [-6.4049, 73.192]]]}, "properties": {"room_id": "B6-3.WC2", "building_id": "B6", "floor": 3}}, {"type": "Feature", "geometry": {"type": "Polygon", "coordinates": [[[-16.7799, 27.762], [-16.4749, 27.762], [-16.4749, 26.932], [-16.7799, 26.932], [-16.7799, 21.062], [-16.4749, 21.062], [-16.4749, 20.247], [-16.4749, 20.117], [-10.6049, 20.117], [-10.6049, 20.2395], [-10.6049, 21.062], [-10.2949, 21.062], [-10.2949, 26.932], [-10.6049, 26.932], [-10.6049, 27.762], [-10.2949, 27.762], [-10.2949, 29.857], [-12.2933, 29.857], [-12.4165, 29.857], [-16.7799, 29.857], [-16.7799, 27.762]]]}, "properties": {"room_id": "B6-318", "building_id": "B6", "floor": 3}}, {"type": "Feature", "geometry": {"type": "Polygon", "coordinates": [[[-17.3049, 27.762], [-16.9999, 27.762], [-16.9999, 29.857], [-17.9499, 29.857], [-19.8683, 29.857], [-19.9915, 29.857], [-23.8849, 29.857], [-23.8849, 27.762], [-23.2749, 27.762], [-23.2749, 26.932], [-23.8849, 26.932], [-23.8849, 23.997], [-23.8849, 21.062], [-23.2749, 21.062], [-23.2749, 20.247], [-23.2749, 20.117], [-17.3049, 20.117], [-17.3049, 20.247], [-17.3049, 21.062], [-16.9999, 21.062], [-16.9999, 26.932], [-17.3049, 26.932], [-17.3049, 27.762]]]}, "properties": {"room_id": "B6-319", "building_id": "B6", "floor": 3}}, {"type": "Feature", "geometry": {"type": "Polygon", "coordinates": [[[-6.5149, 26.787], [-6.5149, 26.777], [-5.4049, 26.777], [-5.4049, 27.987], [-6.0049, 27.987], [-6.0049, 28.127], [-5.4049, 28.127], [-5.4049, 30.842], [-9.525, 30.842], [-9.525, 24.967], [-7.1499, 24.967], [-7.1499, 26.647], [-7.6499, 26.647], [-7.6499, 26.787], [-6.5149, 26.787]]]}, "properties": {"room_id": "B6-3.WC4", "building_id": "B6", "floor": 3}}, {"type": "Feature", "geometry": {"type": "Polygon", "coordinates": [[[-5.4049, 24.737], [-6.5149, 24.737], [-6.5149, 24.727], [-9.525, 24.727], [-9.525, 20.127], [-5.4049, 20.127], [-5.4049, 22.927], [-6.0049, 22.927], [-6.0049, 23.067], [-5.4049, 23.067], [-5.4049, 24.737]]]}, "properties": {"room_id": "B6-3.WC5", "building_id": "B6", "floor": 3}}, {"type": "Feature", "geometry": {"type": "Polygon", "coordinates": [[[-3.1549, 21.062], [-2.9749, 21.062], [-2.9749, 20.452], [-2.2202, 20.452], [-1.4152, 20.452], [1.1298, 20.452], [1.9348, 20.452], [1.9449, 20.452], [1.9449, 20.937], [1.9449, 23.417], [1.9449, 23.712], [-3.1549, 23.712], [-3.1549, 21.062]]]}, "properties": {"room_id": "B6-ST-02", "building_id": "B6", "floor": 3}}, {"type": "Feature", "geometry": {"type": "Polygon", "coordinates": [[[-3.8049, 73.832], [-3.8049, 74.662], [-3.8049, 74.777], [-5.1749, 74.777], [-5.1749, 74.4295], [-5.1749, 73.062], [-5.553, 73.062], [-6.4049, 73.062], [-6.4049, 71.7795], [-6.4049, 71.7254], [-6.4049, 71.542], [-5.1749, 71.542], [-5.1749, 68.697], [-3.3749, 68.697], [-3.3749, 69.0165], [-3.3749, 69.0695], [-3.3749, 71.542], [-2.9249, 71.542], [-1.9249, 71.542], [-1.4349, 71.542], [-1.4349, 71.7], [-1.4349, 72.304], [-1.4349, 73.062], [-1.9149, 73.062], [-2.8169, 73.062], [-3.0274, 73.062], [-3.3749, 73.062], [-3.3749, 73.832], [-3.8049, 73.832]]]}, "properties": {"room_id": "B6-3.CR2", "building_id": "B6", "floor": 3}}, {"type": "Feature", "geometry": {"type": "Polygon", "coordinates": [[[-3.8049, 61.262], [-3.2949, 61.262], [-3.2949, 62.502], [-1.5547, 62.502], [-1.5547, 68.712], [-2.9399, 68.712], [-2.9399, 68.697], [-3.4255, 68.697], [-5.1244, 68.697], [-5.1749, 68.697], [-5.1749, 68.702], [-5.8899, 68.702], [-5.8899, 68.697], [-7.0899, 68.697], [-7.0899, 68.702], [-8.2899, 68.702], [-8.2899, 68.697], [-9.4899, 68.697], [-9.4899, 68.702], [-10.2049, 68.702], [-10.2049, 68.712], [-10.2065, 68.712], [-11.3899, 68.712], [-11.3899, 69.677], [-12.8299, 69.677], [-12.8299, 68.712], [-20.0449, 68.712], [-20.0449, 69.677], [-21.9049, 69.677], [-21.9049, 68.712], [-23.4949, 68.712], [-23.4949, 69.6754], [-23.4949, 69.677], [-23.4949, 69.787], [-23.4949, 70.787], [-26.2399, 70.787], [-26.2399, 67.547], [-26.2399, 64.197], [-26.2399, 60.847], [-26.2399, 60.652], [-26.1969, 60.652], [-24.2277, 60.652], [-24.1049, 60.652], [-24.1049, 61.2545], [-24.1049, 61.637], [-23.3274, 61.637], [-21.9049, 61.637], [-21.9049, 62.197], [-21.8899, 62.197], [-21.8899, 62.292], [-21.9049, 62.292], [-21.9049, 62.9045], [-21.9049, 63.202], [-21.9049, 63.3398], [-21.9049, 65.832], [-21.9049, 66.412], [-21.0824, 66.412], [-19.6224, 66.412], [-19.39, 66.412], [-14.69, 66.412], [-12.39, 66.412], [-7.6901, 66.412], [-5.9976, 66.412], [-5.1749, 66.412], [-5.1749, 65.8895], [-5.1749, 65.8804], [-5.1749, 63.202], [-5.1749, 63.0642], [-5.1749, 62.9045], [-5.1749, 62.1895], [-5.1749, 60.652], [-3.8049, 60.652], [-3.8049, 61.262]], [[-24.1049, 66.412], [-23.2749, 66.412], [-23.2749, 65.882], [-24.1049, 65.882], [-24.1049, 66.412]]]}, "properties": {"room_id": "B6-3.CR1", "building_id": "B6", "floor": 3}}, {"type": "Feature", "geometry": {"type": "Polygon", "coordinates": [[[-23.2824, 47.032], [-24.0899, 47.032], [-24.0899, 41.162], [-23.2749, 41.162], [-23.2749, 40.332], [-24.0899, 40.332], [-24.0899, 35.967], [-23.0999, 35.967], [-21.9049, 35.967], [-21.9049, 47.032], [-23.1294, 47.032], [-23.2824, 47.032]]]}, "properties": {"room_id": "B6-339", "building_id": "B6", "floor": 3}}, {"type": "Feature", "geometry": {"type": "Polygon", "coordinates": [[[-24.0899, 53.7395], [-24.1049, 53.7395], [-24.1049, 54.5545], [-24.0899, 54.5545], [-24.0899, 60.432], [-26.2399, 60.432], [-26.2399, 57.497], [-26.2399, 54.147], [-26.2399, 50.797], [-26.2399, 47.447], [-26.2399, 44.097], [-26.2399, 40.747], [-26.2399, 37.397], [-26.2399, 35.967], [-26.2399, 34.047], [-26.2399, 30.697], [-26.2399, 27.347], [-26.2399, 24.107], [-24.1049, 24.107], [-24.1049, 26.9395], [-24.1049, 27.7545], [-24.1049, 29.967], [-24.1049, 31.1721], [-23.2099, 31.1721], [-23.2099, 33.532], [-23.2824, 33.532], [-24.1049, 33.532], [-24.1049, 34.362], [-23.2824, 34.362], [-23.2099, 34.362], [-23.2099, 35.747], [-23.9522, 35.747], [-24.0899, 35.747], [-24.0899, 36.01], [-24.0899, 40.3395], [-24.1049, 40.3395], [-24.1049, 41.1545], [-24.0899, 41.1545], [-24.0899, 47.0395], [-24.1049, 47.0395], [-24.1049, 47.8545], [-24.0899, 47.8545], [-24.0899, 53.7395]]]}, "properties": {"room_id": "B6-3.CR8", "building_id": "B6", "floor": 3}}, {"type": "Feature", "geometry": {"type": "Polygon", "coordinates": [[[-23.2749, 61.2545], [-23.2749, 60.432], [-24.0899, 60.432], [-24.0899, 60.389], [-24.0899, 54.562], [-23.2824, 54.562], [-23.2824, 54.547], [-21.9049, 54.547], [-21.9049, 61.417], [-23.2749, 61.417], [-23.2749, 61.2545]]]}, "properties": {"room_id": "B6-337", "building_id": "B6", "floor": 3}}, {"type": "Feature", "geometry": {"type": "Polygon", "coordinates": [[[-23.2749, 54.547], [-23.2749, 53.732], [-24.0899, 53.732], [-24.0899, 47.862], [-23.2749, 47.862], [-23.2749, 47.032], [-21.9049, 47.032], [-21.9049, 54.547], [-23.2749, 54.547]]]}, "properties": {"room_id": "B6-338", "building_id": "B6", "floor": 3}}, {"type": "Feature", "geometry": {"type": "Polygon", "coordinates": [[[-10.3849, 34.362], [-9.7749, 34.362], [-9.7749, 33.532], [-5.3949, 33.532], [-5.3949, 35.747], [-10.3849, 35.747], [-10.3849, 34.362]]]}, "properties": {"room_id": "B6-317", "building_id": "B6", "floor": 3}}, {"type": "Feature", "geometry": {"type": "Polygon", "coordinates": [[[-16.4824, 33.5395], [-16.4824, 33.532], [-17.2974, 33.532], [-17.2974, 33.5395], [-22.9899, 33.5395], [-22.9899, 31.0721], [-19.8699, 31.0721], [-19.8699, 30.077], [-18.0099, 30.077], [-18.0099, 31.0721], [-12.2949, 31.0721], [-12.2949, 30.077], [-10.2949, 30.077], [-10.2949, 31.0721], [-9.6415, 31.0721], [-9.5875, 31.0721], [-5.5449, 31.072], [-5.1319, 31.072], [-3.4254, 31.072], [-2.9049, 31.072], [-1.7099, 31.072], [-1.7099, 33.532], [-2.9824, 33.532], [-3.7974, 33.532], [-3.9504, 33.532], [-5.2849, 33.532], [-5.3049, 33.532], [-5.3965, 33.532], [-9.6294, 33.532], [-9.7824, 33.532], [-10.5974, 33.532], [-10.5974, 33.5395], [-16.4824, 33.5395]]]}, "properties": {"room_id": "B6-3.CR7", "building_id": "B6", "floor": 3}}, {"type": "Feature", "geometry": {"type": "Polygon", "coordinates": [[[-3.8049, 34.362], [-3.1949, 34.362], [-3.1949, 35.302], [-3.1599, 35.302], [-3.1599, 37.502], [-3.1949, 37.502], [-3.1949, 37.812], [-3.1949, 38.082], [-3.1599, 38.082], [-3.1599, 40.282], [-3.8049, 40.282], [-3.8049, 41.212], [-3.1949, 41.212], [-3.1949, 42.252], [-3.1949, 44.5895], [-3.1599, 44.5895], [-3.1599, 46.7895], [-3.1949, 46.7895], [-3.1949, 46.982], [-3.8049, 46.982], [-3.8049, 47.912], [-3.1892, 47.912], [-3.1892, 48.467], [-3.1542, 48.467], [-3.1542, 50.667], [-3.1892, 50.667], [-3.1892, 50.957], [-3.1892, 51.147], [-2.9692, 51.147], [-1.7399, 51.147], [-1.7399, 53.147], [-3.2949, 53.147], [-3.2949, 53.732], [-3.8049, 53.732], [-3.8049, 54.562], [-3.1599, 54.562], [-3.1599, 59.2092], [-3.1599, 59.4848], [-3.1599, 60.432], [-3.7974, 60.432], [-5.1749, 60.432], [-5.1749, 35.857], [-5.1749, 33.532], [-3.8049, 33.532], [-3.8049, 34.362]]]}, "properties": {"room_id": "B6-3.CR4", "building_id": "B6", "floor": 3}}, {"type": "Feature", "geometry": {"type": "Polygon", "coordinates": [[[-3.8049, 26.932], [-3.8049, 27.762], [-3.3749, 27.762], [-3.3749, 31.072], [-5.1749, 31.072], [-5.1749, 26.557], [-5.553, 26.557], [-6.5149, 26.557], [-6.9199, 26.557], [-6.9199, 24.957], [-6.5149, 24.957], [-5.553, 24.957], [-5.1749, 24.957], [-5.1749, 20.117], [-3.8049, 20.117], [-3.8049, 20.247], [-3.8049, 21.062], [-3.3749, 21.062], [-3.3749, 23.8145], [-3.3749, 23.9186], [-3.3749, 26.932], [-3.8049, 26.932]]]}, "properties": {"room_id": "B6-3.CR6", "building_id": "B6", "floor": 3}}, {"type": "Feature", "geometry": {"type": "Polygon", "coordinates": [[[6.1451, 27.762], [6.9676, 27.762], [6.9751, 27.762], [6.9767, 27.762], [7.7701, 27.762], [7.7701, 26.592], [9.6301, 26.592], [9.6301, 27.762], [10.6301, 27.762], [10.6301, 30.597], [7.3151, 30.597], [7.3151, 33.032], [6.9751, 33.032], [6.9601, 33.047], [6.1601, 33.047], [6.1601, 33.532], [3.7881, 33.532], [2.8051, 33.532], [-1.4899, 33.532], [-1.4899, 31.072], [2.8751, 31.072], [2.8751, 27.347], [2.8751, 24.7447], [3.9751, 24.7447], [3.9751, 24.7432], [5.9201, 24.7432], [5.9201, 24.7347], [5.9751, 24.7347], [5.9751, 24.7447], [6.1451, 24.7447], [6.1451, 26.402], [6.1451, 26.5795], [6.1451, 26.9395], [6.1451, 27.762]]]}, "properties": {"room_id": "B6-3.CR5", "building_id": "B6", "floor": 3}}, {"type": "Feature", "geometry": {"type": "Polygon", "coordinates": [[[6.1601, 33.532], [6.1601, 34.347], [6.1451, 34.362], [6.1451, 38.832], [7.3151, 38.832], [7.3151, 40.332], [6.9767, 40.332], [6.9751, 40.332], [6.9676, 40.332], [6.1451, 40.332], [6.1451, 41.1545], [6.1451, 41.162], [6.1451, 41.1636], [6.1451, 45.132], [7.3151, 45.132], [7.3151, 47.032], [6.9767, 47.032], [6.9751, 47.032], [6.9676, 47.032], [6.1451, 47.032], [6.1451, 47.8545], [6.1451, 47.862], [6.1451, 47.8636], [6.1451, 50.767], [3.7451, 50.767], [3.7451, 47.092], [3.7451, 42.252], [3.7451, 37.812], [3.7451, 33.532], [6.1601, 33.532]]]}, "properties": {"room_id": "B6-3.CR3", "building_id": "B6", "floor": 3}}, {"type": "Feature", "geometry": {"type": "Polygon", "coordinates": [[[6.1451, 55.062], [6.9751, 55.062], [6.9751, 59.347], [-3.1599, 59.347], [-3.1599, 54.562], [-2.9749, 54.562], [-2.9749, 53.747], [-2.9749, 53.7304], [-2.9749, 53.467], [-1.4199, 53.467], [-1.4199, 51.147], [2.8651, 51.147], [6.9751, 51.147], [6.9751, 53.732], [6.1451, 53.732], [6.1451, 55.062]]]}, "properties": {"room_id": "B6-304C", "building_id": "B6", "floor": 3}}, {"type": "Feature", "geometry": {"type": "Polygon", "coordinates": [[[16.1951, 54.562], [17.0101, 54.562], [17.1401, 54.562], [17.1401, 59.347], [6.9751, 59.347], [6.9751, 55.2075], [6.9751, 55.0545], [6.9751, 53.7395], [6.9751, 53.5865], [6.9751, 51.147], [7.4751, 51.147], [17.1401, 51.147], [17.1401, 53.732], [17.0101, 53.732], [16.1951, 53.732], [16.1951, 54.562]]]}, "properties": {"room_id": "B6-304B", "building_id": "B6", "floor": 3}}, {"type": "Feature", "geometry": {"type": "Polygon", "coordinates": [[[16.1951, 67.132], [16.1951, 67.532], [15.5501, 67.532], [15.5501, 68.712], [14.1101, 68.712], [14.1101, 67.532], [9.6201, 67.532], [9.6201, 68.712], [7.7601, 68.712], [7.7601, 67.532], [6.9767, 67.532], [6.9751, 67.532], [6.9751, 67.3865], [6.9751, 61.4075], [6.9751, 61.2545], [6.9751, 60.4395], [6.9751, 60.2865], [6.9751, 59.347], [17.1401, 59.347], [17.1401, 60.432], [17.0101, 60.432], [16.1951, 60.432], [16.1951, 61.262], [17.0101, 61.262], [17.1401, 61.262], [17.1401, 67.132], [17.0101, 67.132], [16.1951, 67.132]]]}, "properties": {"room_id": "B6-304A", "building_id": "B6", "floor": 3}}, {"type": "Feature", "geometry": {"type": "Polygon", "coordinates": [[[6.1451, 61.262], [6.9751, 61.262], [6.9751, 67.532], [6.1451, 67.532], [6.1451, 68.3545], [6.1451, 68.362], [6.1451, 68.3636], [6.1451, 68.712], [4.4426, 68.712], [-1.3749, 68.712], [-1.5547, 68.712], [-1.5547, 62.502], [-1.3697, 62.502], [-1.3697, 62.182], [-1.5547, 62.182], [-2.9749, 62.182], [-2.9749, 61.2545], [-2.9749, 60.432], [-3.1599, 60.432], [-3.1599, 59.347], [6.9751, 59.347], [6.9751, 60.432], [6.1451, 60.432], [6.1451, 61.262]]]}, "properties": {"room_id": "B6-304D", "building_id": "B6", "floor": 3}}, {"type": "Feature", "geometry": {"type": "Polygon", "coordinates": [[[-21.085, 62.182], [-5.995, 62.182], [-5.995, 63.202], [-5.4304, 63.202], [-5.3949, 63.202], [-5.3949, 65.882], [-5.9976, 65.882], [-6.0065, 65.882], [-7.6901, 65.882], [-12.39, 65.882], [-14.69, 65.882], [-19.39, 65.882], [-19.6224, 65.882], [-21.0824, 65.882], [-21.6849, 65.882], [-21.6849, 65.832], [-21.6849, 63.202], [-21.085, 63.202], [-21.085, 62.182]]]}, "properties": {"room_id": "B6-ST-01", "building_id": "B6", "floor": 3}}, {"type": "Feature", "geometry": {"type": "Polygon", "coordinates": [[[6.1451, 73.8395], [6.1451, 74.647], [6.1451, 74.777], [4.5451, 74.777], [4.5451, 71.7795], [4.5451, 71.482], [4.5451, 68.932], [6.1435, 68.932], [6.1451, 68.932], [6.1451, 73.8395]]]}, "properties": {"room_id": "B6-342", "building_id": "B6", "floor": 3}}, {"type": "Feature", "geometry": {"type": "Polygon", "coordinates": [[[-7.7849, 68.917], [-7.7849, 71.337], [-9.9983, 71.337], [-9.9999, 71.337], [-9.9999, 69.787], [-9.9999, 68.917], [-7.7849, 68.917]]]}, "properties": {"room_id": "B6-EV-01", "building_id": "B6", "floor": 3}}, {"type": "Feature", "geometry": {"type": "Polygon", "coordinates": [[[6.21, 20.2395], [6.1601, 20.247], [6.1601, 21.047], [6.21, 21.047], [6.21, 24.5297], [5.9751, 24.5297], [5.9201, 24.5297], [2.91, 24.5297], [2.91, 23.822], [2.91, 20.102], [6.21, 20.102], [6.21, 20.2395]]]}, "properties": {"room_id": "B6-EV-02", "building_id": "B6", "floor": 3}}, {"type": "Feature", "geometry": {"type": "Polygon", "coordinates": [[[-16.8899, 34.362], [-16.4749, 34.362], [-16.4749, 33.5395], [-10.6049, 33.5395], [-10.6049, 34.3545], [-10.6049, 35.747], [-16.8899, 35.747], [-16.8899, 34.362]]]}, "properties": {"room_id": "B6-341", "building_id": "B6", "floor": 3}}, {"type": "Feature", "geometry": {"type": "Polygon", "coordinates": [[[-17.3049, 34.362], [-16.8899, 34.362], [-16.8899, 35.747], [-21.7949, 35.747], [-22.9899, 35.747], [-22.9899, 34.362], [-22.9899, 33.5395], [-17.3049, 33.5395], [-17.3049, 34.362]]]}, "properties": {"room_id": "B6-340", "building_id": "B6", "floor": 3}}, {"type": "Feature", "geometry": {"type": "Polygon", "coordinates": [[[16.1951, 67.132], [16.1951, 67.532], [15.5501, 67.532], [15.5501, 68.712], [14.1101, 68.712], [14.1101, 67.532], [9.6201, 67.532], [9.6201, 68.712], [7.7601, 68.712], [7.7601, 67.532], [6.9767, 67.532], [6.9751, 67.532], [6.9676, 67.532], [6.1451, 67.532], [6.1451, 68.3545], [6.1451, 68.362], [6.1451, 68.3636], [6.1451, 68.712], [4.4426, 68.712], [-1.3749, 68.712], [-1.5547, 68.712], [-1.5547, 62.502], [-1.3697, 62.502], [-1.3697, 62.182], [-1.5547, 62.182], [-2.9749, 62.182], [-2.9749, 61.2545], [-2.9749, 60.432], [-3.1599, 60.432], [-3.1599, 54.562], [-2.9749, 54.562], [-2.9749, 53.747], [-2.9749, 53.7304], [-2.9749, 53.467], [-1.4199, 53.467], [-1.4199, 51.147], [2.8651, 51.147], [7.4751, 51.147], [17.1401, 51.147], [17.1401, 53.732], [17.0101, 53.732], [16.1951, 53.732], [16.1951, 54.562], [17.0101, 54.562], [17.1401, 54.562], [17.1401, 60.432], [17.0101, 60.432], [16.1951, 60.432], [16.1951, 61.262], [17.0101, 61.262], [17.1401, 61.262], [17.1401, 67.132], [17.0101, 67.132], [16.1951, 67.132]], [[6.1451, 61.262], [6.9751, 61.262], [6.9751, 60.432], [6.1451, 60.432], [6.1451, 61.262]], [[6.1451, 55.062], [6.9751, 55.062], [6.9751, 53.732], [6.1451, 53.732], [6.1451, 55.062]]]}, "properties": {"room_id": "B6-304", "building_id": "B6", "floor": 3}}, {"type": "Feature", "geometry": {"type": "Polygon", "coordinates": [[[16.1951, 60.432], [16.1951, 60.737], [12.7801, 60.737], [12.7801, 57.607], [17.1401, 57.607], [17.1401, 60.432], [17.0101, 60.432], [16.1951, 60.432]]]}, "properties": {"room_id": "B6-406", "building_id": "B6", "floor": 4}}, {"type": "Feature", "geometry": {"type": "Polygon", "coordinates": [[[16.1951, 54.562], [17.0101, 54.562], [17.1401, 54.562], [17.1401, 57.387], [12.7801, 57.387], [12.7801, 54.257], [16.1951, 54.257], [16.1951, 54.562]]]}, "properties": {"room_id": "B6-407", "building_id": "B6", "floor": 4}}, {"type": "Feature", "geometry": {"type": "Polygon", "coordinates": [[[16.1951, 53.732], [16.1951, 54.037], [12.7801, 54.037], [12.7801, 50.907], [17.1401, 50.907], [17.1401, 53.732], [17.0101, 53.732], [16.1951, 53.732]]]}, "properties": {"room_id": "B6-408", "building_id": "B6", "floor": 4}}, {"type": "Feature", "geometry": {"type": "Polygon", "coordinates": [[[16.1951, 47.862], [17.0101, 47.862], [17.1401, 47.862], [17.1401, 50.687], [12.7801, 50.687], [12.7801, 47.557], [16.1951, 47.557], [16.1951, 47.862]]]}, "properties": {"room_id": "B6-409", "building_id": "B6", "floor": 4}}, {"type": "Feature", "geometry": {"type": "Polygon", "coordinates": [[[16.1951, 47.032], [16.1951, 47.337], [12.7801, 47.337], [12.7801, 44.207], [17.1401, 44.207], [17.1401, 47.032], [17.0101, 47.032], [16.1951, 47.032]]]}, "properties": {"room_id": "B6-410", "building_id": "B6", "floor": 4}}, {"type": "Feature", "geometry": {"type": "Polygon", "coordinates": [[[16.1951, 41.162], [17.0101, 41.162], [17.1401, 41.162], [17.1401, 43.987], [12.7801, 43.987], [12.7801, 40.857], [16.1951, 40.857], [16.1951, 41.162]]]}, "properties": {"room_id": "B6-411", "building_id": "B6", "floor": 4}}, {"type": "Feature", "geometry": {"type": "Polygon", "coordinates": [[[16.1951, 40.332], [16.1951, 40.637], [12.7801, 40.637], [12.7801, 37.507], [17.1401, 37.507], [17.1401, 40.332], [17.0101, 40.332], [16.1951, 40.332]]]}, "properties": {"room_id": "B6-412", "building_id": "B6", "floor": 4}}, {"type": "Feature", "geometry": {"type": "Polygon", "coordinates": [[[16.1951, 34.362], [17.0101, 34.362], [17.1401, 34.362], [17.1401, 37.287], [12.7801, 37.287], [12.7801, 34.157], [16.1951, 34.157], [16.1951, 34.362]]]}, "properties": {"room_id": "B6-413", "building_id": "B6", "floor": 4}}, {"type": "Feature", "geometry": {"type": "Polygon", "coordinates": [[[16.1951, 33.532], [16.1951, 33.937], [12.7801, 33.937], [12.7801, 30.757], [17.1401, 30.757], [17.1401, 33.532], [17.0101, 33.532], [16.1951, 33.532]]]}, "properties": {"room_id": "B6-414", "building_id": "B6", "floor": 4}}, {"type": "Feature", "geometry": {"type": "Polygon", "coordinates": [[[16.1951, 27.457], [16.1951, 27.762], [17.0101, 27.762], [17.1401, 27.762], [17.1401, 30.537], [12.7801, 30.537], [12.7801, 27.457], [16.1951, 27.457]]]}, "properties": {"room_id": "B6-415", "building_id": "B6", "floor": 4}}, {"type": "Feature", "geometry": {"type": "Polygon", "coordinates": [[[16.1951, 26.932], [16.1951, 27.237], [12.6701, 27.237], [6.9751, 27.237], [6.9751, 26.932], [6.3651, 26.932], [6.3651, 24.7538], [6.3651, 24.7272], [6.3501, 24.6397], [6.3501, 21.062], [6.9751, 21.062], [6.9751, 20.247], [6.9751, 20.117], [16.1951, 20.117], [16.1951, 20.247], [16.1951, 21.062], [17.0101, 21.062], [17.1401, 21.062], [17.1401, 26.932], [17.0101, 26.932], [16.1951, 26.932]]]}, "properties": {"room_id": "B6-416", "building_id": "B6", "floor": 4}}, {"type": "Feature", "geometry": {"type": "Polygon", "coordinates": [[[6.9751, 74.6545], [6.9751, 73.832], [6.3651, 73.832], [6.3651, 68.932], [12.1631, 68.932], [12.1631, 74.777], [6.9751, 74.777], [6.9751, 74.6545], [6.9751, 73.832], [6.3651, 73.832], [6.3651, 68.932], [12.1631, 68.932], [12.1631, 74.777], [6.9751, 74.777], [6.9751, 74.6545]]]}, "properties": {"room_id": "B6-403", "building_id": "B6", "floor": 4}}, {"type": "Feature", "geometry": {"type": "Polygon", "coordinates": [[[16.1951, 73.832], [16.1951, 74.647], [16.1951, 74.777], [12.3831, 74.777], [12.3831, 68.932], [17.1401, 68.932], [17.1401, 73.832], [17.0101, 73.832], [16.1951, 73.832]]]}, "properties": {"room_id": "B6-404", "building_id": "B6", "floor": 4}}, {"type": "Feature", "geometry": {"type": "Polygon", "coordinates": [[[-10.6049, 73.832], [-10.6049, 74.6545], [-10.6049, 74.777], [-13.4299, 74.777], [-13.4299, 68.932], [-10.2049, 68.932], [-10.2049, 71.432], [-10.2049, 71.527], [-10.2049, 71.5286], [-10.2049, 71.7795], [-10.2049, 73.832], [-10.6049, 73.832]]]}, "properties": {"room_id": "B6-434", "building_id": "B6", "floor": 4}}, {"type": "Feature", "geometry": {"type": "Polygon", "coordinates": [[[-16.4749, 74.647], [-16.4749, 73.832], [-16.7799, 73.832], [-16.7799, 68.932], [-13.6499, 68.932], [-13.6499, 74.777], [-16.4749, 74.777], [-16.4749, 74.647]]]}, "properties": {"room_id": "B6-433", "building_id": "B6", "floor": 4}}, {"type": "Feature", "geometry": {"type": "Polygon", "coordinates": [[[-17.3049, 73.832], [-17.3049, 74.647], [-17.3049, 74.777], [-20.1299, 74.777], [-20.1299, 68.932], [-16.9999, 68.932], [-16.9999, 73.832], [-17.3049, 73.832]]]}, "properties": {"room_id": "B6-432", "building_id": "B6", "floor": 4}}, {"type": "Feature", "geometry": {"type": "Polygon", "coordinates": [[[-23.2749, 74.647], [-23.2749, 73.832], [-24.1049, 73.832], [-24.1049, 74.647], [-24.1049, 74.777], [-25.4899, 74.777], [-25.4899, 68.932], [-20.3499, 68.932], [-20.3499, 74.777], [-23.2749, 74.777], [-23.2749, 74.647]]]}, "properties": {"room_id": "B6-430", "building_id": "B6", "floor": 4}}, {"type": "Feature", "geometry": {"type": "Polygon", "coordinates": [[[-29.8749, 74.647], [-29.8749, 73.832], [-30.7049, 73.832], [-30.7049, 74.647], [-30.7049, 74.777], [-32.0699, 74.777], [-32.0699, 66.602], [-30.7065, 66.602], [-30.6974, 66.602], [-30.6883, 66.602], [-29.6915, 66.602], [-29.6374, 66.602], [-25.7099, 66.602], [-25.7099, 68.822], [-25.7099, 74.777], [-29.8749, 74.777], [-29.8749, 74.647]]]}, "properties": {"room_id": "B6-428", "building_id": "B6", "floor": 4}}, {"type": "Feature", "geometry": {"type": "Polygon", "coordinates": [[[-30.7049, 65.582], [-30.7049, 66.382], [-32.0699, 66.382], [-32.0699, 62.402], [-25.7099, 62.402], [-25.7099, 66.382], [-29.5849, 66.382], [-29.5849, 65.582], [-29.8899, 65.582], [-30.7049, 65.582]]]}, "properties": {"room_id": "B6-400", "building_id": "B6", "floor": 4}}, {"type": "Feature", "geometry": {"type": "Polygon", "coordinates": [[[-2.9749, 60.737], [-2.9749, 60.432], [-3.8049, 60.432], [-3.8049, 60.737], [-5.1749, 60.737], [-5.1749, 57.607], [-0.8349, 57.607], [-0.8349, 60.737], [-1.5199, 60.737], [-2.9749, 60.737]]]}, "properties": {"room_id": "B6-420", "building_id": "B6", "floor": 4}}, {"type": "Feature", "geometry": {"type": "Polygon", "coordinates": [[[-3.8049, 54.562], [-2.9749, 54.562], [-2.9749, 54.257], [-0.8349, 54.257], [-0.8349, 57.387], [-5.1749, 57.387], [-5.1749, 54.257], [-3.8049, 54.257], [-3.8049, 54.562]]]}, "properties": {"room_id": "B6-421", "building_id": "B6", "floor": 4}}, {"type": "Feature", "geometry": {"type": "Polygon", "coordinates": [[[-2.9749, 53.747], [-3.1354, 53.747], [-3.1799, 53.747], [-3.1799, 53.732], [-3.8049, 53.732], [-3.8049, 54.037], [-5.1749, 54.037], [-5.1749, 50.907], [-0.8349, 50.907], [-0.8349, 54.037], [-2.9749, 54.037], [-2.9749, 53.747]]]}, "properties": {"room_id": "B6-422", "building_id": "B6", "floor": 4}}, {"type": "Feature", "geometry": {"type": "Polygon", "coordinates": [[[-3.8049, 47.862], [-2.9749, 47.862], [-2.9749, 47.557], [-0.8349, 47.557], [-0.8349, 50.687], [-5.1749, 50.687], [-5.1749, 47.557], [-3.8049, 47.557], [-3.8049, 47.862]]]}, "properties": {"room_id": "B6-423", "building_id": "B6", "floor": 4}}, {"type": "Feature", "geometry": {"type": "Polygon", "coordinates": [[[-2.9749, 47.337], [-2.9749, 47.032], [-3.8049, 47.032], [-3.8049, 47.337], [-5.1749, 47.337], [-5.1749, 44.207], [-0.8349, 44.207], [-0.8349, 47.337], [-2.9749, 47.337]]]}, "properties": {"room_id": "B6-424", "building_id": "B6", "floor": 4}}, {"type": "Feature", "geometry": {"type": "Polygon", "coordinates": [[[-3.8049, 41.162], [-2.9749, 41.162], [-2.9749, 40.857], [-0.8349, 40.857], [-0.8349, 43.987], [-5.1749, 43.987], [-5.1749, 40.857], [-3.8049, 40.857], [-3.8049, 41.162]]]}, "properties": {"room_id": "B6-425", "building_id": "B6", "floor": 4}}, {"type": "Feature", "geometry": {"type": "Polygon", "coordinates": [[[-2.9749, 40.637], [-2.9749, 40.332], [-3.8049, 40.332], [-3.8049, 40.637], [-5.1749, 40.637], [-5.1749, 37.507], [-0.8349, 37.507], [-0.8349, 40.637], [-2.9749, 40.637]]]}, "properties": {"room_id": "B6-426", "building_id": "B6", "floor": 4}}, {"type": "Feature", "geometry": {"type": "Polygon", "coordinates": [[[-3.8049, 34.362], [-2.9749, 34.362], [-2.9749, 34.157], [-1.5299, 34.157], [-1.2399, 34.157], [-0.8349, 34.157], [-0.8349, 37.287], [-5.1749, 37.287], [-5.1749, 34.157], [-3.8049, 34.157], [-3.8049, 34.362]]]}, "properties": {"room_id": "B6-427", "building_id": "B6", "floor": 4}}, {"type": "Feature", "geometry": {"type": "Polygon", "coordinates": [[[6.1451, 41.162], [6.9751, 41.162], [6.9751, 40.857], [8.7051, 40.857], [8.7051, 43.877], [1.8951, 43.877], [1.7051, 43.877], [1.7051, 40.857], [6.1451, 40.857], [6.1451, 41.162]]]}, "properties": {"room_id": "B6-417", "building_id": "B6", "floor": 4}}, {"type": "Feature", "geometry": {"type": "Polygon", "coordinates": [[[-6.4049, 73.192], [-6.4049, 73.182], [-5.4049, 73.182], [-5.4049, 74.767], [-6.3949, 74.767], [-6.3949, 74.367], [-6.5349, 74.367], [-6.5349, 74.767], [-8.1449, 74.767], [-8.1449, 74.367], [-8.2849, 74.367], [-8.2849, 74.767], [-9.7649, 74.767], [-9.7649, 73.822], [-9.9749, 73.822], [-9.9749, 71.842], [-6.5349, 71.842], [-6.5349, 73.192], [-6.4049, 73.192]]]}, "properties": {"room_id": "B6-4.WC2", "building_id": "B6", "floor": 4}}, {"type": "Feature", "geometry": {"type": "Polygon", "coordinates": [[[-2.9649, 73.182], [-1.9149, 73.182], [-1.9149, 73.192], [-1.3049, 73.192], [-1.3049, 72.592], [1.3851, 72.592], [1.3851, 73.302], [1.5251, 73.302], [1.5251, 71.842], [4.3151, 71.842], [4.3151, 74.767], [-2.9649, 74.767], [-2.9649, 73.182]]]}, "properties": {"room_id": "B6-4.WC1", "building_id": "B6", "floor": 4}}, {"type": "Feature", "geometry": {"type": "Polygon", "coordinates": [[[-1.3149, 72.452], [-1.3149, 71.552], [1.3851, 71.552], [1.3851, 72.452], [-1.3149, 72.452]]]}, "properties": {"room_id": "B6-4.JC1", "building_id": "B6", "floor": 4}}, {"type": "Feature", "geometry": {"type": "Polygon", "coordinates": [[[-1.9249, 71.412], [-1.9249, 71.422], [-2.9249, 71.422], [-2.9249, 71.412], [-3.1449, 71.412], [-3.1449, 69.232], [-1.4449, 69.232], [-1.4449, 71.412], [-1.9249, 71.412]]]}, "properties": {"room_id": "B6-4.WC3", "building_id": "B6", "floor": 4}}, {"type": "Feature", "geometry": {"type": "Polygon", "coordinates": [[[-0.6149, 44.097], [-0.6149, 40.747], [-0.6149, 37.397], [-0.6149, 33.937], [1.4851, 33.937], [1.4851, 40.747], [1.4851, 44.097], [-0.6149, 44.097]]]}, "properties": {"room_id": "B6-4.CR4", "building_id": "B6", "floor": 4}}, {"type": "Feature", "geometry": {"type": "Polygon", "coordinates": [[[-2.9749, 33.937], [-2.9749, 33.532], [-3.8049, 33.532], [-3.8049, 33.937], [-5.1749, 33.937], [-5.1749, 20.587], [-5.1749, 20.117], [-3.8049, 20.117], [-3.8049, 20.247], [-3.8049, 21.062], [-3.3749, 21.062], [-3.3749, 23.8145], [-3.3749, 23.9186], [-3.3749, 26.947], [-3.7899, 26.947], [-3.7899, 26.9395], [-3.8049, 26.9395], [-3.8049, 26.947], [-3.8049, 27.747], [-3.8049, 27.7545], [-3.7899, 27.7545], [-3.7899, 27.747], [-3.3749, 27.747], [-3.3749, 31.072], [-1.6399, 31.072], [-1.6399, 33.937], [-2.9749, 33.937]]]}, "properties": {"room_id": "B6-4.CR5", "building_id": "B6", "floor": 4}}, {"type": "Feature", "geometry": {"type": "Polygon", "coordinates": [[[6.1451, 27.762], [6.9751, 27.762], [6.9751, 27.457], [12.5601, 27.457], [12.5601, 30.647], [12.5601, 33.937], [10.6501, 33.937], [10.6401, 33.937], [6.9751, 33.937], [6.9751, 33.532], [6.1451, 33.532], [6.1451, 33.937], [3.0751, 33.937], [1.8401, 33.937], [1.5951, 33.937], [-0.5719, 33.937], [-1.2399, 33.937], [-1.4199, 33.937], [-1.4199, 31.072], [2.8751, 31.072], [2.8751, 27.347], [2.8751, 24.7522], [3.9751, 24.7522], [3.9751, 24.7432], [5.9001, 24.7432], [5.9001, 24.7422], [5.9751, 24.7422], [5.9751, 24.7522], [6.1451, 24.7522], [6.1451, 26.9395], [6.1451, 27.762]]]}, "properties": {"room_id": "B6-4.LB1", "building_id": "B6", "floor": 4}}, {"type": "Feature", "geometry": {"type": "Polygon", "coordinates": [[[10.7601, 40.747], [10.7601, 33.937], [12.5601, 33.937], [12.5601, 34.047], [12.5601, 37.397], [12.5601, 40.747], [12.5601, 44.097], [10.7601, 44.097], [10.7601, 40.9], [10.7601, 40.747]]]}, "properties": {"room_id": "B6-4.CR3", "building_id": "B6", "floor": 4}}, {"type": "Feature", "geometry": {"type": "Polygon", "coordinates": [[[10.6898, 43.877], [8.9251, 43.877], [8.9251, 40.857], [10.7601, 40.857], [10.7601, 43.877], [10.6898, 43.877]]]}, "properties": {"room_id": "B6-418", "building_id": "B6", "floor": 4}}, {"type": "Feature", "geometry": {"type": "Polygon", "coordinates": [[[16.1951, 67.962], [17.0101, 67.962], [17.1401, 67.962], [17.1401, 68.712], [12.2731, 68.712], [6.2551, 68.712], [4.4426, 68.712], [-1.3749, 68.712], [-1.5199, 68.712], [-1.5199, 60.957], [-0.6149, 60.957], [-0.6149, 57.497], [-0.6149, 54.147], [-0.6149, 50.797], [-0.6149, 47.447], [-0.6149, 44.097], [1.4421, 44.097], [1.8951, 44.097], [8.8151, 44.097], [10.6898, 44.097], [10.8978, 44.097], [12.5601, 44.097], [12.5601, 47.447], [12.5601, 50.797], [12.5601, 54.147], [12.5601, 57.497], [12.5601, 60.957], [16.1951, 60.957], [16.1951, 61.262], [17.0101, 61.262], [17.1401, 61.262], [17.1401, 67.132], [17.0101, 67.132], [16.1951, 67.132], [16.1951, 67.962], [17.0101, 67.962], [17.1401, 67.962], [17.1401, 68.712], [12.2731, 68.712], [6.2551, 68.712], [4.4426, 68.712], [-1.3749, 68.712], [-1.5199, 68.712], [-1.5199, 60.957], [-0.6149, 60.957], [-0.6149, 57.497], [-0.6149, 54.147], [-0.6149, 50.797], [-0.6149, 47.447], [-0.6149, 44.097], [1.4421, 44.097], [1.8951, 44.097], [8.8151, 44.097], [10.6898, 44.097], [10.8978, 44.097], [12.5601, 44.097], [12.5601, 47.447], [12.5601, 50.797], [12.5601, 54.147], [12.5601, 57.497], [12.5601, 60.957], [16.1951, 60.957], [16.1951, 61.262], [17.0101, 61.262], [17.1401, 61.262], [17.1401, 67.132], [17.0101, 67.132], [16.1951, 67.132], [16.1951, 67.962]], [[6.1451, 47.862], [6.9751, 47.862], [6.9751, 47.032], [6.1451, 47.032], [6.1451, 47.862], [6.9751, 47.862], [6.9751, 47.032], [6.1451, 47.032], [6.1451, 47.862]], [[6.1451, 54.562], [6.9751, 54.562], [6.9751, 53.732], [6.1451, 53.732], [6.1451, 54.562], [6.9751, 54.562], [6.9751, 53.732], [6.1451, 53.732], [6.1451, 54.562]], [[6.1451, 61.262], [6.9751, 61.262], [6.9751, 60.432], [6.1451, 60.432], [6.1451, 61.262], [6.9751, 61.262], [6.9751, 60.432], [6.1451, 60.432], [6.1451, 61.262]], [[6.9751, 68.3454], [6.9751, 67.532], [6.1451, 67.532], [6.1451, 68.362], [6.9585, 68.362], [6.9751, 68.362], [6.9751, 68.3454], [6.9751, 67.532], [6.1451, 67.532], [6.1451, 68.362], [6.9585, 68.362], [6.9751, 68.362], [6.9751, 68.3454]]]}, "properties": {"room_id": "B6-405", "building_id": "B6", "floor": 4}}, {"type": "Feature", "geometry": {"type": "Polygon", "coordinates": [[[-3.8049, 73.832], [-3.8049, 74.662], [-3.8049, 74.777], [-4.0899, 74.777], [-5.1749, 74.777], [-5.1749, 74.4295], [-5.1749, 73.062], [-5.553, 73.062], [-6.4049, 73.062], [-6.4049, 71.7795], [-6.4049, 71.7254], [-6.4049, 71.542], [-5.1749, 71.542], [-5.1749, 68.8145], [-5.1749, 68.712], [-3.3749, 68.712], [-3.3749, 69.0165], [-3.3749, 69.0695], [-3.3749, 71.542], [-2.9249, 71.542], [-1.9249, 71.542], [-1.4349, 71.542], [-1.4349, 71.7], [-1.4349, 72.304], [-1.4349, 73.062], [-1.9149, 73.062], [-2.8169, 73.062], [-3.0274, 73.062], [-3.3749, 73.062], [-3.3749, 73.832], [-3.8049, 73.832]]]}, "properties": {"room_id": "B6-4.CR2", "building_id": "B6", "floor": 4}}, {"type": "Feature", "geometry": {"type": "Polygon", "coordinates": [[[-3.8049, 61.262], [-2.9749, 61.262], [-2.9749, 60.957], [-1.5199, 60.957], [-1.5199, 68.712], [-3.2724, 68.712], [-3.4255, 68.712], [-5.1733, 68.712], [-5.1749, 68.712], [-5.1749, 68.702], [-5.8899, 68.702], [-5.8899, 68.712], [-7.0899, 68.712], [-7.0899, 68.702], [-8.2899, 68.702], [-8.2899, 68.712], [-9.4899, 68.712], [-9.4899, 68.702], [-10.2049, 68.702], [-10.2049, 68.712], [-13.5399, 68.712], [-16.8899, 68.712], [-20.2399, 68.712], [-25.4899, 68.712], [-25.4899, 66.492], [-25.4899, 62.402], [-21.9049, 62.402], [-21.9049, 62.9045], [-21.9049, 63.202], [-21.9049, 63.3398], [-21.9049, 65.832], [-21.9049, 66.412], [-21.0824, 66.412], [-19.39, 66.412], [-14.69, 66.412], [-12.39, 66.412], [-7.6901, 66.412], [-7.4574, 66.412], [-5.9976, 66.412], [-5.1749, 66.412], [-5.1749, 65.8895], [-5.1749, 65.8804], [-5.1749, 63.3398], [-5.1749, 63.202], [-5.1749, 62.9045], [-5.1749, 62.1895], [-5.1749, 61.932], [-5.1749, 60.957], [-3.8049, 60.957], [-3.8049, 61.262]], [[-24.1049, 66.412], [-23.2749, 66.412], [-23.2749, 65.882], [-24.1049, 65.882], [-24.1049, 66.412]]]}, "properties": {"room_id": "B6-4.CR1", "building_id": "B6", "floor": 4}}, {"type": "Feature", "geometry": {"type": "Polygon", "coordinates": [[[6.9751, 40.637], [6.9751, 40.332], [6.1451, 40.332], [6.1451, 40.637], [1.7051, 40.637], [1.7051, 33.937], [1.8401, 33.937], [3.0751, 33.937], [6.1451, 33.937], [6.1451, 34.362], [6.9751, 34.362], [6.9751, 33.937], [10.5401, 33.937], [10.5401, 40.637], [8.8151, 40.637], [6.9751, 40.637]]]}, "properties": {"room_id": "B6-419", "building_id": "B6", "floor": 4}}, {"type": "Feature", "geometry": {"type": "Polygon", "coordinates": [[[-3.1549, 21.062], [-2.9749, 21.062], [-2.9749, 20.452], [-2.2202, 20.452], [-1.4152, 20.452], [1.1298, 20.452], [1.9348, 20.452], [1.9449, 20.452], [1.9449, 20.937], [1.9449, 23.417], [1.9449, 23.712], [-3.1549, 23.712], [-3.1549, 21.062]]]}, "properties": {"room_id": "B6-ST-02", "building_id": "B6", "floor": 4}}, {"type": "Feature", "geometry": {"type": "Polygon", "coordinates": [[[-21.085, 62.182], [-5.995, 62.182], [-5.995, 63.202], [-5.3949, 63.202], [-5.3949, 65.882], [-5.9976, 65.882], [-7.4574, 65.882], [-7.6901, 65.882], [-12.39, 65.882], [-14.69, 65.882], [-19.39, 65.882], [-21.0824, 65.882], [-21.6849, 65.882], [-21.6849, 65.832], [-21.6849, 63.202], [-21.085, 63.202], [-21.085, 62.182]]]}, "properties": {"room_id": "B6-ST-01", "building_id": "B6", "floor": 4}}, {"type": "Feature", "geometry": {"type": "Polygon", "coordinates": [[[-7.7849, 68.917], [-7.7849, 71.337], [-9.9983, 71.337], [-9.9999, 71.337], [-9.9999, 68.917], [-7.7849, 68.917]]]}, "properties": {"room_id": "B6-EV-01", "building_id": "B6", "floor": 4}}, {"type": "Feature", "geometry": {"type": "Polygon", "coordinates": [[[6.1601, 20.247], [6.1601, 21.047], [6.1601, 24.5372], [5.9751, 24.5372], [5.9001, 24.5372], [2.8601, 24.5372], [2.8601, 23.822], [2.8601, 20.102], [6.1601, 20.102], [6.1601, 20.247]]]}, "properties": {"room_id": "B6-EV-02", "building_id": "B6", "floor": 4}}, {"type": "Feature", "geometry": {"type": "Polygon", "coordinates": [[[6.1451, 73.8395], [6.1451, 74.647], [6.1451, 74.777], [4.5451, 74.777], [4.5451, 71.7795], [4.5451, 71.482], [4.5451, 68.932], [6.1451, 68.932], [6.1451, 73.8395], [6.1451, 74.647], [6.1451, 74.777], [4.5451, 74.777], [4.5451, 71.7795], [4.5451, 71.482], [4.5451, 68.932], [6.1451, 68.932], [6.1451, 73.8395]]]}, "properties": {"room_id": "B6-435", "building_id": "B6", "floor": 4}}, {"type": "Feature", "geometry": {"type": "Polygon", "coordinates": [[[-29.8749, 74.647], [-29.8749, 73.832], [-30.7049, 73.832], [-30.7049, 74.647], [-30.7049, 74.777], [-32.0699, 74.777], [-32.0699, 66.602], [-30.7065, 66.602], [-30.6899, 66.602], [-29.8899, 66.602], [-29.6374, 66.602], [-25.7099, 66.602], [-25.7099, 68.822], [-25.7099, 74.777], [-29.8749, 74.777], [-29.8749, 74.647]]]}, "properties": {"room_id": "B6-523", "building_id": "B6", "floor": 5}}, {"type": "Feature", "geometry": {"type": "Polygon", "coordinates": [[[-30.7049, 65.582], [-30.7049, 66.382], [-32.0699, 66.382], [-32.0699, 62.402], [-25.7099, 62.402], [-25.7099, 66.382], [-29.5849, 66.382], [-29.5849, 65.582], [-29.8899, 65.582], [-30.7049, 65.582]]]}, "properties": {"room_id": "B6-500", "building_id": "B6", "floor": 5}}, {"type": "Feature", "geometry": {"type": "Polygon", "coordinates": [[[-23.2749, 74.647], [-23.2749, 73.832], [-24.1049, 73.832], [-24.1049, 74.647], [-24.1049, 74.777], [-25.4899, 74.777], [-25.4899, 68.932], [-20.52, 68.932], [-20.52, 74.777], [-23.2749, 74.777], [-23.2749, 74.647]]]}, "properties": {"room_id": "B6-524", "building_id": "B6", "floor": 5}}, {"type": "Feature", "geometry": {"type": "Polygon", "coordinates": [[[-17.3049, 73.832], [-17.3049, 74.647], [-17.3049, 74.777], [-20.3, 74.777], [-20.3, 68.932], [-16.6949, 68.932], [-16.6949, 73.832], [-17.3049, 73.832]]]}, "properties": {"room_id": "B6-526", "building_id": "B6", "floor": 5}}, {"type": "Feature", "geometry": {"type": "Polygon", "coordinates": [[[-16.4749, 74.647], [-16.4749, 73.8395], [-16.4749, 68.932], [-13.5999, 68.932], [-13.5999, 74.777], [-16.4749, 74.777], [-16.4749, 74.647]]]}, "properties": {"room_id": "B6-528", "building_id": "B6", "floor": 5}}, {"type": "Feature", "geometry": {"type": "Polygon", "coordinates": [[[-10.6049, 73.832], [-10.6049, 74.6545], [-10.6049, 74.777], [-13.3799, 74.777], [-13.3799, 68.932], [-10.2049, 68.932], [-10.2049, 71.432], [-10.2049, 71.527], [-10.2049, 71.5286], [-10.2049, 71.7795], [-10.2049, 73.832], [-10.6049, 73.832]]]}, "properties": {"room_id": "B6-529", "building_id": "B6", "floor": 5}}, {"type": "Feature", "geometry": {"type": "Polygon", "coordinates": [[[-6.4049, 73.192], [-6.4049, 73.182], [-5.4049, 73.182], [-5.4049, 74.767], [-6.3949, 74.767], [-6.3949, 74.367], [-6.5349, 74.367], [-6.5349, 74.767], [-8.1449, 74.767], [-8.1449, 74.367], [-8.2849, 74.367], [-8.2849, 74.767], [-9.7649, 74.767], [-9.7649, 73.822], [-9.9749, 73.822], [-9.9749, 71.842], [-6.5349, 71.842], [-6.5349, 73.192], [-6.4049, 73.192]]]}, "properties": {"room_id": "B6-5.WC2", "building_id": "B6", "floor": 5}}, {"type": "Feature", "geometry": {"type": "Polygon", "coordinates": [[[-2.9649, 73.182], [-1.9149, 73.182], [-1.9149, 73.192], [-1.3049, 73.192], [-1.3049, 72.592], [1.3851, 72.592], [1.3851, 73.302], [1.5251, 73.302], [1.5251, 71.842], [4.3151, 71.842], [4.3151, 74.767], [-2.9649, 74.767], [-2.9649, 73.182]]]}, "properties": {"room_id": "B6-5.WC1", "building_id": "B6", "floor": 5}}, {"type": "Feature", "geometry": {"type": "Polygon", "coordinates": [[[-1.3149, 72.452], [-1.3149, 71.552], [1.3851, 71.552], [1.3851, 72.452], [-1.3149, 72.452]]]}, "properties": {"room_id": "B6-5JC1", "building_id": "B6", "floor": 5}}, {"type": "Feature", "geometry": {"type": "Polygon", "coordinates": [[[-1.9249, 71.412], [-1.9249, 71.422], [-2.9249, 71.422], [-2.9249, 71.412], [-3.1449, 71.412], [-3.1449, 69.232], [-1.4449, 69.232], [-1.4449, 71.412], [-1.9249, 71.412]]]}, "properties": {"room_id": "B6-5.WC3", "building_id": "B6", "floor": 5}}, {"type": "Feature", "geometry": {"type": "Polygon", "coordinates": [[[6.9751, 74.6545], [6.9751, 73.832], [6.3651, 73.832], [6.3651, 71.532], [6.3651, 68.932], [12.1631, 68.932], [12.1631, 74.777], [6.9751, 74.777], [6.9751, 74.6545], [6.9751, 73.832], [6.3651, 73.832], [6.3651, 71.532], [6.3651, 68.932], [12.1631, 68.932], [12.1631, 74.777], [6.9751, 74.777], [6.9751, 74.6545]]]}, "properties": {"room_id": "B6-504", "building_id": "B6", "floor": 5}}, {"type": "Feature", "geometry": {"type": "Polygon", "coordinates": [[[16.1951, 73.832], [16.1951, 74.647], [16.1951, 74.777], [12.3831, 74.777], [12.3831, 68.932], [17.1401, 68.932], [17.1401, 73.832], [17.0101, 73.832], [16.1951, 73.832], [16.1951, 74.647], [16.1951, 74.777], [12.3831, 74.777], [12.3831, 68.932], [17.1401, 68.932], [17.1401, 73.832], [17.0101, 73.832], [16.1951, 73.832]]]}, "properties": {"room_id": "B6-505", "building_id": "B6", "floor": 5}}, {"type": "Feature", "geometry": {"type": "Polygon", "coordinates": [[[-0.8349, 57.607], [-0.8349, 62.182], [-1.5199, 62.182], [-5.1749, 62.182], [-5.1749, 61.932], [-5.1749, 57.607], [-0.8349, 57.607]], [[-3.8049, 61.262], [-2.9749, 61.262], [-2.9749, 60.432], [-3.8049, 60.432], [-3.8049, 61.262]]]}, "properties": {"room_id": "B6-515", "building_id": "B6", "floor": 5}}, {"type": "Feature", "geometry": {"type": "Polygon", "coordinates": [[[-3.8049, 54.562], [-2.9749, 54.562], [-2.9749, 54.257], [-0.8349, 54.257], [-0.8349, 57.387], [-5.1749, 57.387], [-5.1749, 54.257], [-3.8049, 54.257], [-3.8049, 54.562]]]}, "properties": {"room_id": "B6-516", "building_id": "B6", "floor": 5}}, {"type": "Feature", "geometry": {"type": "Polygon", "coordinates": [[[-2.9749, 53.747], [-3.1354, 53.747], [-3.1799, 53.747], [-3.1799, 53.732], [-3.8049, 53.732], [-3.8049, 54.037], [-5.1749, 54.037], [-5.1749, 50.907], [-0.8349, 50.907], [-0.8349, 54.037], [-2.9749, 54.037], [-2.9749, 53.747]]]}, "properties": {"room_id": "B6-517", "building_id": "B6", "floor": 5}}, {"type": "Feature", "geometry": {"type": "Polygon", "coordinates": [[[-3.8049, 47.862], [-2.9749, 47.862], [-2.9749, 47.557], [-0.8349, 47.557], [-0.8349, 50.687], [-5.1749, 50.687], [-5.1749, 47.557], [-3.8049, 47.557], [-3.8049, 47.862]]]}, "properties": {"room_id": "B6-518", "building_id": "B6", "floor": 5}}, {"type": "Feature", "geometry": {"type": "Polygon", "coordinates": [[[-2.9749, 47.337], [-2.9749, 47.032], [-3.8049, 47.032], [-3.8049, 47.337], [-5.1749, 47.337], [-5.1749, 44.207], [-0.8349, 44.207], [-0.8349, 47.337], [-2.9749, 47.337]]]}, "properties": {"room_id": "B6-519", "building_id": "B6", "floor": 5}}, {"type": "Feature", "geometry": {"type": "Polygon", "coordinates": [[[-3.8049, 41.162], [-2.9749, 41.162], [-2.9749, 40.857], [-0.8349, 40.857], [-0.8349, 43.987], [-5.1749, 43.987], [-5.1749, 40.857], [-3.8049, 40.857], [-3.8049, 41.162]]]}, "properties": {"room_id": "B6-520", "building_id": "B6", "floor": 5}}, {"type": "Feature", "geometry": {"type": "Polygon", "coordinates": [[[-2.9749, 40.637], [-2.9749, 40.332], [-3.8049, 40.332], [-3.8049, 40.637], [-5.1749, 40.637], [-5.1749, 37.507], [-0.8349, 37.507], [-0.8349, 40.637], [-2.9749, 40.637]]]}, "properties": {"room_id": "B6-521", "building_id": "B6", "floor": 5}}, {"type": "Feature", "geometry": {"type": "Polygon", "coordinates": [[[-3.8049, 34.362], [-2.9749, 34.362], [-2.9749, 34.157], [-1.5299, 34.157], [-0.8349, 34.157], [-0.8349, 37.287], [-5.1749, 37.287], [-5.1749, 34.157], [-3.8049, 34.157], [-3.8049, 34.362]]]}, "properties": {"room_id": "B6-522", "building_id": "B6", "floor": 5}}, {"type": "Feature", "geometry": {"type": "Polygon", "coordinates": [[[-2.9749, 33.937], [-2.9749, 33.532], [-3.8049, 33.532], [-3.8049, 33.937], [-5.1749, 33.937], [-5.1749, 20.587], [-5.1749, 20.117], [-3.8049, 20.117], [-3.8049, 20.247], [-3.8049, 21.062], [-3.3749, 21.062], [-3.3749, 23.8145], [-3.3749, 23.9186], [-3.3749, 26.947], [-3.7899, 26.947], [-3.7899, 26.9395], [-3.8049, 26.9395], [-3.8049, 26.947], [-3.8049, 27.747], [-3.8049, 27.7545], [-3.7899, 27.7545], [-3.7899, 27.747], [-3.3749, 27.747], [-3.3749, 31.072], [-1.6399, 31.072], [-1.6399, 33.937], [-2.9749, 33.937]]]}, "properties": {"room_id": "B6-5.CR5", "building_id": "B6", "floor": 5}}, {"type": "Feature", "geometry": {"type": "Polygon", "coordinates": [[[16.1951, 33.532], [16.1951, 33.937], [12.7801, 33.937], [12.7801, 30.757], [17.1401, 30.757], [17.1401, 33.532], [17.0101, 33.532], [16.1951, 33.532]]]}, "properties": {"room_id": "B6-512", "building_id": "B6", "floor": 5}}, {"type": "Feature", "geometry": {"type": "Polygon", "coordinates": [[[16.1951, 34.362], [17.0101, 34.362], [17.1401, 34.362], [17.1401, 37.287], [12.7801, 37.287], [12.7801, 34.157], [16.1951, 34.157], [16.1951, 34.362]]]}, "properties": {"room_id": "B6-511", "building_id": "B6", "floor": 5}}, {"type": "Feature", "geometry": {"type": "Polygon", "coordinates": [[[16.1951, 40.332], [16.1951, 40.637], [12.7801, 40.637], [12.7801, 37.507], [17.1401, 37.507], [17.1401, 40.332], [17.0101, 40.332], [16.1951, 40.332]]]}, "properties": {"room_id": "B6-510", "building_id": "B6", "floor": 5}}, {"type": "Feature", "geometry": {"type": "Polygon", "coordinates": [[[16.1951, 41.162], [17.0101, 41.162], [17.1401, 41.162], [17.1401, 43.987], [12.7801, 43.987], [12.7801, 40.857], [16.1951, 40.857], [16.1951, 41.162]]]}, "properties": {"room_id": "B6-509", "building_id": "B6", "floor": 5}}, {"type": "Feature", "geometry": {"type": "Polygon", "coordinates": [[[16.1951, 27.457], [16.1951, 27.762], [17.0101, 27.762], [17.1401, 27.762], [17.1401, 30.537], [12.7801, 30.537], [12.7801, 27.457], [16.1951, 27.457]]]}, "properties": {"room_id": "B6-513", "building_id": "B6", "floor": 5}}, {"type": "Feature", "geometry": {"type": "Polygon", "coordinates": [[[16.1951, 26.932], [16.1951, 27.237], [12.6701, 27.237], [6.9751, 27.237], [6.9751, 26.932], [6.3651, 26.932], [6.3651, 24.7538], [6.3651, 24.7272], [6.3501, 24.6397], [6.3501, 21.062], [6.9751, 21.062], [6.9751, 20.247], [6.9751, 20.117], [16.1951, 20.117], [16.1951, 20.247], [16.1951, 21.062], [17.0101, 21.062], [17.1401, 21.062], [17.1401, 26.932], [17.0101, 26.932], [16.1951, 26.932]]]}, "properties": {"room_id": "B6-514", "building_id": "B6", "floor": 5}}, {"type": "Feature", "geometry": {"type": "Polygon", "coordinates": [[[16.1951, 47.032], [16.1951, 47.337], [12.7801, 47.337], [12.7801, 44.207], [17.1401, 44.207], [17.1401, 47.032], [17.0101, 47.032], [16.1951, 47.032]]]}, "properties": {"room_id": "B6-508", "building_id": "B6", "floor": 5}}, {"type": "Feature", "geometry": {"type": "Polygon", "coordinates": [[[16.1951, 47.862], [17.0101, 47.862], [17.1401, 47.862], [17.1401, 50.687], [12.7801, 50.687], [12.7801, 47.557], [16.1951, 47.557], [16.1951, 47.862]]]}, "properties": {"room_id": "B6-507", "building_id": "B6", "floor": 5}}, {"type": "Feature", "geometry": {"type": "Polygon", "coordinates": [[[16.1951, 53.732], [16.1951, 54.037], [12.7801, 54.037], [12.7801, 50.907], [17.1401, 50.907], [17.1401, 53.732], [17.0101, 53.732], [16.1951, 53.732]]]}, "properties": {"room_id": "B6-506", "building_id": "B6", "floor": 5}}, {"type": "Feature", "geometry": {"type": "Polygon", "coordinates": [[[-3.1549, 21.062], [-2.9749, 21.062], [-2.9749, 20.452], [-2.2202, 20.452], [-1.4152, 20.452], [1.1298, 20.452], [1.9348, 20.452], [1.9449, 20.452], [1.9449, 20.937], [1.9449, 23.417], [1.9449, 23.712], [-3.1549, 23.712], [-3.1549, 21.062]]]}, "properties": {"room_id": "B6-ST-02", "building_id": "B6", "floor": 5}}, {"type": "Feature", "geometry": {"type": "Polygon", "coordinates": [[[-21.085, 62.182], [-5.995, 62.182], [-5.995, 63.202], [-5.3949, 63.202], [-5.3949, 65.882], [-5.9976, 65.882], [-7.6901, 65.882], [-12.39, 65.882], [-14.69, 65.882], [-19.39, 65.882], [-19.6224, 65.882], [-21.0824, 65.882], [-21.6849, 65.882], [-21.6849, 65.832], [-21.6849, 63.202], [-21.085, 63.202], [-21.085, 62.182]]]}, "properties": {"room_id": "B6-ST-01", "building_id": "B6", "floor": 5}}, {"type": "Feature", "geometry": {"type": "Polygon", "coordinates": [[[16.1951, 67.962], [17.0101, 67.962], [17.1401, 67.962], [17.1401, 68.712], [12.2731, 68.712], [6.2551, 68.712], [4.4426, 68.712], [-1.3749, 68.712], [-1.5199, 68.712], [-1.5199, 62.402], [-0.6149, 62.402], [-0.6149, 57.497], [-0.6149, 54.147], [-0.6149, 50.797], [-0.6149, 47.447], [-0.6149, 44.097], [-0.6149, 40.747], [-0.6149, 37.397], [-0.6149, 34.157], [1.8851, 34.157], [6.1451, 34.157], [6.1451, 34.362], [6.9751, 34.362], [6.9751, 34.157], [9.7101, 34.157], [12.5601, 34.157], [12.5601, 37.397], [12.5601, 40.747], [12.5601, 44.097], [12.5601, 47.447], [12.5601, 50.797], [12.5601, 54.257], [16.1951, 54.257], [16.1951, 54.562], [17.0101, 54.562], [17.1401, 54.562], [17.1401, 60.432], [17.0101, 60.432], [16.1951, 60.432], [16.1951, 61.262], [17.0101, 61.262], [17.1401, 61.262], [17.1401, 67.132], [17.0101, 67.132], [16.1951, 67.132], [16.1951, 67.962], [17.0101, 67.962], [17.1401, 67.962], [17.1401, 68.712], [12.2731, 68.712], [6.2551, 68.712], [4.4426, 68.712], [-1.3749, 68.712], [-1.5199, 68.712], [-1.5199, 62.402], [-0.6149, 62.402], [-0.6149, 57.497], [-0.6149, 54.147], [-0.6149, 50.797], [-0.6149, 47.447], [-0.6149, 44.097], [-0.6149, 40.747], [-0.6149, 37.397], [-0.6149, 34.157], [1.8851, 34.157], [6.1451, 34.157], [6.1451, 34.362], [6.9751, 34.362], [6.9751, 34.157], [9.7101, 34.157], [12.5601, 34.157], [12.5601, 37.397], [12.5601, 40.747], [12.5601, 44.097], [12.5601, 47.447], [12.5601, 50.797], [12.5601, 54.257], [16.1951, 54.257], [16.1951, 54.562], [17.0101, 54.562], [17.1401, 54.562], [17.1401, 60.432], [17.0101, 60.432], [16.1951, 60.432], [16.1951, 61.262], [17.0101, 61.262], [17.1401, 61.262], [17.1401, 67.132], [17.0101, 67.132], [16.1951, 67.132], [16.1951, 67.962]], [[6.1451, 41.162], [6.9751, 41.162], [6.9751, 40.332], [6.1451, 40.332], [6.1451, 41.162], [6.9751, 41.162], [6.9751, 40.332], [6.1451, 40.332], [6.1451, 41.162]], [[6.1451, 47.862], [6.9751, 47.862], [6.9751, 47.032], [6.1451, 47.032], [6.1451, 47.862], [6.9751, 47.862], [6.9751, 47.032], [6.1451, 47.032], [6.1451, 47.862]], [[6.1451, 54.562], [6.9751, 54.562], [6.9751, 53.732], [6.1451, 53.732], [6.1451, 54.562], [6.9751, 54.562], [6.9751, 53.732], [6.1451, 53.732], [6.1451, 54.562]], [[6.1451, 61.262], [6.9751, 61.262], [6.9751, 60.432], [6.1451, 60.432], [6.1451, 61.262], [6.9751, 61.262], [6.9751, 60.432], [6.1451, 60.432], [6.1451, 61.262]], [[6.9751, 68.3454], [6.9751, 67.532], [6.1451, 67.532], [6.1451, 68.362], [6.9585, 68.362], [6.9751, 68.362], [6.9751, 68.3454], [6.9751, 67.532], [6.1451, 67.532], [6.1451, 68.362], [6.9585, 68.362], [6.9751, 68.362], [6.9751, 68.3454]]]}, "properties": {"room_id": "B6-503", "building_id": "B6", "floor": 5}}, {"type": "Feature", "geometry": {"type": "Polygon", "coordinates": [[[6.1451, 27.762], [6.9751, 27.762], [6.9751, 27.457], [12.5601, 27.457], [12.5601, 30.647], [12.5601, 34.047], [12.5601, 34.157], [9.7101, 34.157], [9.7101, 33.937], [6.9751, 33.937], [6.9751, 33.532], [6.1451, 33.532], [6.1451, 33.937], [1.8851, 33.937], [1.8851, 34.157], [-0.7249, 34.157], [-0.7249, 33.937], [-1.4199, 33.937], [-1.4199, 31.072], [2.8751, 31.072], [2.8751, 27.347], [2.8751, 24.7522], [3.9751, 24.7522], [3.9751, 24.7472], [5.9751, 24.7472], [5.9751, 24.7522], [6.1451, 24.7522], [6.1451, 26.9395], [6.1451, 27.762]]]}, "properties": {"room_id": "B6-5.LB1", "building_id": "B6", "floor": 5}}, {"type": "Feature", "geometry": {"type": "Polygon", "coordinates": [[[-5.1749, 62.9045], [-5.1749, 62.402], [-5.1733, 62.402], [-1.5199, 62.402], [-1.5199, 68.712], [-2.7799, 68.712], [-2.7799, 68.697], [-3.4255, 68.697], [-5.1244, 68.697], [-5.1749, 68.697], [-5.1749, 68.702], [-5.8899, 68.702], [-5.8899, 68.697], [-6.2399, 68.697], [-6.2399, 68.712], [-7.0899, 68.712], [-7.0899, 68.702], [-8.2899, 68.702], [-8.2899, 68.712], [-9.4899, 68.712], [-9.4899, 68.702], [-10.2049, 68.702], [-10.2049, 68.712], [-13.4899, 68.712], [-16.5849, 68.712], [-20.41, 68.712], [-25.4899, 68.712], [-25.4899, 66.492], [-25.4899, 62.402], [-21.9049, 62.402], [-21.9049, 62.9045], [-21.9049, 63.0642], [-21.9049, 63.202], [-21.9049, 63.3398], [-21.9049, 65.832], [-21.9049, 66.412], [-21.0899, 66.412], [-21.0824, 66.412], [-19.6224, 66.412], [-19.39, 66.412], [-14.69, 66.412], [-12.39, 66.412], [-7.6901, 66.412], [-6.0065, 66.412], [-5.9976, 66.412], [-5.1749, 66.412], [-5.1749, 65.8895], [-5.1749, 65.8804], [-5.1749, 63.202], [-5.1749, 62.9045]], [[-24.1049, 66.412], [-23.2749, 66.412], [-23.2749, 65.882], [-24.1049, 65.882], [-24.1049, 66.412]]]}, "properties": {"room_id": "B6-5.CR1", "building_id": "B6", "floor": 5}}, {"type": "Feature", "geometry": {"type": "Polygon", "coordinates": [[[-3.8049, 73.832], [-3.8049, 74.662], [-3.8049, 74.777], [-4.0899, 74.777], [-5.1749, 74.777], [-5.1749, 74.4295], [-5.1749, 73.062], [-5.553, 73.062], [-6.4049, 73.062], [-6.4049, 71.7795], [-6.4049, 71.7254], [-6.4049, 71.542], [-5.1749, 71.542], [-5.1749, 68.697], [-3.3749, 68.697], [-3.3749, 69.0165], [-3.3749, 69.0695], [-3.3749, 71.542], [-2.9249, 71.542], [-1.9249, 71.542], [-1.4349, 71.542], [-1.4349, 71.7], [-1.4349, 72.304], [-1.4349, 73.062], [-1.9149, 73.062], [-2.8169, 73.062], [-3.0274, 73.062], [-3.3749, 73.062], [-3.3749, 73.832], [-3.8049, 73.832]]]}, "properties": {"room_id": "B6-5.CR2", "building_id": "B6", "floor": 5}}, {"type": "Feature", "geometry": {"type": "Polygon", "coordinates": [[[6.1451, 73.8395], [6.1451, 74.647], [6.1451, 74.777], [4.5451, 74.777], [4.5451, 71.7795], [4.5451, 71.642], [6.1451, 71.642], [6.1451, 73.8395], [6.1451, 71.422], [4.5451, 71.422], [4.5451, 68.932], [6.1451, 68.932], [6.1451, 73.8395]]]}, "properties": {"room_id": "B6-530", "building_id": "B6", "floor": 5}}]}